date,weekday,weekend,rainy,mean_c,O3,PM10,PM25
2017/01/01,Sunday,1.0,0.0,2.5,0.004,64.0,49.0
2017/01/02,Monday,0.0,1.0,5.5,0.017,93.0,64.0
2017/01/03,Tuesday,0.0,0.0,3.0,0.017,76.0,47.0
2017/01/04,Wednesday,0.0,0.0,5.0,0.008,55.0,33.0
2017/01/05,Thursday,0.0,0.0,3.5,0.014,31.0,19.0
2017/01/06,Friday,0.0,0.0,7.0,0.016,22.0,13.0
2017/01/07,Saturday,1.0,0.0,5.5,0.005,48.0,31.0
2017/01/08,Sunday,1.0,1.0,7.5,0.017,28.0,20.0
2017/01/09,Monday,0.0,1.0,0.5,0.032,57.0,41.0
2017/01/10,Tuesday,0.0,0.0,-3.0,0.027000000000000003,30.0,13.0
2017/01/11,Wednesday,0.0,0.0,-3.5,0.019,24.0,10.0
2017/01/12,Thursday,0.0,1.0,-2.5,0.018000000000000002,33.0,14.0
2017/01/13,Friday,0.0,1.0,-5.0,0.026,40.0,11.0
2017/01/14,Saturday,1.0,0.0,-8.0,0.028,47.0,10.0
2017/01/15,Sunday,1.0,0.0,-6.5,0.018000000000000002,27.0,13.0
2017/01/16,Monday,0.0,0.0,-2.5,0.006,58.0,31.0
2017/01/17,Tuesday,0.0,0.0,-2.0,0.003,66.0,43.0
2017/01/18,Wednesday,0.0,1.0,0.0,0.003,94.0,68.0
2017/01/19,Thursday,0.0,0.0,0.0,0.004,105.0,65.0
2017/01/20,Friday,0.0,1.0,-4.5,0.017,53.0,32.0
2017/01/21,Saturday,1.0,1.0,-5.5,0.006999999999999999,54.0,36.0
2017/01/22,Sunday,1.0,1.0,-7.0,0.032,78.0,23.0
2017/01/23,Monday,0.0,0.0,-8.5,0.024,45.0,30.0
2017/01/24,Tuesday,0.0,0.0,-6.5,0.011,43.0,29.0
2017/01/25,Wednesday,0.0,0.0,-4.5,0.006999999999999999,54.0,39.0
2017/01/26,Thursday,0.0,1.0,-2.5,0.01,64.0,45.0
2017/01/27,Friday,1.0,1.0,-1.5,0.03,126.0,17.0
2017/01/28,Saturday,1.0,0.0,-2.0,0.012,36.0,12.0
2017/01/29,Sunday,1.0,1.0,1.0,0.005,24.0,13.0
2017/01/30,Monday,1.0,1.0,-4.5,0.029,49.0,30.0
2017/01/31,Tuesday,0.0,0.0,-5.0,0.006999999999999999,34.0,20.0
2017/02/01,Wednesday,0.0,0.0,-3.5,0.016,39.0,20.0
2017/02/02,Thursday,0.0,0.0,-3.0,0.015,35.0,15.0
2017/02/03,Friday,0.0,0.0,2.5,0.02,64.0,40.0
2017/02/04,Saturday,1.0,0.0,0.0,0.004,94.0,63.0
2017/02/05,Sunday,1.0,1.0,0.0,0.018000000000000002,60.0,46.0
2017/02/06,Monday,0.0,0.0,-0.5,0.032,40.0,24.0
2017/02/07,Tuesday,0.0,0.0,-1.5,0.008,43.0,22.0
2017/02/08,Wednesday,0.0,0.0,-2.0,0.008,61.0,32.0
2017/02/09,Thursday,0.0,0.0,-4.5,0.03,54.0,16.0
2017/02/10,Friday,0.0,0.0,-6.0,0.032,33.0,15.0
2017/02/11,Saturday,1.0,0.0,-4.0,0.028,29.0,14.0
2017/02/12,Sunday,1.0,0.0,-1.5,0.02,31.0,17.0
2017/02/13,Monday,0.0,0.0,0.5,0.006999999999999999,47.0,26.0
2017/02/14,Tuesday,0.0,0.0,1.5,0.013,51.0,29.0
2017/02/15,Wednesday,0.0,0.0,2.0,0.008,66.0,40.0
2017/02/16,Thursday,0.0,1.0,4.0,0.015,69.0,44.0
2017/02/17,Friday,0.0,1.0,2.0,0.029,48.0,18.0
2017/02/18,Saturday,1.0,0.0,-2.0,0.03,32.0,18.0
2017/02/19,Sunday,1.0,1.0,1.5,0.022,42.0,27.0
2017/02/20,Monday,0.0,1.0,0.0,0.034,44.0,26.0
2017/02/21,Tuesday,0.0,0.0,-0.5,0.016,47.0,33.0
2017/02/22,Wednesday,0.0,1.0,1.0,0.008,40.0,29.0
2017/02/23,Thursday,0.0,0.0,-1.0,0.037000000000000005,35.0,24.0
2017/02/24,Friday,0.0,0.0,-1.0,0.028,27.0,18.0
2017/02/25,Saturday,1.0,0.0,2.5,0.021,42.0,33.0
2017/02/26,Sunday,1.0,0.0,4.0,0.023,40.0,28.0
2017/02/27,Monday,0.0,0.0,4.5,0.014,45.0,29.0
2017/02/28,Tuesday,0.0,0.0,5.5,0.017,51.0,31.0
2017/03/01,Wednesday,1.0,1.0,6.5,0.024,57.0,40.0
2017/03/02,Thursday,0.0,1.0,3.0,0.032,31.0,23.0
2017/03/03,Friday,0.0,0.0,3.5,0.022,46.0,27.0
2017/03/04,Saturday,1.0,0.0,6.5,0.014,54.0,33.0
2017/03/05,Sunday,1.0,1.0,5.5,0.024,61.0,47.0
2017/03/06,Monday,0.0,0.0,0.5,0.038,35.0,26.0
2017/03/07,Tuesday,0.0,1.0,-0.5,0.038,33.0,23.0
2017/03/08,Wednesday,0.0,1.0,0.0,0.033,46.0,23.0
2017/03/09,Thursday,0.0,0.0,4.0,0.031,49.0,24.0
2017/03/10,Friday,0.0,0.0,5.5,0.023,48.0,30.0
2017/03/11,Saturday,1.0,0.0,8.5,0.018000000000000002,71.0,41.0
2017/03/12,Sunday,1.0,1.0,9.0,0.026,89.0,74.0
2017/03/13,Monday,0.0,0.0,7.0,0.038,63.0,46.0
2017/03/14,Tuesday,0.0,0.0,6.0,0.033,45.0,27.0
2017/03/15,Wednesday,0.0,0.0,6.5,0.024,46.0,29.0
2017/03/16,Thursday,0.0,0.0,7.0,0.019,71.0,49.0
2017/03/17,Friday,0.0,0.0,8.5,0.022,69.0,61.0
2017/03/18,Saturday,1.0,0.0,11.0,0.03,71.0,48.0
2017/03/19,Sunday,1.0,0.0,11.0,0.028,78.0,55.0
2017/03/20,Monday,0.0,0.0,11.0,0.008,106.0,74.0
2017/03/21,Tuesday,0.0,0.0,8.5,0.03,105.0,70.0
2017/03/22,Wednesday,0.0,0.0,8.0,0.031,60.0,35.0
2017/03/23,Thursday,0.0,0.0,10.0,0.024,82.0,38.0
2017/03/24,Friday,0.0,0.0,9.5,0.019,66.0,34.0
2017/03/25,Saturday,1.0,0.0,9.0,0.024,69.0,39.0
2017/03/26,Sunday,1.0,0.0,8.5,0.035,63.0,39.0
2017/03/27,Monday,0.0,1.0,7.5,0.038,71.0,49.0
2017/03/28,Tuesday,0.0,0.0,8.0,0.021,78.0,47.0
2017/03/29,Wednesday,0.0,0.0,9.5,0.037000000000000005,59.0,36.0
2017/03/30,Thursday,0.0,0.0,10.5,0.024,77.0,41.0
2017/03/31,Friday,0.0,1.0,8.5,0.021,47.0,27.0
2017/04/01,Saturday,1.0,1.0,10.0,0.033,22.0,14.0
2017/04/02,Sunday,1.0,0.0,9.5,0.037000000000000005,50.0,30.0
2017/04/03,Monday,0.0,0.0,11.5,0.032,83.0,50.0
2017/04/04,Tuesday,0.0,0.0,14.5,0.033,78.0,37.0
2017/04/05,Wednesday,0.0,1.0,12.5,0.025,50.0,27.0
2017/04/06,Thursday,0.0,1.0,10.5,0.028,26.0,15.0
2017/04/07,Friday,0.0,0.0,16.5,0.02,44.0,23.0
2017/04/08,Saturday,1.0,1.0,14.5,0.021,60.0,34.0
2017/04/09,Sunday,1.0,1.0,16.0,0.034,37.0,18.0
2017/04/10,Monday,0.0,0.0,16.5,0.044,25.0,12.0
2017/04/11,Tuesday,0.0,0.0,16.0,0.039,61.0,19.0
2017/04/12,Wednesday,0.0,0.0,12.5,0.043,81.0,11.0
2017/04/13,Thursday,0.0,1.0,13.0,0.04,78.0,22.0
2017/04/14,Friday,0.0,1.0,14.0,0.051,64.0,22.0
2017/04/15,Saturday,1.0,0.0,17.5,0.044,70.0,28.0
2017/04/16,Sunday,1.0,0.0,18.5,0.029,70.0,30.0
2017/04/17,Monday,0.0,1.0,14.5,0.021,58.0,24.0
2017/04/18,Tuesday,0.0,1.0,13.0,0.026,43.0,20.0
2017/04/19,Wednesday,0.0,0.0,12.5,0.032,102.0,17.0
2017/04/20,Thursday,0.0,1.0,14.0,0.027000000000000003,99.0,21.0
2017/04/21,Friday,0.0,0.0,13.5,0.025,81.0,22.0
2017/04/22,Saturday,1.0,0.0,16.0,0.032,64.0,21.0
2017/04/23,Sunday,1.0,0.0,15.5,0.046,58.0,22.0
2017/04/24,Monday,0.0,0.0,14.5,0.036000000000000004,53.0,20.0
2017/04/25,Tuesday,0.0,0.0,16.5,0.041,67.0,46.0
2017/04/26,Wednesday,0.0,0.0,15.5,0.042,49.0,15.0
2017/04/27,Thursday,0.0,0.0,14.0,0.04,52.0,14.0
2017/04/28,Friday,0.0,0.0,15.5,0.045,75.0,23.0
2017/04/29,Saturday,1.0,0.0,17.0,0.037000000000000005,70.0,25.0
2017/04/30,Sunday,1.0,0.0,21.0,0.07400000000000001,103.0,50.0
2017/05/01,Monday,0.0,0.0,20.5,0.056,95.0,46.0
2017/05/02,Tuesday,0.0,0.0,21.5,0.041,106.0,46.0
2017/05/03,Wednesday,1.0,0.0,22.5,0.049,86.0,35.0
2017/05/04,Thursday,0.0,0.0,21.5,0.032,73.0,33.0
2017/05/05,Friday,1.0,0.0,21.5,0.038,65.0,26.0
2017/05/06,Saturday,1.0,0.0,14.5,0.046,243.0,24.0
2017/05/07,Sunday,1.0,0.0,17.0,0.045,112.0,16.0
2017/05/08,Monday,0.0,0.0,17.5,0.042,194.0,42.0
2017/05/09,Tuesday,1.0,1.0,19.0,0.022,136.0,33.0
2017/05/10,Wednesday,0.0,1.0,17.5,0.029,42.0,19.0
2017/05/11,Thursday,0.0,1.0,19.0,0.028,75.0,35.0
2017/05/12,Friday,0.0,0.0,19.0,0.029,78.0,46.0
2017/05/13,Saturday,1.0,1.0,17.5,0.038,59.0,28.0
2017/05/14,Sunday,1.0,0.0,16.0,0.043,70.0,17.0
2017/05/15,Monday,0.0,1.0,16.0,0.033,51.0,13.0
2017/05/16,Tuesday,0.0,0.0,17.5,0.032,39.0,17.0
2017/05/17,Wednesday,0.0,0.0,19.0,0.031,44.0,19.0
2017/05/18,Thursday,0.0,0.0,20.5,0.047,55.0,28.0
2017/05/19,Friday,0.0,0.0,21.5,0.042,57.0,27.0
2017/05/20,Saturday,1.0,0.0,21.0,0.035,48.0,23.0
2017/05/21,Sunday,1.0,0.0,22.0,0.04,33.0,19.0
2017/05/22,Monday,0.0,0.0,22.0,0.032,51.0,30.0
2017/05/23,Tuesday,0.0,1.0,20.5,0.02,41.0,22.0
2017/05/24,Wednesday,0.0,1.0,22.5,0.022,29.0,15.0
2017/05/25,Thursday,0.0,0.0,19.0,0.037000000000000005,45.0,15.0
2017/05/26,Friday,0.0,0.0,17.5,0.037000000000000005,29.0,7.0
2017/05/27,Saturday,1.0,0.0,20.0,0.037000000000000005,40.0,14.0
2017/05/28,Sunday,1.0,0.0,21.0,0.05,53.0,22.0
2017/05/29,Monday,0.0,0.0,23.5,0.057,79.0,33.0
2017/05/30,Tuesday,0.0,0.0,24.5,0.044,56.0,22.0
2017/05/31,Wednesday,0.0,0.0,24.0,0.027000000000000003,45.0,20.0
2017/06/01,Thursday,0.0,0.0,23.5,0.038,46.0,18.0
2017/06/02,Friday,0.0,1.0,21.0,0.038,33.0,9.0
2017/06/03,Saturday,1.0,0.0,21.5,0.04,35.0,12.0
2017/06/04,Sunday,1.0,0.0,21.5,0.036000000000000004,34.0,14.0
2017/06/05,Monday,0.0,1.0,23.0,0.047,29.0,14.0
2017/06/06,Tuesday,1.0,1.0,19.5,0.045,20.0,10.0
2017/06/07,Wednesday,0.0,1.0,17.0,0.024,17.0,9.0
2017/06/08,Thursday,0.0,0.0,20.5,0.055,44.0,27.0
2017/06/09,Friday,0.0,1.0,22.0,0.057,61.0,34.0
2017/06/10,Saturday,1.0,1.0,22.5,0.043,52.0,22.0
2017/06/11,Sunday,1.0,0.0,22.5,0.036000000000000004,31.0,11.0
2017/06/12,Monday,0.0,0.0,22.5,0.049,33.0,11.0
2017/06/13,Tuesday,0.0,1.0,22.0,0.03,40.0,16.0
2017/06/14,Wednesday,0.0,0.0,22.5,0.04,51.0,20.0
2017/06/15,Thursday,0.0,0.0,24.0,0.048,56.0,23.0
2017/06/16,Friday,0.0,0.0,26.5,0.064,75.0,28.0
2017/06/17,Saturday,1.0,0.0,25.5,0.064,56.0,24.0
2017/06/18,Sunday,1.0,0.0,25.5,0.045,50.0,24.0
2017/06/19,Monday,0.0,0.0,25.0,0.034,57.0,25.0
2017/06/20,Tuesday,0.0,1.0,26.5,0.044,63.0,22.0
2017/06/21,Wednesday,0.0,1.0,27.0,0.04,65.0,23.0
2017/06/22,Thursday,0.0,0.0,25.5,0.042,43.0,24.0
2017/06/23,Friday,0.0,0.0,27.5,0.041,51.0,23.0
2017/06/24,Saturday,1.0,1.0,25.0,0.017,49.0,22.0
2017/06/25,Sunday,1.0,1.0,24.5,0.032,36.0,18.0
2017/06/26,Monday,0.0,1.0,25.0,0.037000000000000005,27.0,13.0
2017/06/27,Tuesday,0.0,1.0,26.0,0.04,33.0,17.0
2017/06/28,Wednesday,0.0,0.0,27.0,0.041,51.0,26.0
2017/06/29,Thursday,0.0,0.0,27.0,0.041,50.0,31.0
2017/06/30,Friday,0.0,0.0,26.5,0.04,50.0,34.0
2017/07/01,Saturday,1.0,1.0,26.5,0.031,36.0,26.0
2017/07/02,Sunday,1.0,1.0,24.5,0.016,19.0,11.0
2017/07/03,Monday,0.0,1.0,24.5,0.027000000000000003,19.0,13.0
2017/07/04,Tuesday,0.0,1.0,28.0,0.033,27.0,21.0
2017/07/05,Wednesday,0.0,0.0,28.0,0.043,35.0,24.0
2017/07/06,Thursday,0.0,1.0,29.5,0.038,41.0,28.0
2017/07/07,Friday,0.0,1.0,26.0,0.016,18.0,10.0
2017/07/08,Saturday,1.0,1.0,26.5,0.018000000000000002,22.0,13.0
2017/07/09,Sunday,1.0,1.0,27.0,0.018000000000000002,23.0,13.0
2017/07/10,Monday,0.0,1.0,24.0,0.012,15.0,7.0
2017/07/11,Tuesday,0.0,1.0,26.5,0.035,33.0,21.0
2017/07/12,Wednesday,0.0,1.0,28.0,0.039,43.0,27.0
2017/07/13,Thursday,0.0,0.0,27.5,0.037000000000000005,48.0,31.0
2017/07/14,Friday,0.0,1.0,29.5,0.034,42.0,28.0
2017/07/15,Saturday,1.0,1.0,25.0,0.02,17.0,11.0
2017/07/16,Sunday,1.0,1.0,26.0,0.019,15.0,9.0
2017/07/17,Monday,1.0,1.0,26.5,0.018000000000000002,21.0,12.0
2017/07/18,Tuesday,0.0,1.0,27.5,0.022,24.0,19.0
2017/07/19,Wednesday,0.0,0.0,29.5,0.043,34.0,24.0
2017/07/20,Thursday,0.0,0.0,30.5,0.043,48.0,34.0
2017/07/21,Friday,0.0,0.0,29.5,0.052000000000000005,54.0,40.0
2017/07/22,Saturday,1.0,1.0,30.5,0.038,48.0,39.0
2017/07/23,Sunday,1.0,1.0,27.0,0.029,37.0,29.0
2017/07/24,Monday,0.0,1.0,26.5,0.014,31.0,21.0
2017/07/25,Tuesday,0.0,0.0,30.0,0.024,21.0,13.0
2017/07/26,Wednesday,0.0,0.0,28.5,0.04,15.0,9.0
2017/07/27,Thursday,0.0,1.0,27.5,0.03,25.0,14.0
2017/07/28,Friday,0.0,1.0,26.0,0.013,19.0,14.0
2017/07/29,Saturday,1.0,1.0,27.5,0.026,14.0,7.0
2017/07/30,Sunday,1.0,0.0,29.0,0.038,19.0,15.0
2017/07/31,Monday,0.0,1.0,26.0,0.011,18.0,12.0
2017/08/01,Tuesday,0.0,1.0,28.5,0.022,20.0,11.0
2017/08/02,Wednesday,0.0,0.0,30.0,0.026,32.0,20.0
2017/08/03,Thursday,0.0,0.0,30.5,0.035,21.0,12.0
2017/08/04,Friday,0.0,0.0,30.5,0.043,25.0,17.0
2017/08/05,Saturday,1.0,0.0,31.5,0.035,29.0,19.0
2017/08/06,Sunday,1.0,1.0,31.0,0.023,24.0,17.0
2017/08/07,Monday,0.0,0.0,30.0,0.044,30.0,21.0
2017/08/08,Tuesday,0.0,0.0,28.5,0.052000000000000005,37.0,25.0
2017/08/09,Wednesday,0.0,1.0,28.5,0.032,30.0,14.0
2017/08/10,Thursday,0.0,1.0,25.0,0.027000000000000003,8.0,5.0
2017/08/11,Friday,0.0,1.0,28.0,0.018000000000000002,11.0,5.0
2017/08/12,Saturday,1.0,0.0,28.0,0.022,9.0,4.0
2017/08/13,Sunday,1.0,1.0,26.0,0.021,8.0,5.0
2017/08/14,Monday,0.0,1.0,25.0,0.011,8.0,4.0
2017/08/15,Tuesday,1.0,1.0,22.5,0.011,6.0,3.0
2017/08/16,Wednesday,0.0,1.0,24.0,0.011,7.0,4.0
2017/08/17,Thursday,0.0,1.0,24.5,0.013,11.0,5.0
2017/08/18,Friday,0.0,1.0,27.5,0.014,25.0,15.0
2017/08/19,Saturday,1.0,1.0,26.0,0.021,22.0,11.0
2017/08/20,Sunday,1.0,1.0,24.0,0.025,9.0,5.0
2017/08/21,Monday,0.0,1.0,26.5,0.017,12.0,6.0
2017/08/22,Tuesday,0.0,0.0,27.5,0.023,18.0,10.0
2017/08/23,Wednesday,0.0,1.0,27.5,0.006999999999999999,17.0,8.0
2017/08/24,Thursday,0.0,1.0,26.0,0.016,18.0,7.0
2017/08/25,Friday,0.0,0.0,26.5,0.022,22.0,10.0
2017/08/26,Saturday,1.0,0.0,24.0,0.023,24.0,10.0
2017/08/27,Sunday,1.0,1.0,23.0,0.016,23.0,12.0
2017/08/28,Monday,0.0,1.0,22.5,0.016,28.0,15.0
2017/08/29,Tuesday,0.0,0.0,20.5,0.022,14.0,8.0
2017/08/30,Wednesday,0.0,0.0,20.0,0.014,26.0,9.0
2017/08/31,Thursday,0.0,0.0,22.5,0.027000000000000003,33.0,18.0
2017/09/01,Friday,0.0,0.0,23.5,0.026,20.0,10.0
2017/09/02,Saturday,1.0,0.0,24.5,0.023,24.0,13.0
2017/09/03,Sunday,1.0,0.0,24.0,0.031,26.0,17.0
2017/09/04,Monday,0.0,0.0,25.0,0.021,27.0,14.0
2017/09/05,Tuesday,0.0,1.0,22.0,0.009000000000000001,25.0,13.0
2017/09/06,Wednesday,0.0,1.0,21.5,0.006999999999999999,26.0,16.0
2017/09/07,Thursday,0.0,0.0,23.0,0.023,34.0,22.0
2017/09/08,Friday,0.0,0.0,25.0,0.025,41.0,25.0
2017/09/09,Saturday,1.0,0.0,23.5,0.027000000000000003,53.0,34.0
2017/09/10,Sunday,1.0,1.0,23.0,0.019,47.0,30.0
2017/09/11,Monday,0.0,1.0,22.0,0.027000000000000003,19.0,13.0
2017/09/12,Tuesday,0.0,0.0,23.0,0.023,25.0,11.0
2017/09/13,Wednesday,0.0,0.0,22.0,0.02,26.0,8.0
2017/09/14,Thursday,0.0,0.0,22.5,0.024,27.0,13.0
2017/09/15,Friday,0.0,0.0,23.0,0.03,16.0,8.0
2017/09/16,Saturday,1.0,0.0,22.5,0.025,10.0,5.0
2017/09/17,Sunday,1.0,0.0,24.0,0.028,8.0,4.0
2017/09/18,Monday,0.0,0.0,22.0,0.023,20.0,10.0
2017/09/19,Tuesday,0.0,1.0,23.0,0.04,59.0,39.0
2017/09/20,Wednesday,0.0,0.0,19.5,0.027000000000000003,21.0,9.0
2017/09/21,Thursday,0.0,0.0,20.5,0.026,26.0,14.0
2017/09/22,Friday,0.0,0.0,21.0,0.033,28.0,18.0
2017/09/23,Saturday,1.0,1.0,22.5,0.03,53.0,25.0
2017/09/24,Sunday,1.0,1.0,23.5,0.035,57.0,35.0
2017/09/25,Monday,0.0,0.0,23.5,0.025,44.0,24.0
2017/09/26,Tuesday,0.0,1.0,25.0,0.026,43.0,23.0
2017/09/27,Wednesday,0.0,1.0,23.5,0.018000000000000002,34.0,18.0
2017/09/28,Thursday,0.0,0.0,19.5,0.03,22.0,7.0
2017/09/29,Friday,0.0,0.0,17.5,0.025,23.0,8.0
2017/09/30,Saturday,1.0,0.0,20.5,0.027000000000000003,33.0,16.0
2017/10/01,Sunday,1.0,1.0,18.5,0.013,29.0,17.0
2017/10/02,Monday,1.0,1.0,22.5,0.029,15.0,9.0
2017/10/03,Tuesday,1.0,0.0,18.5,0.025,33.0,11.0
2017/10/03,Tuesday,1.0,0.0,18.5,0.025,33.0,11.0
2017/10/04,Wednesday,1.0,0.0,17.5,0.028,20.0,8.0
2017/10/05,Thursday,1.0,0.0,18.5,0.023,15.0,7.0
2017/10/06,Friday,1.0,1.0,19.5,0.026,10.0,6.0
2017/10/07,Saturday,1.0,1.0,23.0,0.021,9.0,5.0
2017/10/08,Sunday,1.0,0.0,24.0,0.023,18.0,12.0
2017/10/09,Monday,1.0,1.0,24.0,0.025,25.0,17.0
2017/10/10,Tuesday,0.0,1.0,22.0,0.011,27.0,16.0
2017/10/11,Wednesday,0.0,1.0,17.0,0.021,9.0,6.0
2017/10/12,Thursday,0.0,0.0,11.5,0.011,19.0,9.0
2017/10/13,Friday,0.0,0.0,12.5,0.012,25.0,13.0
2017/10/14,Saturday,1.0,0.0,15.0,0.019,21.0,10.0
2017/10/15,Sunday,1.0,0.0,16.0,0.021,21.0,11.0
2017/10/16,Monday,0.0,0.0,18.0,0.016,27.0,14.0
2017/10/17,Tuesday,0.0,0.0,16.5,0.014,36.0,18.0
2017/10/18,Wednesday,0.0,1.0,16.5,0.018000000000000002,22.0,12.0
2017/10/19,Thursday,0.0,0.0,17.5,0.02,16.0,8.0
2017/10/20,Friday,0.0,0.0,17.5,0.012,26.0,12.0
2017/10/21,Saturday,1.0,0.0,18.0,0.013,35.0,17.0
2017/10/22,Sunday,1.0,0.0,17.5,0.027000000000000003,20.0,10.0
2017/10/23,Monday,0.0,0.0,15.0,0.025,26.0,9.0
2017/10/24,Tuesday,0.0,0.0,15.5,0.012,31.0,13.0
2017/10/25,Wednesday,0.0,0.0,15.5,0.014,39.0,20.0
2017/10/26,Thursday,0.0,0.0,14.5,0.009000000000000001,47.0,25.0
2017/10/27,Friday,0.0,0.0,18.0,0.017,54.0,29.0
2017/10/28,Saturday,1.0,0.0,18.0,0.016,44.0,24.0
2017/10/29,Sunday,1.0,0.0,11.5,0.02,62.0,21.0
2017/10/30,Monday,0.0,0.0,8.0,0.022,36.0,14.0
2017/10/31,Tuesday,0.0,0.0,10.0,0.011,35.0,16.0
2017/11/01,Wednesday,0.0,0.0,15.0,0.019,35.0,19.0
2017/11/02,Thursday,0.0,1.0,16.0,0.023,42.0,25.0
2017/11/03,Friday,0.0,1.0,11.5,0.027000000000000003,33.0,23.0
2017/11/04,Saturday,1.0,0.0,9.5,0.024,46.0,36.0
2017/11/05,Sunday,1.0,0.0,9.0,0.012,42.0,30.0
2017/11/06,Monday,0.0,0.0,12.5,0.01,30.0,19.0
2017/11/07,Tuesday,0.0,1.0,13.5,0.006999999999999999,39.0,22.0
2017/11/08,Wednesday,0.0,1.0,12.0,0.031,56.0,26.0
2017/11/09,Thursday,0.0,0.0,10.5,0.01,50.0,24.0
2017/11/10,Friday,0.0,1.0,10.5,0.015,44.0,20.0
2017/11/11,Saturday,1.0,0.0,7.0,0.018000000000000002,74.0,14.0
2017/11/12,Sunday,1.0,0.0,5.5,0.009000000000000001,32.0,18.0
2017/11/13,Monday,0.0,1.0,7.5,0.005,37.0,22.0
2017/11/14,Tuesday,0.0,0.0,7.0,0.019,39.0,14.0
2017/11/15,Wednesday,0.0,0.0,3.0,0.021,25.0,12.0
2017/11/16,Thursday,0.0,0.0,1.5,0.014,29.0,17.0
2017/11/17,Friday,0.0,1.0,2.0,0.004,51.0,29.0
2017/11/18,Saturday,1.0,0.0,-1.0,0.024,42.0,26.0
2017/11/19,Sunday,1.0,0.0,-1.5,0.021,27.0,13.0
2017/11/20,Monday,0.0,1.0,0.0,0.01,41.0,23.0
2017/11/21,Tuesday,0.0,0.0,2.0,0.005,58.0,35.0
2017/11/22,Wednesday,0.0,1.0,6.0,0.012,70.0,34.0
2017/11/23,Thursday,0.0,1.0,1.0,0.016,28.0,13.0
2017/11/24,Friday,0.0,1.0,0.0,0.012,22.0,14.0
2017/11/25,Saturday,1.0,1.0,2.0,0.006,25.0,17.0
2017/11/26,Sunday,1.0,0.0,4.0,0.012,29.0,19.0
2017/11/27,Monday,0.0,0.0,3.5,0.005,49.0,30.0
2017/11/28,Tuesday,0.0,1.0,6.0,0.004,68.0,46.0
2017/11/29,Wednesday,0.0,1.0,3.0,0.011,64.0,25.0
2017/11/30,Thursday,0.0,0.0,-1.0,0.026,25.0,10.0
2017/12/01,Friday,0.0,1.0,-2.5,0.013,25.0,13.0
2017/12/02,Saturday,1.0,0.0,1.5,0.006,43.0,26.0
2017/12/03,Sunday,1.0,1.0,5.5,0.006,43.0,29.0
2017/12/04,Monday,0.0,1.0,-0.5,0.018000000000000002,41.0,22.0
2017/12/05,Tuesday,0.0,1.0,-4.0,0.019,22.0,13.0
2017/12/06,Wednesday,0.0,1.0,0.5,0.009000000000000001,28.0,21.0
2017/12/07,Thursday,0.0,0.0,0.5,0.01,36.0,26.0
2017/12/08,Friday,0.0,0.0,-4.0,0.016,31.0,24.0
2017/12/09,Saturday,1.0,0.0,-0.5,0.005,40.0,25.0
2017/12/10,Sunday,1.0,1.0,2.0,0.012,34.0,23.0
2017/12/11,Monday,0.0,0.0,-7.0,0.019,52.0,11.0
2017/12/12,Tuesday,0.0,0.0,-8.5,0.016,33.0,18.0
2017/12/13,Wednesday,0.0,0.0,-8.0,0.01,41.0,23.0
2017/12/14,Thursday,0.0,0.0,-6.5,0.004,54.0,36.0
2017/12/15,Friday,0.0,1.0,-3.5,0.003,76.0,55.0
2017/12/16,Saturday,1.0,0.0,-5.5,0.015,54.0,43.0
2017/12/17,Sunday,1.0,0.0,-6.5,0.023,39.0,14.0
2017/12/18,Monday,0.0,1.0,-1.5,0.004,51.0,35.0
2017/12/19,Tuesday,0.0,0.0,-4.0,0.015,47.0,19.0
2017/12/20,Wednesday,0.0,1.0,-4.5,0.005,43.0,29.0
2017/12/21,Thursday,0.0,0.0,-0.5,0.005,46.0,35.0
2017/12/22,Friday,0.0,0.0,2.5,0.004,56.0,45.0
2017/12/23,Saturday,1.0,0.0,7.0,0.011,90.0,65.0
2017/12/24,Sunday,1.0,1.0,2.5,0.012,66.0,54.0
2017/12/25,Monday,1.0,0.0,-2.0,0.023,36.0,16.0
2017/12/26,Tuesday,0.0,0.0,-4.5,0.018000000000000002,34.0,15.0
2017/12/27,Wednesday,0.0,0.0,-6.5,0.016,31.0,14.0
2017/12/28,Thursday,0.0,1.0,-3.0,0.004,61.0,30.0
2017/12/29,Friday,0.0,1.0,3.0,0.006,102.0,61.0
2017/12/30,Saturday,1.0,1.0,2.0,0.006,134.0,88.0
2017/12/31,Sunday,1.0,1.0,0.0,0.024,71.0,34.0
2018/01/01,Monday,1.0,0.0,-0.5,0.013,52.0,23.0
2018/01/02,Tuesday,0.0,0.0,-1.0,0.011,53.0,27.0
2018/01/03,Wednesday,0.0,0.0,-3.5,0.016,40.0,20.0
2018/01/04,Thursday,0.0,0.0,-5.0,0.013,57.0,26.0
2018/01/05,Friday,0.0,0.0,-2.0,0.008,65.0,36.0
2018/01/06,Saturday,1.0,0.0,-2.0,0.009000000000000001,60.0,29.0
2018/01/07,Sunday,1.0,0.0,-1.5,0.005,57.0,31.0
2018/01/08,Monday,0.0,1.0,1.5,0.006999999999999999,54.0,36.0
2018/01/09,Tuesday,0.0,1.0,-3.5,0.026,48.0,21.0
2018/01/10,Wednesday,0.0,1.0,-7.5,0.022,36.0,11.0
2018/01/11,Thursday,0.0,0.0,-10.5,0.021,35.0,19.0
2018/01/12,Friday,0.0,1.0,-10.0,0.017,25.0,14.0
2018/01/13,Saturday,1.0,1.0,-4.0,0.004,48.0,25.0
2018/01/14,Sunday,1.0,0.0,0.5,0.013,65.0,37.0
2018/01/15,Monday,0.0,1.0,5.0,0.011,62.0,44.0
2018/01/16,Tuesday,0.0,1.0,3.5,0.004,104.0,72.0
2018/01/17,Wednesday,0.0,0.0,5.5,0.006,123.0,89.0
2018/01/18,Thursday,0.0,1.0,2.5,0.015,99.0,57.0
2018/01/19,Friday,0.0,0.0,1.5,0.017,76.0,29.0
2018/01/20,Saturday,1.0,0.0,3.0,0.014,120.0,64.0
2018/01/21,Sunday,1.0,0.0,1.0,0.015,84.0,38.0
2018/01/22,Monday,0.0,1.0,-0.5,0.005,63.0,29.0
2018/01/23,Tuesday,0.0,0.0,-10.0,0.029,26.0,11.0
2018/01/24,Wednesday,0.0,0.0,-13.5,0.028,33.0,9.0
2018/01/25,Thursday,0.0,0.0,-13.0,0.027000000000000003,25.0,11.0
2018/01/26,Friday,0.0,0.0,-14.5,0.024,34.0,19.0
2018/01/27,Saturday,1.0,0.0,-10.0,0.009000000000000001,48.0,26.0
2018/01/28,Sunday,1.0,0.0,-5.0,0.02,36.0,20.0
2018/01/29,Monday,0.0,0.0,-8.5,0.027000000000000003,51.0,16.0
2018/01/30,Tuesday,0.0,1.0,-6.0,0.009000000000000001,46.0,22.0
2018/01/31,Wednesday,0.0,1.0,-2.5,0.006999999999999999,45.0,21.0
2018/02/01,Thursday,0.0,0.0,-4.0,0.011,44.0,24.0
2018/02/02,Friday,0.0,0.0,-2.0,0.006999999999999999,59.0,32.0
2018/02/03,Saturday,1.0,1.0,-6.0,0.025,40.0,20.0
2018/02/04,Sunday,1.0,0.0,-9.0,0.031,34.0,22.0
2018/02/05,Monday,0.0,0.0,-8.5,0.028,27.0,14.0
2018/02/06,Tuesday,0.0,0.0,-9.5,0.028,32.0,19.0
2018/02/07,Wednesday,0.0,0.0,-7.5,0.011,46.0,26.0
2018/02/08,Thursday,0.0,0.0,-4.0,0.006,58.0,35.0
2018/02/09,Friday,0.0,0.0,0.5,0.006999999999999999,68.0,43.0
2018/02/10,Saturday,1.0,0.0,-2.0,0.02,80.0,42.0
2018/02/11,Sunday,1.0,1.0,-6.0,0.031,61.0,15.0
2018/02/12,Monday,0.0,1.0,-6.0,0.028,57.0,15.0
2018/02/13,Tuesday,0.0,0.0,-1.5,0.016,47.0,12.0
2018/02/14,Wednesday,0.0,0.0,4.0,0.028,73.0,28.0
2018/02/15,Thursday,1.0,0.0,0.0,0.031,43.0,15.0
2018/02/16,Friday,1.0,0.0,-0.5,0.008,52.0,24.0
2018/02/17,Saturday,1.0,0.0,-3.0,,,
2018/02/18,Sunday,1.0,0.0,0.0,0.022,42.0,17.0
2018/02/19,Monday,0.0,0.0,2.5,0.01,65.0,37.0
2018/02/20,Tuesday,0.0,0.0,2.0,0.019,71.0,42.0
2018/02/21,Wednesday,0.0,0.0,-0.5,0.027000000000000003,43.0,19.0
2018/02/22,Thursday,0.0,1.0,0.5,0.022,53.0,28.0
2018/02/23,Friday,0.0,1.0,4.5,0.022,92.0,62.0
2018/02/24,Saturday,1.0,0.0,3.0,0.024,84.0,53.0
2018/02/25,Sunday,1.0,0.0,3.0,0.016,51.0,31.0
2018/02/26,Monday,0.0,0.0,3.5,0.009000000000000001,70.0,44.0
2018/02/27,Tuesday,0.0,0.0,4.0,0.003,104.0,65.0
2018/02/28,Wednesday,0.0,1.0,5.0,0.013,62.0,36.0
2018/03/01,Thursday,1.0,1.0,-0.5,0.036000000000000004,44.0,31.0
2018/03/02,Friday,0.0,0.0,-1.0,0.02,76.0,31.0
2018/03/03,Saturday,1.0,1.0,8.0,0.016,66.0,26.0
2018/03/04,Sunday,1.0,1.0,10.0,0.013,25.0,17.0
2018/03/05,Monday,0.0,1.0,6.0,0.036000000000000004,9.0,5.0
2018/03/06,Tuesday,0.0,0.0,5.0,0.019,35.0,17.0
2018/03/07,Wednesday,0.0,1.0,6.5,0.031,28.0,14.0
2018/03/08,Thursday,0.0,1.0,6.5,0.027000000000000003,32.0,24.0
2018/03/09,Friday,0.0,0.0,5.5,0.018000000000000002,48.0,33.0
2018/03/10,Saturday,1.0,0.0,5.5,0.021,50.0,31.0
2018/03/11,Sunday,1.0,0.0,7.5,0.032,53.0,30.0
2018/03/12,Monday,0.0,0.0,9.0,0.019,103.0,58.0
2018/03/13,Tuesday,0.0,0.0,12.0,0.023,42.0,22.0
2018/03/14,Wednesday,0.0,0.0,18.0,0.03,25.0,11.0
2018/03/15,Thursday,0.0,1.0,12.5,0.012,26.0,17.0
2018/03/16,Friday,0.0,0.0,8.0,0.037000000000000005,14.0,6.0
2018/03/17,Saturday,1.0,0.0,7.5,0.019,33.0,17.0
2018/03/18,Sunday,1.0,1.0,9.0,0.011,54.0,37.0
2018/03/19,Monday,0.0,1.0,8.0,0.033,22.0,13.0
2018/03/20,Tuesday,0.0,0.0,5.5,0.044,23.0,9.0
2018/03/21,Wednesday,0.0,1.0,3.0,,,
2018/03/22,Thursday,0.0,0.0,6.5,,,
2018/03/23,Friday,0.0,0.0,7.5,,,
2018/03/24,Saturday,1.0,0.0,8.5,,,
2018/03/25,Sunday,1.0,0.0,11.0,,,
2018/03/26,Monday,0.0,0.0,11.5,,,
2018/03/27,Tuesday,0.0,0.0,14.0,,,
2018/03/28,Wednesday,0.0,0.0,14.0,,,
2018/03/29,Thursday,0.0,0.0,16.5,,,
2018/03/30,Friday,0.0,0.0,16.0,,,
2018/03/31,Saturday,1.0,0.0,14.5,,,
2018/04/01,Sunday,1.0,0.0,15.5,,,
2018/04/02,Monday,0.0,0.0,19.5,,,
2018/04/03,Tuesday,0.0,1.0,18.0,,,
2018/04/04,Wednesday,0.0,1.0,14.0,,,
2018/04/05,Thursday,0.0,1.0,8.5,,,
2018/04/06,Friday,0.0,1.0,6.0,,,
2018/04/07,Saturday,1.0,1.0,5.0,,,
2018/04/08,Sunday,1.0,1.0,4.5,,,
2018/04/09,Monday,0.0,0.0,7.5,0.02,31.0,18.0
2018/04/10,Tuesday,0.0,1.0,14.5,0.03,58.0,20.0
2018/04/11,Wednesday,0.0,0.0,13.0,0.037000000000000005,77.0,27.0
2018/04/12,Thursday,0.0,0.0,13.5,0.028,52.0,15.0
2018/04/13,Friday,0.0,0.0,13.5,0.028,42.0,16.0
2018/04/14,Saturday,1.0,1.0,11.5,0.035,22.0,10.0
2018/04/15,Sunday,1.0,0.0,10.0,0.034,96.0,22.0
2018/04/16,Monday,0.0,0.0,12.0,0.025,43.0,23.0
2018/04/17,Tuesday,0.0,0.0,13.5,0.027000000000000003,74.0,31.0
2018/04/18,Wednesday,0.0,0.0,12.5,0.014,72.0,36.0
2018/04/19,Thursday,0.0,0.0,14.0,0.04,57.0,25.0
2018/04/20,Friday,0.0,0.0,18.5,,,
2018/04/21,Saturday,1.0,0.0,19.0,0.028,85.0,45.0
2018/04/22,Sunday,1.0,1.0,16.0,0.026,44.0,23.0
2018/04/23,Monday,0.0,1.0,9.5,0.04,10.0,7.0
2018/04/24,Tuesday,0.0,1.0,12.5,0.043,10.0,4.0
2018/04/25,Wednesday,0.0,0.0,14.5,0.026,41.0,28.0
2018/04/26,Thursday,0.0,0.0,16.0,0.005,55.0,36.0
2018/04/27,Friday,0.0,0.0,16.5,0.058,63.0,44.0
2018/04/28,Saturday,1.0,0.0,16.5,0.031,43.0,24.0
2018/04/29,Sunday,1.0,0.0,16.0,,,
2018/04/30,Monday,0.0,0.0,19.5,0.04,69.0,48.0
2018/05/01,Tuesday,0.0,1.0,20.5,0.038,57.0,44.0
2018/05/02,Wednesday,0.0,1.0,14.5,0.017,45.0,34.0
2018/05/03,Thursday,0.0,1.0,11.0,0.034,31.0,14.0
2018/05/04,Friday,0.0,0.0,14.5,0.046,50.0,20.0
2018/05/05,Saturday,1.0,0.0,18.5,0.052000000000000005,46.0,23.0
2018/05/06,Sunday,1.0,1.0,18.0,0.044,15.0,10.0
2018/05/07,Monday,1.0,0.0,20.0,0.03,33.0,17.0
2018/05/08,Tuesday,0.0,0.0,17.5,0.047,21.0,9.0
2018/05/09,Wednesday,0.0,0.0,15.5,0.045,24.0,11.0
2018/05/10,Thursday,0.0,0.0,16.0,0.032,44.0,22.0
2018/05/11,Friday,0.0,0.0,16.5,0.043,57.0,32.0
2018/05/12,Saturday,1.0,1.0,14.0,0.019,29.0,18.0
2018/05/13,Sunday,1.0,1.0,16.5,0.031,23.0,15.0
2018/05/14,Monday,0.0,0.0,18.5,0.031,61.0,40.0
2018/05/15,Tuesday,0.0,1.0,22.0,0.037000000000000005,74.0,43.0
2018/05/16,Wednesday,0.0,1.0,23.0,0.006999999999999999,38.0,25.0
2018/05/17,Thursday,0.0,1.0,21.5,0.014,17.0,11.0
2018/05/18,Friday,0.0,1.0,15.5,,,
2018/05/19,Saturday,1.0,0.0,17.5,,,
2018/05/20,Sunday,1.0,0.0,17.5,0.038,14.0,7.0
2018/05/21,Monday,0.0,0.0,17.5,0.034,15.0,7.0
2018/05/22,Tuesday,1.0,1.0,19.0,,,
2018/05/23,Wednesday,0.0,1.0,18.5,,,
2018/05/24,Thursday,0.0,0.0,17.5,,,
2018/05/25,Friday,0.0,0.0,20.0,,,
2018/05/26,Saturday,1.0,0.0,22.0,,,
2018/05/27,Sunday,1.0,0.0,21.0,0.045,77.0,34.0
2018/05/28,Monday,0.0,0.0,22.5,0.022,56.0,29.0
2018/05/29,Tuesday,0.0,1.0,22.5,,,
2018/05/30,Wednesday,0.0,1.0,20.5,,,
2018/05/31,Thursday,0.0,0.0,21.0,,,
2018/06/01,Friday,0.0,0.0,24.0,0.038,45.0,27.0
2018/06/02,Saturday,1.0,0.0,24.0,0.025,44.0,29.0
2018/06/03,Sunday,1.0,0.0,24.0,,,
2018/06/04,Monday,0.0,0.0,23.5,0.033,48.0,31.0
2018/06/05,Tuesday,0.0,0.0,23.5,0.034,44.0,33.0
2018/06/06,Wednesday,1.0,0.0,23.0,,,
2018/06/07,Thursday,0.0,0.0,23.5,,,
2018/06/08,Friday,0.0,0.0,23.0,,,
2018/06/09,Saturday,1.0,1.0,24.5,,,
2018/06/10,Sunday,1.0,1.0,21.5,,,
2018/06/11,Monday,0.0,1.0,21.0,,,
2018/06/12,Tuesday,0.0,1.0,22.0,,,
2018/06/13,Wednesday,1.0,1.0,22.5,,,
2018/06/14,Thursday,0.0,1.0,22.0,,,
2018/06/15,Friday,0.0,1.0,22.0,,,
2018/06/16,Saturday,1.0,0.0,22.5,,,
2018/06/17,Sunday,1.0,0.0,23.5,,,
2018/06/18,Monday,0.0,0.0,25.5,,,
2018/06/19,Tuesday,0.0,0.0,23.0,,,
2018/06/20,Wednesday,0.0,0.0,23.5,,,
2018/06/21,Thursday,0.0,0.0,24.0,,,
2018/06/22,Friday,0.0,0.0,25.0,0.036000000000000004,44.0,27.0
2018/06/23,Saturday,1.0,0.0,25.0,,,
2018/06/24,Sunday,1.0,0.0,26.0,,,
2018/06/25,Monday,0.0,0.0,27.0,,,
2018/06/26,Tuesday,0.0,1.0,23.5,0.032,60.0,43.0
2018/06/27,Wednesday,0.0,1.0,22.5,,,
2018/06/28,Thursday,0.0,1.0,24.0,,,
2018/06/29,Friday,0.0,1.0,25.5,,,
2018/06/30,Saturday,1.0,1.0,25.0,0.024,45.0,27.0
2018/07/01,Sunday,1.0,1.0,22.0,0.015,14.0,5.0
2018/07/02,Monday,0.0,1.0,23.0,0.025,10.0,4.0
2018/07/03,Tuesday,0.0,1.0,28.0,0.003,15.0,5.0
2018/07/04,Wednesday,0.0,0.0,28.0,,,
2018/07/05,Thursday,0.0,1.0,26.0,,,
2018/07/06,Friday,0.0,0.0,24.5,0.02,7.0,2.0
2018/07/07,Saturday,1.0,0.0,24.5,0.03,7.0,3.0
2018/07/08,Sunday,1.0,0.0,23.0,0.035,11.0,5.0
2018/07/09,Monday,0.0,1.0,22.0,0.012,9.0,4.0
2018/07/10,Tuesday,0.0,1.0,23.5,0.006,19.0,9.0
2018/07/11,Wednesday,0.0,1.0,27.0,0.008,26.0,14.0
2018/07/12,Thursday,0.0,1.0,26.5,0.009000000000000001,25.0,14.0
2018/07/13,Friday,0.0,0.0,28.0,0.005,19.0,11.0
2018/07/14,Saturday,1.0,1.0,28.5,,,
2018/07/15,Sunday,1.0,0.0,29.0,,,
2018/07/16,Monday,0.0,0.0,29.0,0.022,28.0,20.0
2018/07/17,Tuesday,1.0,0.0,28.0,0.015,29.0,21.0
2018/07/18,Wednesday,0.0,0.0,28.5,0.024,34.0,25.0
2018/07/19,Thursday,0.0,0.0,28.5,0.028,33.0,24.0
2018/07/20,Friday,0.0,0.0,30.0,0.038,38.0,27.0
2018/07/21,Saturday,1.0,0.0,31.0,0.054000000000000006,48.0,33.0
2018/07/22,Sunday,1.0,0.0,31.5,0.051,32.0,22.0
2018/07/23,Monday,0.0,0.0,32.5,0.036000000000000004,29.0,20.0
2018/07/24,Tuesday,0.0,0.0,32.0,0.05,40.0,27.0
2018/07/25,Wednesday,0.0,0.0,31.0,0.034,29.0,20.0
2018/07/26,Thursday,0.0,0.0,30.5,0.026,35.0,24.0
2018/07/27,Friday,0.0,0.0,31.0,0.036000000000000004,47.0,33.0
2018/07/28,Saturday,1.0,1.0,31.5,0.019,34.0,23.0
2018/07/29,Sunday,1.0,0.0,31.5,0.026,19.0,13.0
2018/07/30,Monday,0.0,0.0,31.5,0.027000000000000003,11.0,5.0
2018/07/31,Tuesday,0.0,0.0,33.0,0.041,16.0,8.0
2018/08/01,Wednesday,0.0,0.0,34.0,0.044,26.0,15.0
2018/08/02,Thursday,0.0,0.0,34.0,0.047,33.0,20.0
2018/08/03,Friday,0.0,0.0,34.0,0.06,42.0,31.0
2018/08/04,Saturday,1.0,0.0,31.5,0.036000000000000004,28.0,19.0
2018/08/05,Sunday,1.0,1.0,30.5,0.027000000000000003,23.0,15.0
2018/08/06,Monday,0.0,1.0,31.5,0.023,27.0,18.0
2018/08/07,Tuesday,0.0,1.0,31.5,0.034,19.0,11.0
2018/08/08,Wednesday,0.0,0.0,31.5,0.023,26.0,17.0
2018/08/09,Thursday,0.0,1.0,30.0,0.015,25.0,17.0
2018/08/10,Friday,0.0,0.0,31.5,0.029,18.0,9.0
2018/08/11,Saturday,1.0,0.0,31.0,0.034,9.0,4.0
2018/08/12,Sunday,1.0,0.0,31.0,0.034,14.0,10.0
2018/08/13,Monday,0.0,0.0,30.5,0.03,33.0,22.0
2018/08/14,Tuesday,0.0,0.0,32.5,0.032,29.0,20.0
2018/08/15,Wednesday,1.0,1.0,33.0,0.036000000000000004,29.0,19.0
2018/08/16,Thursday,0.0,0.0,30.0,0.026,16.0,8.0
2018/08/17,Friday,0.0,0.0,28.0,0.034,12.0,4.0
2018/08/18,Saturday,1.0,0.0,27.0,0.041,14.0,5.0
2018/08/19,Sunday,1.0,0.0,28.5,0.047,22.0,12.0
2018/08/20,Monday,0.0,1.0,29.0,0.048,33.0,20.0
2018/08/21,Tuesday,0.0,1.0,27.0,0.036000000000000004,24.0,14.0
2018/08/22,Wednesday,0.0,0.0,30.5,0.033,24.0,14.0
2018/08/23,Thursday,0.0,1.0,29.0,0.016,15.0,7.0
2018/08/24,Friday,0.0,1.0,24.5,0.016,8.0,3.0
2018/08/25,Saturday,1.0,0.0,26.0,0.041,24.0,13.0
2018/08/26,Sunday,1.0,1.0,24.5,0.032,16.0,10.0
2018/08/27,Monday,0.0,1.0,22.5,0.021,9.0,4.0
2018/08/28,Tuesday,0.0,1.0,24.5,0.006999999999999999,10.0,4.0
2018/08/29,Wednesday,0.0,1.0,25.0,0.006999999999999999,14.0,6.0
2018/08/30,Thursday,0.0,1.0,26.0,0.024,26.0,17.0
2018/08/31,Friday,0.0,1.0,26.5,0.03,24.0,14.0
2018/09/01,Saturday,1.0,0.0,26.0,0.026,17.0,9.0
2018/09/02,Sunday,1.0,0.0,25.0,0.037000000000000005,12.0,5.0
2018/09/03,Monday,0.0,1.0,23.5,0.021,14.0,7.0
2018/09/04,Tuesday,0.0,0.0,24.0,0.028,15.0,6.0
2018/09/05,Wednesday,0.0,0.0,24.5,0.036000000000000004,25.0,10.0
2018/09/06,Thursday,0.0,1.0,24.5,0.037000000000000005,29.0,17.0
2018/09/07,Friday,0.0,1.0,22.5,0.042,24.0,12.0
2018/09/08,Saturday,1.0,0.0,22.0,0.025,22.0,9.0
2018/09/09,Sunday,1.0,0.0,22.5,0.026,20.0,10.0
2018/09/10,Monday,0.0,0.0,23.5,0.033,12.0,4.0
2018/09/11,Tuesday,0.0,0.0,21.5,0.031,12.0,5.0
2018/09/12,Wednesday,0.0,0.0,22.5,0.036000000000000004,15.0,6.0
2018/09/13,Thursday,0.0,0.0,24.0,0.021,17.0,7.0
2018/09/14,Friday,0.0,1.0,23.5,0.013,19.0,9.0
2018/09/15,Saturday,1.0,1.0,23.5,0.018000000000000002,10.0,5.0
2018/09/16,Sunday,1.0,1.0,22.5,0.019,31.0,21.0
2018/09/17,Monday,0.0,1.0,23.5,0.033,26.0,15.0
2018/09/18,Tuesday,0.0,0.0,22.5,0.021,35.0,17.0
2018/09/19,Wednesday,0.0,1.0,23.0,0.016,43.0,20.0
2018/09/20,Thursday,0.0,1.0,19.0,0.028,14.0,8.0
2018/09/21,Friday,0.0,1.0,20.0,0.024,8.0,3.0
2018/09/22,Saturday,1.0,1.0,21.5,0.027000000000000003,28.0,10.0
2018/09/23,Sunday,1.0,1.0,20.5,0.029,29.0,10.0
2018/09/24,Monday,1.0,0.0,18.0,0.029,14.0,6.0
2018/09/25,Tuesday,1.0,0.0,17.5,0.021,15.0,7.0
2018/09/26,Wednesday,1.0,0.0,20.5,0.031,10.0,5.0
2018/09/27,Thursday,0.0,0.0,19.0,0.032,9.0,4.0
2018/09/28,Friday,0.0,0.0,18.0,0.021,14.0,6.0
2018/09/29,Saturday,1.0,0.0,21.0,0.02,15.0,7.0
2018/09/30,Sunday,1.0,0.0,18.0,0.023,24.0,10.0
2018/10/01,Monday,0.0,1.0,16.5,0.031,20.0,8.0
2018/10/02,Tuesday,0.0,0.0,16.0,0.024,26.0,13.0
2018/10/03,Wednesday,1.0,0.0,17.5,0.021,27.0,14.0
2018/10/04,Thursday,0.0,0.0,19.5,0.022,21.0,11.0
2018/10/05,Friday,0.0,1.0,17.5,0.031,10.0,5.0
2018/10/06,Saturday,1.0,1.0,19.0,0.038,5.0,3.0
2018/10/07,Sunday,1.0,0.0,16.5,0.023,27.0,11.0
2018/10/08,Monday,0.0,0.0,15.0,0.017,23.0,7.0
2018/10/09,Tuesday,1.0,1.0,15.5,0.01,27.0,11.0
2018/10/10,Wednesday,0.0,1.0,12.5,0.025,19.0,10.0
2018/10/11,Thursday,0.0,0.0,10.0,0.018000000000000002,18.0,8.0
2018/10/12,Friday,0.0,0.0,11.0,0.01,24.0,11.0
2018/10/13,Saturday,1.0,0.0,13.0,0.012,27.0,14.0
2018/10/14,Sunday,1.0,0.0,13.5,0.025,26.0,15.0
2018/10/15,Monday,0.0,0.0,16.0,0.022,50.0,27.0
2018/10/16,Tuesday,0.0,0.0,15.0,0.015,49.0,23.0
2018/10/17,Wednesday,0.0,0.0,13.5,0.015,36.0,17.0
2018/10/18,Thursday,0.0,1.0,13.5,0.015,18.0,8.0
2018/10/19,Friday,0.0,0.0,13.5,0.018000000000000002,18.0,8.0
2018/10/20,Saturday,1.0,0.0,14.0,0.012,38.0,17.0
2018/10/21,Sunday,1.0,0.0,14.0,0.019,38.0,19.0
2018/10/22,Monday,0.0,0.0,15.0,0.013,47.0,23.0
2018/10/23,Tuesday,0.0,1.0,13.5,0.011,41.0,21.0
2018/10/24,Wednesday,0.0,0.0,13.5,0.014,40.0,15.0
2018/10/25,Thursday,0.0,0.0,14.0,0.015,45.0,17.0
2018/10/26,Friday,0.0,1.0,12.5,0.011,34.0,17.0
2018/10/27,Saturday,1.0,0.0,9.0,0.025,27.0,6.0
2018/10/28,Sunday,1.0,1.0,9.5,0.014,15.0,8.0
2018/10/29,Monday,0.0,1.0,7.5,0.003,15.0,7.0
2018/10/30,Tuesday,0.0,1.0,6.5,0.0,0.0,0.0
2018/10/31,Wednesday,0.0,1.0,8.0,0.0,0.0,0.0
2018/11/01,Thursday,0.0,0.0,9.0,0.0,0.0,0.0
2018/11/02,Friday,0.0,0.0,11.5,0.0,0.0,0.0
2018/11/03,Saturday,1.0,0.0,12.0,0.0,0.0,0.0
2018/11/04,Sunday,1.0,0.0,12.0,0.0,0.0,0.0
2018/11/05,Monday,0.0,0.0,12.5,0.0,0.0,0.0
2018/11/06,Tuesday,0.0,0.0,13.0,0.0,0.0,0.0
2018/11/07,Wednesday,0.0,1.0,13.0,0.0,0.0,0.0
2018/11/08,Thursday,0.0,1.0,13.0,0.0,0.0,0.0
2018/11/09,Friday,0.0,1.0,12.5,0.0,0.0,0.0
2018/11/10,Saturday,1.0,1.0,13.0,0.0,0.0,0.0
2018/11/11,Sunday,1.0,1.0,8.0,0.0,0.0,0.0
2018/11/12,Monday,0.0,0.0,9.0,0.021,0.0,0.0
2018/11/13,Tuesday,0.0,0.0,9.5,0.008,50.0,25.0
2018/11/14,Wednesday,0.0,0.0,11.0,0.009000000000000001,51.0,24.0
2018/11/15,Thursday,0.0,0.0,10.5,0.006,71.0,37.0
2018/11/16,Friday,0.0,0.0,9.5,0.004,91.0,51.0
2018/11/17,Saturday,1.0,0.0,6.0,,,
2018/11/18,Sunday,1.0,0.0,6.5,,,
2018/11/19,Monday,0.0,0.0,7.0,0.005,68.0,38.0
2018/11/20,Tuesday,0.0,1.0,6.5,0.01,58.0,22.0
2018/11/21,Wednesday,0.0,1.0,5.5,0.009000000000000001,40.0,19.0
2018/11/22,Thursday,0.0,0.0,3.0,0.018000000000000002,28.0,9.0
2018/11/23,Friday,0.0,0.0,2.5,0.012,30.0,13.0
2018/11/24,Saturday,1.0,1.0,2.0,0.009000000000000001,25.0,16.0
2018/11/25,Sunday,1.0,0.0,5.5,0.005,54.0,40.0
2018/11/26,Monday,0.0,0.0,8.0,0.005,61.0,45.0
2018/11/27,Tuesday,0.0,0.0,8.0,0.003,185.0,59.0
2018/11/28,Wednesday,0.0,0.0,6.5,0.012,151.0,33.0
2018/11/29,Thursday,0.0,1.0,4.0,0.002,100.0,31.0
2018/11/30,Friday,0.0,0.0,3.0,0.005,89.0,35.0
2018/12/01,Saturday,1.0,0.0,6.5,0.006,61.0,28.0
2018/12/02,Sunday,1.0,0.0,7.5,0.004,66.0,36.0
2018/12/03,Monday,0.0,1.0,11.5,0.003,49.0,32.0
2018/12/04,Tuesday,0.0,1.0,6.0,0.005,36.0,25.0
2018/12/05,Wednesday,0.0,0.0,-0.5,0.011,33.0,14.0
2018/12/06,Thursday,0.0,1.0,3.0,0.006999999999999999,43.0,19.0
2018/12/07,Friday,0.0,0.0,-5.5,0.02,27.0,10.0
2018/12/08,Saturday,1.0,0.0,-7.5,0.018000000000000002,27.0,8.0
2018/12/09,Sunday,1.0,0.0,-7.0,0.017,27.0,11.0
2018/12/10,Monday,0.0,0.0,-1.5,0.006,42.0,21.0
2018/12/11,Tuesday,0.0,0.0,0.5,0.004,42.0,22.0
2018/12/12,Wednesday,0.0,0.0,-1.5,0.012,52.0,27.0
2018/12/13,Thursday,0.0,1.0,-2.0,0.009000000000000001,43.0,28.0
2018/12/14,Friday,0.0,0.0,-3.5,0.008,36.0,18.0
2018/12/15,Saturday,1.0,0.0,-2.5,0.004,54.0,35.0
2018/12/16,Sunday,1.0,1.0,-0.5,0.003,54.0,41.0
2018/12/17,Monday,0.0,1.0,2.0,0.008,75.0,53.0
2018/12/18,Tuesday,0.0,0.0,2.0,0.006,48.0,29.0
2018/12/19,Wednesday,0.0,0.0,5.5,0.006,59.0,34.0
2018/12/20,Thursday,0.0,0.0,4.5,0.005,64.0,37.0
2018/12/21,Friday,0.0,0.0,5.0,0.003,79.0,47.0
2018/12/22,Saturday,1.0,0.0,7.5,0.006,98.0,68.0
2018/12/23,Sunday,1.0,0.0,2.5,0.017,59.0,32.0
2018/12/24,Monday,0.0,0.0,-1.5,0.012,28.0,12.0
2018/12/25,Tuesday,1.0,0.0,0.5,0.004,38.0,23.0
2018/12/26,Wednesday,0.0,0.0,-2.0,0.01,56.0,29.0
2018/12/27,Thursday,0.0,0.0,-10.0,0.017,31.0,8.0
2018/12/28,Friday,0.0,0.0,-10.5,0.012,39.0,12.0
2018/12/29,Saturday,1.0,0.0,-7.0,0.017,44.0,8.0
2018/12/30,Sunday,1.0,0.0,-6.0,0.012,34.0,16.0
2018/12/31,Monday,0.0,0.0,-6.0,0.005,47.0,28.0
2019/01/01,Tuesday,1.0,0.0,-4.5,0.011,44.0,28.0
2019/01/02,Wednesday,0.0,0.0,-4.5,0.009000000000000001,37.0,21.0
2019/01/03,Thursday,0.0,0.0,-2.5,0.004,51.0,29.0
2019/01/04,Friday,0.0,0.0,-1.0,0.004,63.0,40.0
2019/01/05,Saturday,1.0,0.0,-2.5,0.013,69.0,41.0
2019/01/06,Sunday,1.0,0.0,-1.5,0.006999999999999999,58.0,25.0
2019/01/07,Monday,0.0,0.0,-1.5,0.006,57.0,35.0
2019/01/08,Tuesday,0.0,0.0,-3.0,0.016,47.0,19.0
2019/01/09,Wednesday,0.0,0.0,-4.0,0.01,59.0,21.0
2019/01/10,Thursday,0.0,0.0,-1.0,0.003,68.0,35.0
2019/01/11,Friday,0.0,0.0,3.5,0.004,80.0,56.0
2019/01/12,Saturday,1.0,0.0,3.5,0.006,90.0,62.0
2019/01/13,Sunday,1.0,0.0,2.5,0.009000000000000001,105.0,72.0
2019/01/14,Monday,0.0,0.0,1.5,0.004,157.0,124.0
2019/01/15,Tuesday,0.0,1.0,-2.0,0.015,133.0,88.0
2019/01/16,Wednesday,0.0,1.0,-5.5,0.011,55.0,18.0
2019/01/17,Thursday,0.0,1.0,0.5,0.009000000000000001,48.0,23.0
2019/01/18,Friday,0.0,0.0,1.0,0.005,60.0,36.0
2019/01/19,Saturday,1.0,0.0,4.5,0.008,98.0,69.0
2019/01/20,Sunday,1.0,0.0,-1.0,0.02,72.0,36.0
2019/01/21,Monday,0.0,1.0,-1.5,0.009000000000000001,43.0,20.0
2019/01/22,Tuesday,0.0,0.0,2.0,0.009000000000000001,66.0,32.0
2019/01/23,Wednesday,0.0,0.0,3.0,0.01,77.0,45.0
2019/01/24,Thursday,0.0,0.0,1.0,0.006,44.0,20.0
2019/01/25,Friday,0.0,0.0,-0.5,0.012,51.0,19.0
2019/01/26,Saturday,1.0,0.0,-2.5,0.018000000000000002,43.0,16.0
2019/01/27,Sunday,1.0,0.0,-1.0,0.012,36.0,17.0
2019/01/28,Monday,0.0,1.0,1.5,0.017,86.0,22.0
2019/01/29,Tuesday,0.0,0.0,0.5,0.008,74.0,19.0
2019/01/30,Wednesday,0.0,0.0,2.0,0.005,67.0,32.0
2019/01/31,Thursday,0.0,0.0,-2.0,0.01,80.0,19.0
2019/02/01,Friday,0.0,1.0,-2.0,0.011,37.0,14.0
2019/02/02,Saturday,1.0,1.0,1.5,0.006999999999999999,57.0,32.0
2019/02/03,Sunday,1.0,1.0,3.5,0.012,37.0,30.0
2019/02/04,Monday,1.0,0.0,0.0,0.021,71.0,32.0
2019/02/05,Tuesday,1.0,0.0,3.0,0.012,85.0,22.0
2019/02/06,Wednesday,1.0,0.0,4.5,0.012,91.0,31.0
2019/02/07,Thursday,0.0,1.0,-1.0,0.021,59.0,28.0
2019/02/08,Friday,0.0,0.0,-5.5,0.013,32.0,13.0
2019/02/09,Saturday,1.0,0.0,-5.5,0.018000000000000002,34.0,13.0
2019/02/10,Sunday,1.0,0.0,-5.5,0.014,43.0,19.0
2019/02/11,Monday,0.0,0.0,-3.0,0.018000000000000002,37.0,18.0
2019/02/12,Tuesday,0.0,1.0,0.0,0.013,57.0,32.0
2019/02/13,Wednesday,0.0,0.0,-1.5,0.019,40.0,17.0
2019/02/14,Thursday,0.0,0.0,0.0,0.014,55.0,23.0
2019/02/15,Friday,0.0,1.0,-1.0,0.01,38.0,25.0
2019/02/16,Saturday,1.0,1.0,-1.5,0.025,58.0,43.0
2019/02/17,Sunday,1.0,0.0,-1.0,0.022,36.0,21.0
2019/02/18,Monday,0.0,0.0,0.5,0.006,46.0,25.0
2019/02/19,Tuesday,0.0,1.0,1.5,0.004,43.0,31.0
2019/02/20,Wednesday,0.0,1.0,2.5,0.02,56.0,44.0
2019/02/21,Thursday,0.0,0.0,3.0,0.009000000000000001,83.0,63.0
2019/02/22,Friday,0.0,0.0,4.5,0.009000000000000001,75.0,52.0
2019/02/23,Saturday,1.0,0.0,8.0,0.015,54.0,33.0
2019/02/24,Sunday,1.0,0.0,7.5,0.018000000000000002,60.0,40.0
2019/02/25,Monday,0.0,0.0,5.5,0.019,86.0,61.0
2019/02/26,Tuesday,0.0,0.0,5.0,0.011,52.0,24.0
2019/02/27,Wednesday,0.0,0.0,9.5,0.016,65.0,37.0
2019/02/28,Thursday,0.0,0.0,7.5,0.013,89.0,55.0
2019/03/01,Friday,1.0,0.0,7.0,0.023,117.0,78.0
2019/03/02,Saturday,1.0,0.0,8.0,0.019,117.0,76.0
2019/03/03,Sunday,1.0,0.0,9.5,0.024,94.0,62.0
2019/03/04,Monday,0.0,0.0,10.5,0.022,151.0,101.0
2019/03/05,Tuesday,0.0,0.0,9.5,0.037000000000000005,176.0,127.0
2019/03/06,Wednesday,0.0,0.0,9.0,0.023,134.0,95.0
2019/03/07,Thursday,0.0,0.0,8.0,0.03,52.0,33.0
2019/03/08,Friday,0.0,0.0,7.0,0.004,55.0,29.0
2019/03/09,Saturday,1.0,0.0,7.5,,,
2019/03/10,Sunday,1.0,0.0,11.0,,,
2019/03/11,Monday,0.0,1.0,7.0,,,
2019/03/12,Tuesday,0.0,1.0,4.0,,,
2019/03/13,Wednesday,0.0,1.0,4.5,,,
2019/03/14,Thursday,0.0,1.0,4.0,0.025,41.0,15.0
2019/03/15,Friday,0.0,1.0,6.5,0.029,70.0,39.0
2019/03/16,Saturday,1.0,0.0,4.5,,,
2019/03/17,Sunday,1.0,0.0,7.5,,,
2019/03/18,Monday,0.0,0.0,7.5,0.014,39.0,21.0
2019/03/19,Tuesday,0.0,0.0,10.0,0.022,68.0,40.0
2019/03/20,Wednesday,0.0,1.0,11.0,0.022,100.0,71.0
2019/03/21,Thursday,0.0,1.0,6.5,0.033,34.0,25.0
2019/03/22,Friday,0.0,0.0,3.5,0.032,40.0,18.0
2019/03/23,Saturday,1.0,1.0,4.0,0.027000000000000003,26.0,12.0
2019/03/24,Sunday,1.0,0.0,4.5,0.032,28.0,11.0
2019/03/25,Monday,0.0,0.0,7.5,0.037000000000000005,51.0,28.0
2019/03/26,Tuesday,0.0,0.0,12.5,0.028,56.0,33.0
2019/03/27,Wednesday,0.0,0.0,12.5,0.045,87.0,58.0
2019/03/28,Thursday,0.0,0.0,10.5,0.03,88.0,58.0
2019/03/29,Friday,0.0,1.0,10.5,0.033,41.0,21.0
2019/03/30,Saturday,1.0,1.0,6.0,0.034,35.0,27.0
2019/03/31,Sunday,1.0,1.0,5.5,0.031,44.0,27.0
2019/04/01,Monday,0.0,0.0,5.5,0.031,24.0,14.0
2019/04/02,Tuesday,0.0,0.0,7.0,0.024,32.0,18.0
2019/04/03,Wednesday,0.0,0.0,8.0,0.027000000000000003,38.0,24.0
2019/04/04,Thursday,0.0,0.0,9.5,0.032,36.0,21.0
2019/04/05,Friday,0.0,1.0,12.0,0.036000000000000004,82.0,27.0
2019/04/06,Saturday,1.0,1.0,9.0,0.008,67.0,22.0
2019/04/07,Sunday,1.0,0.0,13.0,0.03,35.0,18.0
2019/04/08,Monday,0.0,0.0,12.5,0.029,38.0,14.0
2019/04/09,Tuesday,0.0,1.0,9.5,0.022,30.0,12.0
2019/04/10,Wednesday,0.0,1.0,7.5,0.026,9.0,8.0
2019/04/11,Thursday,0.0,0.0,10.0,0.018000000000000002,31.0,21.0
2019/04/12,Friday,0.0,0.0,12.0,0.026,47.0,31.0
2019/04/13,Saturday,1.0,0.0,12.0,0.032,48.0,33.0
2019/04/14,Sunday,1.0,1.0,10.5,0.036000000000000004,39.0,23.0
2019/04/15,Monday,0.0,0.0,11.0,0.024,49.0,17.0
2019/04/16,Tuesday,0.0,0.0,15.0,0.022,48.0,23.0
2019/04/17,Wednesday,0.0,0.0,15.5,0.025,42.0,21.0
2019/04/18,Thursday,0.0,1.0,13.0,0.021,37.0,27.0
2019/04/19,Friday,0.0,0.0,15.0,0.024,47.0,28.0
2019/04/20,Saturday,1.0,1.0,14.5,0.027000000000000003,47.0,27.0
2019/04/21,Sunday,1.0,1.0,16.0,0.035,37.0,32.0
2019/04/22,Monday,0.0,0.0,19.5,0.026,94.0,46.0
2019/04/23,Tuesday,0.0,1.0,20.5,0.031,99.0,50.0
2019/04/24,Wednesday,0.0,1.0,21.0,0.025,58.0,48.0
2019/04/25,Thursday,0.0,1.0,13.0,0.018000000000000002,37.0,24.0
2019/04/26,Friday,0.0,1.0,8.0,0.026,7.0,10.0
2019/04/27,Saturday,1.0,0.0,11.0,0.024,20.0,14.0
2019/04/28,Sunday,1.0,1.0,13.5,0.036000000000000004,17.0,15.0
2019/04/29,Monday,0.0,0.0,12.5,0.013,28.0,20.0
2019/04/30,Tuesday,0.0,0.0,16.0,0.024,35.0,26.0
2019/05/01,Wednesday,0.0,0.0,16.5,0.032,64.0,31.0
2019/05/02,Thursday,0.0,0.0,18.0,0.026,60.0,21.0
2019/05/03,Friday,0.0,0.0,18.0,0.034,54.0,28.0
2019/05/04,Saturday,1.0,0.0,19.5,0.045,93.0,64.0
2019/05/05,Sunday,1.0,0.0,20.5,0.046,57.0,41.0
2019/05/06,Monday,1.0,1.0,15.0,0.038,32.0,14.0
2019/05/07,Tuesday,0.0,0.0,15.0,0.031,50.0,21.0
2019/05/08,Wednesday,0.0,0.0,15.5,0.048,49.0,25.0
2019/05/09,Thursday,0.0,0.0,17.5,0.041,49.0,31.0
2019/05/10,Friday,0.0,0.0,18.5,0.036000000000000004,62.0,39.0
2019/05/11,Saturday,1.0,0.0,20.5,0.029,68.0,41.0
2019/05/12,Sunday,1.0,0.0,22.0,0.051,53.0,38.0
2019/05/13,Monday,0.0,1.0,19.5,0.036000000000000004,54.0,39.0
2019/05/14,Tuesday,0.0,0.0,20.0,0.038,47.0,39.0
2019/05/15,Wednesday,0.0,0.0,21.5,0.036000000000000004,66.0,50.0
2019/05/16,Thursday,0.0,0.0,23.5,0.037000000000000005,67.0,48.0
2019/05/17,Friday,0.0,0.0,23.0,0.028,57.0,43.0
2019/05/18,Saturday,1.0,1.0,22.5,0.041,30.0,17.0
2019/05/19,Sunday,1.0,1.0,20.0,0.026,7.0,13.0
2019/05/20,Monday,0.0,1.0,16.5,0.031,39.0,17.0
2019/05/21,Tuesday,0.0,0.0,18.0,0.042,49.0,23.0
2019/05/22,Wednesday,0.0,0.0,19.5,0.057,57.0,28.0
2019/05/23,Thursday,0.0,0.0,22.0,0.063,72.0,40.0
2019/05/24,Friday,0.0,0.0,24.5,0.069,79.0,48.0
2019/05/25,Saturday,1.0,0.0,23.5,0.064,96.0,63.0
2019/05/26,Sunday,1.0,0.0,25.0,0.047,38.0,21.0
2019/05/27,Monday,0.0,1.0,18.0,0.033,21.0,15.0
2019/05/28,Tuesday,0.0,0.0,18.5,0.037000000000000005,22.0,9.0
2019/05/29,Wednesday,0.0,0.0,20.0,0.044,50.0,25.0
2019/05/30,Thursday,0.0,1.0,20.0,0.049,48.0,25.0
2019/05/31,Friday,0.0,0.0,19.5,0.053,21.0,11.0
2019/06/01,Saturday,1.0,0.0,19.5,0.052000000000000005,36.0,26.0
2019/06/02,Sunday,1.0,0.0,21.0,0.047,41.0,24.0
2019/06/03,Monday,0.0,0.0,23.0,0.047,43.0,22.0
2019/06/04,Tuesday,0.0,0.0,23.5,0.033,27.0,17.0
2019/06/05,Wednesday,0.0,0.0,24.0,0.041,64.0,47.0
2019/06/06,Thursday,1.0,1.0,22.0,0.027000000000000003,67.0,50.0
2019/06/07,Friday,0.0,1.0,21.0,0.056,11.0,9.0
2019/06/08,Saturday,1.0,0.0,22.0,0.045,26.0,17.0
2019/06/09,Sunday,1.0,1.0,22.0,0.05,50.0,40.0
2019/06/10,Monday,0.0,1.0,19.0,0.029,12.0,8.0
2019/06/11,Tuesday,0.0,0.0,21.0,0.039,13.0,7.0
2019/06/12,Wednesday,0.0,0.0,21.0,0.026,37.0,22.0
2019/06/13,Thursday,0.0,0.0,23.0,0.033,32.0,20.0
2019/06/14,Friday,0.0,0.0,23.5,0.033,40.0,26.0
2019/06/15,Saturday,1.0,1.0,22.5,0.046,41.0,21.0
2019/06/16,Sunday,1.0,0.0,21.5,0.048,18.0,11.0
2019/06/17,Monday,0.0,1.0,22.0,0.04,26.0,17.0
2019/06/18,Tuesday,0.0,1.0,21.0,0.028,32.0,22.0
2019/06/19,Wednesday,0.0,1.0,22.0,0.044,37.0,27.0
2019/06/20,Thursday,0.0,0.0,24.0,0.046,35.0,24.0
2019/06/21,Friday,0.0,1.0,22.5,0.036000000000000004,33.0,22.0
2019/06/22,Saturday,1.0,0.0,24.5,0.04,14.0,6.0
2019/06/23,Sunday,1.0,0.0,25.0,0.043,16.0,9.0
2019/06/24,Monday,0.0,0.0,26.0,0.038,23.0,10.0
2019/06/25,Tuesday,0.0,0.0,26.5,0.048,32.0,18.0
2019/06/26,Wednesday,0.0,1.0,25.5,0.037000000000000005,34.0,19.0
2019/06/27,Thursday,0.0,1.0,26.5,0.042,16.0,8.0
2019/06/28,Friday,0.0,1.0,25.5,0.034,35.0,26.0
2019/06/29,Saturday,1.0,1.0,24.0,0.03,22.0,15.0
2019/06/30,Sunday,1.0,1.0,25.0,0.038,32.0,21.0
2019/07/01,Monday,0.0,0.0,25.0,0.053,33.0,23.0
2019/07/02,Tuesday,0.0,0.0,25.5,0.052000000000000005,28.0,20.0
2019/07/03,Wednesday,0.0,0.0,24.0,0.026,34.0,26.0
2019/07/04,Thursday,0.0,0.0,26.5,0.031,33.0,21.0
2019/07/05,Friday,0.0,0.0,27.5,0.042,32.0,19.0
2019/07/06,Saturday,1.0,0.0,30.5,0.048,25.0,16.0
2019/07/07,Sunday,1.0,0.0,28.0,0.046,17.0,9.0
2019/07/08,Monday,0.0,0.0,26.0,0.037000000000000005,10.0,4.0
2019/07/09,Tuesday,0.0,0.0,25.0,0.034,11.0,5.0
2019/07/10,Wednesday,0.0,1.0,23.0,0.028,10.0,5.0
2019/07/11,Thursday,0.0,1.0,23.0,0.02,9.0,2.0
2019/07/12,Friday,0.0,0.0,24.5,0.026,14.0,6.0
2019/07/13,Saturday,1.0,1.0,26.0,0.04,27.0,20.0
2019/07/14,Sunday,1.0,0.0,26.5,0.053,39.0,33.0
2019/07/15,Monday,0.0,1.0,24.5,0.032,37.0,30.0
2019/07/16,Tuesday,0.0,1.0,25.0,0.033,31.0,22.0
2019/07/17,Wednesday,1.0,0.0,25.5,0.039,55.0,47.0
2019/07/18,Thursday,0.0,0.0,27.5,0.058,54.0,47.0
2019/07/19,Friday,0.0,1.0,29.0,0.034,24.0,21.0
2019/07/20,Saturday,1.0,1.0,28.5,0.014,7.0,4.0
2019/07/21,Sunday,1.0,1.0,25.5,0.02,12.0,8.0
2019/07/22,Monday,0.0,1.0,27.5,0.047,38.0,30.0
2019/07/23,Tuesday,0.0,1.0,28.5,0.022,23.0,16.0
2019/07/24,Wednesday,0.0,1.0,26.0,0.013,17.0,10.0
2019/07/25,Thursday,0.0,1.0,26.5,0.018000000000000002,18.0,12.0
2019/07/26,Friday,0.0,1.0,25.0,0.023,14.0,12.0
2019/07/27,Saturday,1.0,1.0,29.0,0.035,13.0,10.0
2019/07/28,Sunday,1.0,1.0,26.5,0.025,10.0,7.0
2019/07/29,Monday,0.0,1.0,28.0,0.011,12.0,7.0
2019/07/30,Tuesday,0.0,1.0,28.5,0.018000000000000002,13.0,8.0
2019/07/31,Wednesday,0.0,1.0,26.0,0.017,11.0,7.0
2019/08/01,Thursday,0.0,1.0,27.0,0.015,11.0,6.0
2019/08/02,Friday,0.0,0.0,29.0,0.021,16.0,10.0
2019/08/03,Saturday,1.0,1.0,31.0,0.034,16.0,10.0
2019/08/04,Sunday,1.0,1.0,29.5,0.051,23.0,15.0
2019/08/05,Monday,0.0,0.0,31.0,0.035,30.0,22.0
2019/08/06,Tuesday,0.0,0.0,32.5,0.025,23.0,15.0
2019/08/07,Wednesday,0.0,1.0,27.0,0.011,15.0,10.0
2019/08/08,Thursday,0.0,0.0,29.5,0.027000000000000003,33.0,26.0
2019/08/09,Friday,0.0,0.0,30.5,0.02,22.0,12.0
2019/08/10,Saturday,1.0,0.0,32.0,0.027000000000000003,18.0,11.0
2019/08/11,Sunday,1.0,1.0,31.0,0.026,13.0,7.0
2019/08/12,Monday,0.0,1.0,27.0,0.013,12.0,9.0
2019/08/13,Tuesday,0.0,1.0,30.0,0.024,18.0,10.0
2019/08/14,Wednesday,0.0,0.0,31.0,0.019,16.0,9.0
2019/08/15,Thursday,1.0,1.0,26.5,0.013,7.0,3.0
2019/08/16,Friday,0.0,1.0,26.5,0.026,14.0,7.0
2019/08/17,Saturday,1.0,1.0,26.0,0.058,27.0,16.0
2019/08/18,Sunday,1.0,0.0,27.0,0.05,23.0,14.0
2019/08/19,Monday,0.0,0.0,26.0,0.035,23.0,14.0
2019/08/20,Tuesday,0.0,0.0,28.0,0.041,25.0,16.0
2019/08/21,Wednesday,0.0,1.0,27.0,0.032,27.0,18.0
2019/08/22,Thursday,0.0,0.0,27.0,0.035,32.0,22.0
2019/08/23,Friday,0.0,0.0,27.0,0.04,30.0,17.0
2019/08/24,Saturday,1.0,0.0,24.5,0.024,22.0,11.0
2019/08/25,Sunday,1.0,0.0,25.0,0.036000000000000004,19.0,11.0
2019/08/26,Monday,0.0,0.0,27.0,0.04,24.0,14.0
2019/08/27,Tuesday,0.0,1.0,25.5,0.037000000000000005,22.0,17.0
2019/08/28,Wednesday,0.0,1.0,27.0,0.038,28.0,18.0
2019/08/29,Thursday,0.0,1.0,23.0,0.031,24.0,15.0
2019/08/30,Friday,0.0,1.0,23.5,0.025,17.0,9.0
2019/08/31,Saturday,1.0,0.0,24.0,0.032,17.0,10.0
2019/09/01,Sunday,1.0,0.0,23.5,0.032,17.0,11.0
2019/09/02,Monday,0.0,0.0,24.5,0.026,24.0,13.0
2019/09/03,Tuesday,0.0,1.0,25.0,0.017,19.0,10.0
2019/09/04,Wednesday,0.0,1.0,23.5,0.016,7.0,3.0
2019/09/05,Thursday,0.0,1.0,25.0,0.006999999999999999,7.0,4.0
2019/09/06,Friday,0.0,1.0,25.5,0.009000000000000001,13.0,5.0
2019/09/07,Saturday,1.0,1.0,26.5,,,
2019/09/08,Sunday,1.0,1.0,25.0,,,
2019/09/09,Monday,0.0,1.0,25.0,0.014,33.0,22.0
2019/09/10,Tuesday,0.0,1.0,24.5,0.013,10.0,6.0
2019/09/11,Wednesday,0.0,1.0,24.5,0.036000000000000004,8.0,3.0
2019/09/12,Thursday,1.0,1.0,21.0,0.023,11.0,6.0
2019/09/13,Friday,1.0,1.0,23.5,0.028,11.0,5.0
2019/09/14,Saturday,1.0,1.0,22.5,0.018000000000000002,16.0,8.0
2019/09/15,Sunday,1.0,0.0,25.0,0.029,13.0,8.0
2019/09/16,Monday,0.0,0.0,26.0,0.022,10.0,5.0
2019/09/17,Tuesday,0.0,0.0,23.5,0.024,23.0,8.0
2019/09/18,Wednesday,0.0,0.0,20.5,0.022,31.0,12.0
2019/09/19,Thursday,0.0,0.0,20.0,0.026,29.0,10.0
2019/09/20,Friday,0.0,0.0,20.0,0.014,22.0,8.0
2019/09/21,Saturday,1.0,0.0,20.0,0.017,15.0,5.0
2019/09/22,Sunday,1.0,1.0,18.5,0.036000000000000004,5.0,2.0
2019/09/23,Monday,0.0,0.0,21.0,0.032,11.0,5.0
2019/09/24,Tuesday,0.0,0.0,20.5,0.016,24.0,12.0
2019/09/25,Wednesday,0.0,0.0,21.0,0.019,28.0,15.0
2019/09/26,Thursday,0.0,0.0,23.5,0.016,25.0,15.0
2019/09/27,Friday,0.0,0.0,23.5,0.011,23.0,11.0
2019/09/28,Saturday,1.0,0.0,24.0,0.018000000000000002,26.0,16.0
2019/09/29,Sunday,1.0,0.0,23.5,0.031,34.0,23.0
2019/09/30,Monday,0.0,0.0,23.0,0.032,46.0,33.0
2019/10/01,Tuesday,0.0,,,0.024,40.0,28.0
2019/10/02,Wednesday,0.0,,,0.006,19.0,14.0
2019/10/03,Thursday,1.0,,,0.018000000000000002,7.0,5.0
2019/10/04,Friday,0.0,,,0.018000000000000002,21.0,15.0
2019/10/05,Saturday,1.0,,,0.023,40.0,25.0
2019/10/06,Sunday,1.0,,,0.031,12.0,5.0
2019/10/07,Monday,0.0,,,0.01,11.0,8.0
2019/10/08,Tuesday,0.0,,,0.025,24.0,10.0
2019/10/09,Wednesday,1.0,,,0.013,25.0,11.0
2019/10/10,Thursday,0.0,,,0.006999999999999999,29.0,15.0
2019/10/11,Friday,0.0,,,0.02,31.0,18.0
2019/10/12,Saturday,1.0,,,0.036000000000000004,25.0,11.0
2019/10/13,Sunday,1.0,,,0.029,17.0,8.0
2019/10/14,Monday,0.0,,,0.017,30.0,15.0
2019/10/15,Tuesday,0.0,,,0.015,21.0,8.0
2019/10/16,Wednesday,0.0,,,0.018000000000000002,28.0,15.0
2019/10/17,Thursday,0.0,,,0.019,31.0,17.0
2019/10/18,Friday,0.0,,,0.017,18.0,9.0
2019/10/19,Saturday,1.0,,,0.022,22.0,11.0
2019/10/20,Sunday,1.0,,,0.022,35.0,25.0
2019/10/21,Monday,0.0,,,0.021,36.0,22.0
2019/10/22,Tuesday,0.0,,,0.017,35.0,21.0
2019/10/23,Wednesday,0.0,,,0.016,25.0,14.0
2019/10/24,Thursday,0.0,,,0.036000000000000004,27.0,17.0
2019/10/25,Friday,0.0,,,0.025,23.0,11.0
2019/10/26,Saturday,1.0,,,0.023,24.0,13.0
2019/10/27,Sunday,1.0,,,0.022,25.0,14.0
2019/10/28,Monday,0.0,,,0.026,29.0,18.0
2019/10/29,Tuesday,0.0,,,0.02,84.0,24.0
2019/10/30,Wednesday,0.0,,,0.015,26.0,11.0
2019/10/31,Thursday,0.0,,,0.024,64.0,23.0
