,MSRDT_DE,MSRSTE_NM,NO2,O3,CO,SO2,PM10,PM25
22,20170101,송파구,0.04,0.004,1.2,0.005,64.0,49.0
61,20170102,송파구,0.037000000000000005,0.017,1.0,0.005,93.0,64.0
100,20170103,송파구,0.038,0.017,0.9,0.006,76.0,47.0
139,20170104,송파구,0.047,0.008,1.1,0.006,55.0,33.0
178,20170105,송파구,0.032,0.013999999999999999,0.8,0.006,31.0,19.0
217,20170106,송파구,0.032,0.016,0.6,0.005,22.0,13.0
256,20170107,송파구,0.044000000000000004,0.005,1.0,0.006,48.0,31.0
295,20170108,송파구,0.032,0.017,0.7,0.004,28.0,20.0
334,20170109,송파구,0.02,0.032,0.7,0.005,57.0,41.0
373,20170110,송파구,0.018000000000000002,0.027000000000000003,0.4,0.005,30.0,13.0
412,20170111,송파구,0.026000000000000002,0.019,0.4,0.004,24.0,10.0
451,20170112,송파구,0.027999999999999997,0.018000000000000002,0.6,0.005,33.0,14.0
490,20170113,송파구,0.018000000000000002,0.026000000000000002,0.4,0.004,40.0,11.0
529,20170114,송파구,0.012,0.027999999999999997,0.3,0.005,47.0,10.0
568,20170115,송파구,0.021,0.018000000000000002,0.4,0.004,27.0,13.0
607,20170116,송파구,0.042,0.006,1.0,0.006,58.0,31.0
646,20170117,송파구,0.057,0.003,1.4,0.008,66.0,43.0
685,20170118,송파구,0.065,0.003,1.6,0.008,94.0,68.0
724,20170119,송파구,0.057999999999999996,0.004,1.3,0.006,105.0,65.0
763,20170120,송파구,0.035,0.017,0.6,0.005,53.0,32.0
802,20170121,송파구,0.044000000000000004,0.006999999999999999,0.8,0.005,54.0,36.0
841,20170122,송파구,0.013999999999999999,0.032,0.5,0.006,78.0,23.0
880,20170123,송파구,0.025,0.024,0.5,0.005,45.0,30.0
919,20170124,송파구,0.045,0.011000000000000001,0.8,0.006,43.0,29.0
958,20170125,송파구,0.057999999999999996,0.006999999999999999,1.1,0.006,54.0,39.0
997,20170126,송파구,0.057999999999999996,0.01,1.2,0.006999999999999999,64.0,45.0
1036,20170127,송파구,0.016,0.03,0.5,0.004,126.0,17.0
1075,20170128,송파구,0.031,0.012,0.6,0.005,36.0,12.0
1114,20170129,송파구,0.035,0.005,0.7,0.005,24.0,13.0
1153,20170130,송파구,0.017,0.028999999999999998,0.5,0.005,49.0,30.0
1192,20170131,송파구,0.042,0.006999999999999999,0.7,0.004,34.0,20.0
1231,20170201,송파구,0.035,0.016,0.9,0.005,39.0,20.0
1270,20170202,송파구,0.036000000000000004,0.015,0.6,0.004,35.0,15.0
1309,20170203,송파구,0.045,0.02,0.9,0.006,64.0,40.0
1348,20170204,송파구,0.06,0.004,1.3,0.005,94.0,63.0
1387,20170205,송파구,0.037000000000000005,0.018000000000000002,0.9,0.005,60.0,46.0
1426,20170206,송파구,0.022000000000000002,0.032,0.5,0.005,40.0,24.0
1465,20170207,송파구,0.044000000000000004,0.008,0.7,0.005,43.0,22.0
1504,20170208,송파구,0.048,0.008,0.9,0.006,61.0,32.0
1543,20170209,송파구,0.017,0.03,0.4,0.004,54.0,16.0
1582,20170210,송파구,0.013999999999999999,0.032,0.4,0.004,33.0,15.0
1621,20170211,송파구,0.017,0.027999999999999997,0.3,0.005,29.0,14.0
1660,20170212,송파구,0.027999999999999997,0.02,0.6,0.005,31.0,17.0
1699,20170213,송파구,0.05,0.006999999999999999,0.9,0.005,47.0,26.0
1738,20170214,송파구,0.045,0.013000000000000001,0.8,0.005,51.0,29.0
1777,20170215,송파구,0.061,0.008,1.1,0.008,66.0,40.0
1816,20170216,송파구,0.054000000000000006,0.015,1.1,0.006999999999999999,69.0,44.0
1855,20170217,송파구,0.021,0.028999999999999998,0.4,0.004,48.0,18.0
1894,20170218,송파구,0.023,0.03,0.4,0.004,32.0,18.0
1933,20170219,송파구,0.033,0.022000000000000002,0.6,0.005,42.0,27.0
1972,20170220,송파구,0.018000000000000002,0.034,0.4,0.004,44.0,26.0
2011,20170221,송파구,0.04,0.016,0.6,0.005,47.0,33.0
2050,20170222,송파구,0.043,0.008,0.8,0.005,40.0,29.0
2089,20170223,송파구,0.017,0.037000000000000005,0.4,0.005,35.0,24.0
2128,20170224,송파구,0.027000000000000003,0.027999999999999997,0.5,0.005,27.0,18.0
2167,20170225,송파구,0.038,0.021,0.7,0.005,42.0,33.0
2206,20170226,송파구,0.031,0.023,0.7,0.005,40.0,28.0
2245,20170227,송파구,0.044000000000000004,0.013999999999999999,0.8,0.006,45.0,29.0
2284,20170228,송파구,0.053,0.017,0.8,0.006999999999999999,51.0,31.0
2323,20170301,송파구,0.046,0.024,0.8,0.006,57.0,40.0
2362,20170302,송파구,0.024,0.032,0.5,0.004,31.0,23.0
2401,20170303,송파구,0.038,0.022000000000000002,0.6,0.005,46.0,27.0
2440,20170304,송파구,0.049,0.013999999999999999,0.8,0.006,54.0,33.0
2479,20170305,송파구,0.044000000000000004,0.024,0.8,0.005,61.0,47.0
2518,20170306,송파구,0.016,0.038,0.4,0.004,35.0,26.0
2557,20170307,송파구,0.015,0.038,0.4,0.004,33.0,23.0
2596,20170308,송파구,0.02,0.033,0.5,0.005,46.0,23.0
2635,20170309,송파구,0.026000000000000002,0.031,0.5,0.005,49.0,24.0
2674,20170310,송파구,0.04,0.023,0.7,0.006,48.0,30.0
2713,20170311,송파구,0.054000000000000006,0.018000000000000002,0.8,0.008,71.0,41.0
2752,20170312,송파구,0.054000000000000006,0.026000000000000002,0.9,0.006999999999999999,89.0,74.0
2791,20170313,송파구,0.024,0.038,0.6,0.005,63.0,46.0
2830,20170314,송파구,0.025,0.033,0.7,0.005,45.0,27.0
2869,20170315,송파구,0.034,0.024,0.5,0.004,46.0,29.0
2908,20170316,송파구,0.055,0.019,0.7,0.006,71.0,49.0
2947,20170317,송파구,0.055,0.022000000000000002,0.8,0.006,69.0,61.0
2986,20170318,송파구,0.051,0.03,0.8,0.006999999999999999,71.0,48.0
3025,20170319,송파구,0.044000000000000004,0.027999999999999997,0.8,0.005,78.0,55.0
3064,20170320,송파구,0.064,0.008,0.9,0.006,106.0,74.0
3103,20170321,송파구,0.038,0.03,0.7,0.006,105.0,70.0
3142,20170322,송파구,0.033,0.031,0.6,0.005,60.0,35.0
3181,20170323,송파구,0.048,0.024,0.7,0.006,82.0,38.0
3220,20170324,송파구,0.045,0.019,0.6,0.005,66.0,34.0
3259,20170325,송파구,0.040999999999999995,0.024,0.6,0.005,69.0,39.0
3298,20170326,송파구,0.031,0.035,0.6,0.006,63.0,39.0
3337,20170327,송파구,0.03,0.038,0.8,0.005,71.0,49.0
3376,20170328,송파구,0.040999999999999995,0.021,0.8,0.005,78.0,47.0
3415,20170329,송파구,0.034,0.037000000000000005,0.6,0.005,59.0,36.0
3454,20170330,송파구,0.049,0.024,0.7,0.005,77.0,41.0
3493,20170331,송파구,0.038,0.021,0.6,0.004,47.0,27.0
3532,20170401,송파구,0.022000000000000002,0.033,0.5,0.004,22.0,14.0
3571,20170402,송파구,0.025,0.037000000000000005,0.5,0.005,50.0,30.0
3610,20170403,송파구,0.048,0.032,0.7,0.005,83.0,50.0
3649,20170404,송파구,0.049,0.033,0.7,0.006999999999999999,78.0,37.0
3688,20170405,송파구,0.045,0.025,0.6,0.005,50.0,27.0
3727,20170406,송파구,0.027000000000000003,0.027999999999999997,0.5,0.005,26.0,15.0
3766,20170407,송파구,0.043,0.02,0.6,0.004,44.0,23.0
3805,20170408,송파구,0.045,0.021,0.7,0.005,60.0,34.0
3844,20170409,송파구,0.02,0.034,0.5,0.004,37.0,18.0
3883,20170410,송파구,0.016,0.044000000000000004,0.4,0.004,25.0,12.0
3922,20170411,송파구,0.025,0.039,0.4,0.004,61.0,19.0
3961,20170412,송파구,0.015,0.043,0.4,0.004,81.0,11.0
4000,20170413,송파구,0.026000000000000002,0.04,0.5,0.006,78.0,22.0
4039,20170414,송파구,0.023,0.051,0.5,0.006,64.0,22.0
4078,20170415,송파구,0.026000000000000002,0.044000000000000004,0.6,0.005,70.0,28.0
4117,20170416,송파구,0.038,0.028999999999999998,0.7,0.006,70.0,30.0
4156,20170417,송파구,0.037000000000000005,0.021,0.6,0.005,58.0,24.0
4195,20170418,송파구,0.027000000000000003,0.026000000000000002,0.5,0.004,43.0,20.0
4234,20170419,송파구,0.021,0.032,0.4,0.005,102.0,17.0
4273,20170420,송파구,0.032,0.027000000000000003,0.5,0.005,99.0,21.0
4312,20170421,송파구,0.038,0.025,0.6,0.004,81.0,22.0
4351,20170422,송파구,0.027000000000000003,0.032,0.5,0.004,64.0,21.0
4390,20170423,송파구,0.024,0.046,0.5,0.006,58.0,22.0
4429,20170424,송파구,0.031,0.036000000000000004,0.5,0.005,53.0,20.0
4468,20170425,송파구,0.036000000000000004,0.040999999999999995,0.5,0.006,67.0,46.0
4507,20170426,송파구,0.017,0.042,0.5,0.004,49.0,15.0
4546,20170427,송파구,0.021,0.04,0.5,0.005,52.0,14.0
4585,20170428,송파구,0.026000000000000002,0.045,0.7,0.006,75.0,23.0
4624,20170429,송파구,0.03,0.037000000000000005,0.6,0.006,70.0,25.0
4663,20170430,송파구,0.023,0.07400000000000001,0.7,0.006,103.0,50.0
4702,20170501,송파구,0.028999999999999998,0.055999999999999994,0.7,0.005,95.0,46.0
4741,20170502,송파구,0.046,0.040999999999999995,0.7,0.006,106.0,46.0
4780,20170503,송파구,0.044000000000000004,0.049,0.7,0.006,86.0,35.0
4819,20170504,송파구,0.040999999999999995,0.032,0.6,0.005,73.0,33.0
4858,20170505,송파구,0.021,0.038,0.4,0.005,65.0,26.0
4897,20170506,송파구,0.013000000000000001,0.046,0.4,0.005,243.0,24.0
4936,20170507,송파구,0.019,0.045,0.4,0.005,112.0,16.0
4975,20170508,송파구,0.035,0.042,0.6,0.006,194.0,42.0
5014,20170509,송파구,0.035,0.022000000000000002,0.5,0.006,136.0,33.0
5053,20170510,송파구,0.023,0.028999999999999998,0.4,0.004,42.0,19.0
5092,20170511,송파구,0.039,0.027999999999999997,0.6,0.005,75.0,35.0
5131,20170512,송파구,0.042,0.028999999999999998,0.7,0.006,78.0,46.0
5170,20170513,송파구,0.025,0.038,0.5,0.004,59.0,28.0
5209,20170514,송파구,0.013999999999999999,0.043,0.4,0.004,70.0,17.0
5248,20170515,송파구,0.023,0.033,0.4,0.004,51.0,13.0
5287,20170516,송파구,0.027999999999999997,0.032,0.5,0.004,39.0,17.0
5326,20170517,송파구,0.036000000000000004,0.031,0.5,0.005,44.0,19.0
5365,20170518,송파구,0.034,0.047,0.5,0.004,55.0,28.0
5404,20170519,송파구,0.034,0.042,0.5,0.005,57.0,27.0
5443,20170520,송파구,0.038,0.035,0.5,0.005,48.0,23.0
5482,20170521,송파구,0.023,0.04,0.4,0.005,33.0,19.0
5521,20170522,송파구,0.031,0.032,0.5,0.005,51.0,30.0
5560,20170523,송파구,0.028999999999999998,0.02,0.4,0.005,41.0,22.0
5599,20170524,송파구,0.026000000000000002,0.022000000000000002,0.5,0.004,29.0,15.0
5638,20170525,송파구,0.025,0.037000000000000005,0.4,0.004,45.0,15.0
5677,20170526,송파구,0.018000000000000002,0.037000000000000005,0.3,0.004,29.0,7.0
5716,20170527,송파구,0.028999999999999998,0.037000000000000005,0.4,0.004,40.0,14.0
5755,20170528,송파구,0.025,0.05,0.5,0.005,53.0,22.0
5794,20170529,송파구,0.027000000000000003,0.057,0.6,0.006999999999999999,79.0,33.0
5833,20170530,송파구,0.028999999999999998,0.044000000000000004,0.5,0.006,56.0,22.0
5872,20170531,송파구,0.038,0.027000000000000003,0.5,0.006,45.0,20.0
5911,20170601,송파구,0.017,0.038,0.4,0.004,46.0,18.0
5950,20170602,송파구,0.016,0.038,0.3,0.004,33.0,9.0
5989,20170603,송파구,0.015,0.04,0.4,0.004,35.0,12.0
6028,20170604,송파구,0.022000000000000002,0.036000000000000004,0.4,0.004,34.0,14.0
6067,20170605,송파구,0.021,0.047,0.4,0.003,29.0,14.0
6106,20170606,송파구,0.013000000000000001,0.045,0.4,0.004,20.0,10.0
6145,20170607,송파구,0.022000000000000002,0.024,0.5,0.003,17.0,9.0
6184,20170608,송파구,0.022000000000000002,0.055,0.6,0.005,44.0,27.0
6223,20170609,송파구,0.025,0.057,0.5,0.005,61.0,34.0
6262,20170610,송파구,0.022000000000000002,0.043,0.5,0.004,52.0,22.0
6301,20170611,송파구,0.02,0.036000000000000004,0.3,0.004,31.0,11.0
6340,20170612,송파구,0.017,0.049,0.3,0.004,33.0,11.0
6379,20170613,송파구,0.024,0.03,0.4,0.004,40.0,16.0
6418,20170614,송파구,0.024,0.04,0.5,0.004,51.0,20.0
6457,20170615,송파구,0.026000000000000002,0.048,0.5,0.005,56.0,23.0
6496,20170616,송파구,0.027999999999999997,0.064,0.6,0.006,75.0,28.0
6535,20170617,송파구,0.027999999999999997,0.064,0.5,0.006,56.0,24.0
6574,20170618,송파구,0.03,0.045,0.5,0.005,50.0,24.0
6613,20170619,송파구,0.038,0.034,0.5,0.005,57.0,25.0
6652,20170620,송파구,0.042,0.044000000000000004,0.6,0.004,63.0,22.0
6691,20170621,송파구,0.027999999999999997,0.04,0.5,0.005,65.0,23.0
6730,20170622,송파구,0.023,0.042,0.4,0.004,43.0,24.0
6769,20170623,송파구,0.037000000000000005,0.040999999999999995,0.5,0.005,51.0,23.0
6808,20170624,송파구,0.048,0.017,0.6,0.005,49.0,22.0
6847,20170625,송파구,0.026000000000000002,0.032,0.6,0.003,36.0,18.0
6886,20170626,송파구,0.02,0.037000000000000005,0.5,0.004,27.0,13.0
6925,20170627,송파구,0.023,0.04,0.5,0.004,33.0,17.0
6964,20170628,송파구,0.028999999999999998,0.040999999999999995,0.6,0.003,51.0,26.0
7003,20170629,송파구,0.03,0.040999999999999995,0.6,0.005,50.0,31.0
7042,20170630,송파구,0.03,0.04,0.6,0.004,50.0,34.0
7081,20170701,송파구,0.027999999999999997,0.031,0.6,0.004,36.0,26.0
7120,20170702,송파구,0.016,0.016,0.4,0.003,19.0,11.0
7159,20170703,송파구,0.018000000000000002,0.027000000000000003,0.5,0.004,19.0,13.0
7198,20170704,송파구,0.024,0.033,0.6,0.003,27.0,21.0
7237,20170705,송파구,0.026000000000000002,0.043,0.7,0.005,35.0,24.0
7276,20170706,송파구,0.034,0.038,0.7,0.004,41.0,28.0
7315,20170707,송파구,0.023,0.016,0.5,0.004,18.0,10.0
7354,20170708,송파구,0.019,0.018000000000000002,0.5,0.004,22.0,13.0
7393,20170709,송파구,0.019,0.018000000000000002,0.6,0.004,23.0,13.0
7432,20170710,송파구,0.023,0.012,0.4,0.005,15.0,7.0
7471,20170711,송파구,0.021,0.035,0.5,0.004,33.0,21.0
7510,20170712,송파구,0.023,0.039,0.6,0.004,43.0,27.0
7549,20170713,송파구,0.028999999999999998,0.037000000000000005,0.7,0.004,48.0,31.0
7588,20170714,송파구,0.026000000000000002,0.034,0.6,0.005,42.0,28.0
7627,20170715,송파구,0.019,0.02,0.4,0.004,17.0,11.0
7666,20170716,송파구,0.016,0.019,0.4,0.004,15.0,9.0
7705,20170717,송파구,0.018000000000000002,0.018000000000000002,0.4,0.004,21.0,12.0
7744,20170718,송파구,0.027000000000000003,0.022000000000000002,0.6,0.005,24.0,19.0
7783,20170719,송파구,0.024,0.043,0.6,0.004,34.0,24.0
7822,20170720,송파구,0.027999999999999997,0.043,0.7,0.006,48.0,34.0
7861,20170721,송파구,0.022000000000000002,0.052000000000000005,0.7,0.006999999999999999,54.0,40.0
7900,20170722,송파구,0.022000000000000002,0.038,0.7,0.006,48.0,39.0
7939,20170723,송파구,0.019,0.028999999999999998,0.6,0.006,37.0,29.0
7978,20170724,송파구,0.028999999999999998,0.013999999999999999,0.7,0.003,31.0,21.0
8017,20170725,송파구,0.017,0.024,0.5,0.004,21.0,13.0
8056,20170726,송파구,0.013000000000000001,0.04,0.4,0.003,15.0,9.0
8095,20170727,송파구,0.025,0.03,0.4,0.004,25.0,14.0
8134,20170728,송파구,0.026000000000000002,0.013000000000000001,0.6,0.004,19.0,14.0
8173,20170729,송파구,0.013999999999999999,0.026000000000000002,0.5,0.004,14.0,7.0
8212,20170730,송파구,0.015,0.038,0.5,0.004,19.0,15.0
8251,20170731,송파구,0.027999999999999997,0.011000000000000001,0.6,0.003,18.0,12.0
8290,20170801,송파구,0.023,0.022000000000000002,0.5,0.004,20.0,11.0
8329,20170802,송파구,0.031,0.026000000000000002,0.6,0.004,32.0,20.0
8368,20170803,송파구,0.017,0.035,0.5,0.004,21.0,12.0
8407,20170804,송파구,0.017,0.043,0.5,0.004,25.0,17.0
8446,20170805,송파구,0.025,0.035,0.5,0.005,29.0,19.0
8485,20170806,송파구,0.021,0.023,0.5,0.003,24.0,17.0
8524,20170807,송파구,0.02,0.044000000000000004,0.5,0.004,30.0,21.0
8563,20170808,송파구,0.022000000000000002,0.052000000000000005,0.6,0.005,37.0,25.0
8602,20170809,송파구,0.022000000000000002,0.032,0.5,0.004,30.0,14.0
8641,20170810,송파구,0.016,0.027000000000000003,0.5,0.003,8.0,5.0
8680,20170811,송파구,0.004,0.018000000000000002,0.7,0.003,11.0,5.0
8719,20170812,송파구,0.01,0.022000000000000002,0.4,0.003,9.0,4.0
8758,20170813,송파구,0.011000000000000001,0.021,0.3,0.004,8.0,5.0
8797,20170814,송파구,0.013999999999999999,0.011000000000000001,0.3,0.004,8.0,4.0
8836,20170815,송파구,0.012,0.011000000000000001,0.3,0.003,6.0,3.0
8875,20170816,송파구,0.013999999999999999,0.011000000000000001,0.4,0.004,7.0,4.0
8914,20170817,송파구,0.016,0.013000000000000001,0.5,0.003,11.0,5.0
8953,20170818,송파구,0.027999999999999997,0.013999999999999999,0.6,0.004,25.0,15.0
8992,20170819,송파구,0.019,0.021,0.6,0.003,22.0,11.0
9031,20170820,송파구,0.01,0.025,0.4,0.003,9.0,5.0
9070,20170821,송파구,0.017,0.017,0.4,0.004,12.0,6.0
9109,20170822,송파구,0.02,0.023,0.5,0.005,18.0,10.0
9148,20170823,송파구,0.018000000000000002,0.006999999999999999,0.5,0.004,17.0,8.0
9187,20170824,송파구,0.015,0.016,0.5,0.005,18.0,7.0
9226,20170825,송파구,0.027999999999999997,0.022000000000000002,0.6,0.004,22.0,10.0
9265,20170826,송파구,0.027000000000000003,0.023,0.5,0.005,24.0,10.0
9304,20170827,송파구,0.024,0.016,0.5,0.004,23.0,12.0
9343,20170828,송파구,0.031,0.016,0.5,0.005,28.0,15.0
9382,20170829,송파구,0.012,0.022000000000000002,0.4,0.003,14.0,8.0
9421,20170830,송파구,0.035,0.013999999999999999,0.4,0.005,26.0,9.0
9460,20170831,송파구,0.026000000000000002,0.027000000000000003,0.4,0.004,33.0,18.0
9499,20170901,송파구,0.02,0.026000000000000002,0.3,0.004,20.0,10.0
9538,20170902,송파구,0.024,0.023,0.4,0.004,24.0,13.0
9577,20170903,송파구,0.024,0.031,0.4,0.003,26.0,17.0
9616,20170904,송파구,0.03,0.021,0.3,0.005,27.0,14.0
9655,20170905,송파구,0.03,0.009000000000000001,0.4,0.004,25.0,13.0
9694,20170906,송파구,0.034,0.006999999999999999,0.5,0.004,26.0,16.0
9733,20170907,송파구,0.028999999999999998,0.023,0.5,0.003,34.0,22.0
9772,20170908,송파구,0.037000000000000005,0.025,0.7,0.004,41.0,25.0
9811,20170909,송파구,0.040999999999999995,0.027000000000000003,0.7,0.005,53.0,34.0
9850,20170910,송파구,0.028999999999999998,0.019,0.6,0.004,47.0,30.0
9889,20170911,송파구,0.021,0.027000000000000003,0.4,0.004,19.0,13.0
9928,20170912,송파구,0.023,0.023,0.4,0.004,25.0,11.0
9967,20170913,송파구,0.032,0.02,0.4,0.004,26.0,8.0
10006,20170914,송파구,0.027000000000000003,0.024,0.4,0.004,27.0,13.0
10045,20170915,송파구,0.013999999999999999,0.03,0.3,0.003,16.0,8.0
10084,20170916,송파구,0.013000000000000001,0.025,0.2,0.004,10.0,5.0
10123,20170917,송파구,0.01,0.027999999999999997,0.2,0.004,8.0,4.0
10162,20170918,송파구,0.023,0.023,0.3,0.004,20.0,10.0
10201,20170919,송파구,0.027000000000000003,0.04,0.6,0.005,59.0,39.0
10240,20170920,송파구,0.019,0.027000000000000003,0.3,0.004,21.0,9.0
10279,20170921,송파구,0.033,0.026000000000000002,0.4,0.004,26.0,14.0
10318,20170922,송파구,0.031,0.033,0.4,0.004,28.0,18.0
10357,20170923,송파구,0.031,0.03,0.5,0.004,53.0,25.0
10396,20170924,송파구,0.022000000000000002,0.035,0.6,0.004,57.0,35.0
10435,20170925,송파구,0.031,0.025,0.8,0.005,44.0,24.0
10474,20170926,송파구,0.033,0.026000000000000002,0.6,0.004,43.0,23.0
10513,20170927,송파구,0.033,0.018000000000000002,0.5,0.004,34.0,18.0
10552,20170928,송파구,0.016,0.03,0.3,0.004,22.0,7.0
10591,20170929,송파구,0.024,0.025,0.4,0.005,23.0,8.0
10630,20170930,송파구,0.028999999999999998,0.027000000000000003,0.5,0.005,33.0,16.0
10669,20171001,송파구,0.025,0.013000000000000001,0.6,0.004,29.0,17.0
10708,20171002,송파구,0.015,0.028999999999999998,0.4,0.004,15.0,9.0
10747,20171003,송파구,0.013000000000000001,0.025,0.3,0.004,33.0,11.0
10786,20171004,송파구,0.01,0.027999999999999997,0.3,0.003,20.0,8.0
10825,20171005,송파구,0.013000000000000001,0.023,0.3,0.004,15.0,7.0
10864,20171006,송파구,0.011000000000000001,0.026000000000000002,0.3,0.003,10.0,6.0
10903,20171007,송파구,0.015,0.021,0.3,0.004,9.0,5.0
10942,20171008,송파구,0.02,0.023,0.5,0.004,18.0,12.0
10981,20171009,송파구,0.027000000000000003,0.025,0.6,0.005,25.0,17.0
11020,20171010,송파구,0.028999999999999998,0.011000000000000001,0.6,0.005,27.0,16.0
11059,20171011,송파구,0.013999999999999999,0.021,0.4,0.004,9.0,6.0
11098,20171012,송파구,0.024,0.011000000000000001,0.4,0.003,19.0,9.0
11137,20171013,송파구,0.026000000000000002,0.012,0.4,0.003,25.0,13.0
11176,20171014,송파구,0.023,0.019,0.4,0.004,21.0,10.0
11215,20171015,송파구,0.021,0.021,0.4,0.004,21.0,11.0
11254,20171016,송파구,0.027000000000000003,0.016,0.4,0.004,27.0,14.0
11293,20171017,송파구,0.034,0.013999999999999999,0.5,0.004,36.0,18.0
11332,20171018,송파구,0.025,0.018000000000000002,0.3,0.004,22.0,12.0
11371,20171019,송파구,0.024,0.02,0.3,0.004,16.0,8.0
11410,20171020,송파구,0.036000000000000004,0.012,0.5,0.005,26.0,12.0
11449,20171021,송파구,0.034,0.013000000000000001,0.5,0.004,35.0,17.0
11488,20171022,송파구,0.017,0.027000000000000003,0.3,0.004,20.0,10.0
11527,20171023,송파구,0.024,0.025,0.3,0.003,26.0,9.0
11566,20171024,송파구,0.035,0.012,0.4,0.004,31.0,13.0
11605,20171025,송파구,0.04,0.013999999999999999,0.5,0.004,39.0,20.0
11644,20171026,송파구,0.046,0.009000000000000001,0.7,0.005,47.0,25.0
11683,20171027,송파구,0.043,0.017,0.7,0.005,54.0,29.0
11722,20171028,송파구,0.040999999999999995,0.016,0.6,0.004,44.0,24.0
11761,20171029,송파구,0.024,0.02,0.5,0.005,62.0,21.0
11800,20171030,송파구,0.022000000000000002,0.022000000000000002,0.3,0.004,36.0,14.0
11839,20171031,송파구,0.042,0.011000000000000001,0.6,0.005,35.0,16.0
11878,20171101,송파구,0.037000000000000005,0.019,0.5,0.004,35.0,19.0
11917,20171102,송파구,0.034,0.023,0.5,0.004,42.0,25.0
11956,20171103,송파구,0.025,0.027000000000000003,0.4,0.003,33.0,23.0
11995,20171104,송파구,0.02,0.024,0.4,0.004,46.0,36.0
12034,20171105,송파구,0.033,0.012,0.6,0.004,42.0,30.0
12073,20171106,송파구,0.04,0.01,0.5,0.005,30.0,19.0
12112,20171107,송파구,0.046,0.006999999999999999,0.6,0.005,39.0,22.0
12151,20171108,송파구,0.022000000000000002,0.031,0.4,0.004,56.0,26.0
12190,20171109,송파구,0.040999999999999995,0.01,0.5,0.005,50.0,24.0
12229,20171110,송파구,0.033,0.015,0.6,0.006,44.0,20.0
12268,20171111,송파구,0.02,0.018000000000000002,0.4,0.004,74.0,14.0
12307,20171112,송파구,0.033,0.009000000000000001,0.6,0.005,32.0,18.0
12346,20171113,송파구,0.042,0.005,0.6,0.005,37.0,22.0
12385,20171114,송파구,0.021,0.019,0.4,0.004,39.0,14.0
12424,20171115,송파구,0.019,0.021,0.4,0.004,25.0,12.0
12463,20171116,송파구,0.027999999999999997,0.013999999999999999,0.4,0.005,29.0,17.0
12502,20171117,송파구,0.045,0.004,0.7,0.006,51.0,29.0
12541,20171118,송파구,0.013000000000000001,0.024,0.4,0.004,42.0,26.0
12580,20171119,송파구,0.017,0.021,0.4,0.004,27.0,13.0
12619,20171120,송파구,0.036000000000000004,0.01,0.6,0.005,41.0,23.0
12658,20171121,송파구,0.047,0.005,0.8,0.005,58.0,35.0
12697,20171122,송파구,0.037000000000000005,0.012,0.7,0.005,70.0,34.0
12736,20171123,송파구,0.024,0.016,0.4,0.005,28.0,13.0
12775,20171124,송파구,0.026000000000000002,0.012,0.5,0.004,22.0,14.0
12814,20171125,송파구,0.037000000000000005,0.006,0.6,0.005,25.0,17.0
12853,20171126,송파구,0.027000000000000003,0.012,0.6,0.004,29.0,19.0
12892,20171127,송파구,0.043,0.005,0.8,0.005,49.0,30.0
12931,20171128,송파구,0.054000000000000006,0.004,1.1,0.006999999999999999,68.0,46.0
12970,20171129,송파구,0.031,0.011000000000000001,0.5,0.004,64.0,25.0
13009,20171130,송파구,0.017,0.026000000000000002,0.3,0.004,25.0,10.0
13048,20171201,송파구,0.031,0.013000000000000001,0.5,0.004,25.0,13.0
13087,20171202,송파구,0.040999999999999995,0.006,0.8,0.004,43.0,26.0
13126,20171203,송파구,0.035,0.006,0.6,0.005,43.0,29.0
13165,20171204,송파구,0.02,0.018000000000000002,0.5,0.004,41.0,22.0
13204,20171205,송파구,0.02,0.019,0.3,0.004,22.0,13.0
13243,20171206,송파구,0.032,0.009000000000000001,0.5,0.004,28.0,21.0
13282,20171207,송파구,0.027999999999999997,0.01,0.8,0.004,36.0,26.0
13321,20171208,송파구,0.023,0.016,0.6,0.005,31.0,24.0
13360,20171209,송파구,0.040999999999999995,0.005,0.7,0.006,40.0,25.0
13399,20171210,송파구,0.028999999999999998,0.012,0.5,0.004,34.0,23.0
13438,20171211,송파구,0.012,0.019,0.3,0.004,52.0,11.0
13477,20171212,송파구,0.019,0.016,0.4,0.005,33.0,18.0
13516,20171213,송파구,0.03,0.01,0.5,0.005,41.0,23.0
13555,20171214,송파구,0.042,0.004,0.7,0.006,54.0,36.0
13594,20171215,송파구,0.057,0.003,1.1,0.006999999999999999,76.0,55.0
13633,20171216,송파구,0.025,0.015,0.8,0.004,54.0,43.0
13672,20171217,송파구,0.016,0.023,0.5,0.005,39.0,14.0
13711,20171218,송파구,0.043,0.004,0.8,0.006,51.0,35.0
13750,20171219,송파구,0.022000000000000002,0.015,0.3,0.004,47.0,19.0
13789,20171220,송파구,0.042,0.005,0.8,0.005,43.0,29.0
13828,20171221,송파구,0.047,0.005,0.6,0.005,46.0,35.0
13867,20171222,송파구,0.052000000000000005,0.004,1.1,0.006,56.0,45.0
13906,20171223,송파구,0.046,0.011000000000000001,0.8,0.005,90.0,65.0
13945,20171224,송파구,0.038,0.012,0.8,0.004,66.0,54.0
13984,20171225,송파구,0.018000000000000002,0.023,0.4,0.004,36.0,16.0
14023,20171226,송파구,0.02,0.018000000000000002,0.4,0.004,34.0,15.0
14062,20171227,송파구,0.022000000000000002,0.016,0.4,0.005,31.0,14.0
14101,20171228,송파구,0.044000000000000004,0.004,0.9,0.006,61.0,30.0
14140,20171229,송파구,0.051,0.006,0.8,0.006999999999999999,102.0,61.0
14179,20171230,송파구,0.048,0.006,1.1,0.005,134.0,88.0
14218,20171231,송파구,0.018000000000000002,0.024,0.5,0.004,71.0,34.0
14257,20180101,송파구,0.027999999999999997,0.013000000000000001,0.7,0.004,52.0,23.0
14296,20180102,송파구,0.033,0.011000000000000001,0.9,0.005,53.0,27.0
14335,20180103,송파구,0.022000000000000002,0.016,0.4,0.004,40.0,20.0
14374,20180104,송파구,0.028999999999999998,0.013000000000000001,0.6,0.005,57.0,26.0
14413,20180105,송파구,0.038,0.008,0.7,0.006,65.0,36.0
14452,20180106,송파구,0.04,0.009000000000000001,0.7,0.005,60.0,29.0
14491,20180107,송파구,0.040999999999999995,0.005,0.9,0.005,57.0,31.0
14530,20180108,송파구,0.043,0.006999999999999999,0.8,0.006,54.0,36.0
14569,20180109,송파구,0.015,0.026000000000000002,0.3,0.004,48.0,21.0
14608,20180110,송파구,0.015,0.022000000000000002,0.3,0.004,36.0,11.0
14647,20180111,송파구,0.015,0.021,0.4,0.005,35.0,19.0
14686,20180112,송파구,0.026000000000000002,0.017,0.5,0.005,25.0,14.0
14725,20180113,송파구,0.044000000000000004,0.004,0.7,0.005,48.0,25.0
14764,20180114,송파구,0.034,0.013000000000000001,0.8,0.005,65.0,37.0
14803,20180115,송파구,0.045,0.011000000000000001,0.8,0.005,62.0,44.0
14842,20180116,송파구,0.055999999999999994,0.004,1.1,0.006999999999999999,104.0,72.0
14881,20180117,송파구,0.057,0.006,1.0,0.006,123.0,89.0
14920,20180118,송파구,0.037000000000000005,0.015,0.7,0.005,99.0,57.0
14959,20180119,송파구,0.034,0.017,0.5,0.006,76.0,29.0
14998,20180120,송파구,0.043,0.013999999999999999,0.9,0.006999999999999999,120.0,64.0
15037,20180121,송파구,0.033,0.015,0.6,0.004,84.0,38.0
15076,20180122,송파구,0.042,0.005,0.8,0.006,63.0,29.0
15115,20180123,송파구,0.013000000000000001,0.028999999999999998,0.2,0.005,26.0,11.0
15154,20180124,송파구,0.013999999999999999,0.027999999999999997,0.3,0.004,33.0,9.0
15193,20180125,송파구,0.015,0.027000000000000003,0.3,0.004,25.0,11.0
15232,20180126,송파구,0.018000000000000002,0.024,0.3,0.005,34.0,19.0
15271,20180127,송파구,0.038,0.009000000000000001,0.7,0.005,48.0,26.0
15310,20180128,송파구,0.027000000000000003,0.02,0.5,0.005,36.0,20.0
15349,20180129,송파구,0.016,0.027000000000000003,0.3,0.005,51.0,16.0
15388,20180130,송파구,0.038,0.009000000000000001,0.6,0.005,46.0,22.0
15427,20180131,송파구,0.04,0.006999999999999999,0.5,0.005,45.0,21.0
15466,20180201,송파구,0.038,0.011000000000000001,0.8,0.006,44.0,24.0
15505,20180202,송파구,0.047,0.006999999999999999,0.9,0.005,59.0,32.0
15544,20180203,송파구,0.017,0.025,0.4,0.005,40.0,20.0
15583,20180204,송파구,0.012,0.031,0.3,0.005,34.0,22.0
15622,20180205,송파구,0.015,0.027999999999999997,0.3,0.004,27.0,14.0
15661,20180206,송파구,0.013999999999999999,0.027999999999999997,0.3,0.004,32.0,19.0
15700,20180207,송파구,0.037000000000000005,0.011000000000000001,0.5,0.005,46.0,26.0
15739,20180208,송파구,0.052000000000000005,0.006,1.0,0.006,58.0,35.0
15778,20180209,송파구,0.055,0.006999999999999999,1.0,0.006999999999999999,68.0,43.0
15817,20180210,송파구,0.033,0.02,0.7,0.005,80.0,42.0
15856,20180211,송파구,0.013000000000000001,0.031,0.4,0.005,61.0,15.0
15895,20180212,송파구,0.018000000000000002,0.027999999999999997,0.3,0.005,57.0,15.0
15934,20180213,송파구,0.032,0.016,0.7,0.006,47.0,12.0
15973,20180214,송파구,0.027999999999999997,0.027999999999999997,0.7,0.006,73.0,28.0
16012,20180215,송파구,0.015,0.031,0.6,0.005,43.0,15.0
16051,20180216,송파구,0.035,0.008,0.6,0.004,52.0,24.0
16090,20180218,송파구,0.023,0.022000000000000002,0.6,0.004,42.0,17.0
16129,20180219,송파구,0.044000000000000004,0.01,1.0,0.006,65.0,37.0
16168,20180220,송파구,0.036000000000000004,0.019,1.0,0.005,71.0,42.0
16207,20180221,송파구,0.022000000000000002,0.027000000000000003,0.6,0.005,43.0,19.0
16246,20180222,송파구,0.033,0.022000000000000002,0.7,0.005,53.0,28.0
16285,20180223,송파구,0.034,0.022000000000000002,1.0,0.005,92.0,62.0
16324,20180224,송파구,0.031,0.024,0.8,0.004,84.0,53.0
16363,20180225,송파구,0.037000000000000005,0.016,0.8,0.006,51.0,31.0
16402,20180226,송파구,0.055999999999999994,0.009000000000000001,1.1,0.006,70.0,44.0
16441,20180227,송파구,0.073,0.003,1.4,0.009000000000000001,104.0,65.0
16480,20180228,송파구,0.042,0.013000000000000001,0.9,0.005,62.0,36.0
16519,20180301,송파구,0.017,0.036000000000000004,0.6,0.004,44.0,31.0
16558,20180302,송파구,0.036000000000000004,0.02,0.8,0.005,76.0,31.0
16597,20180303,송파구,0.043,0.016,0.8,0.006,66.0,26.0
16636,20180304,송파구,0.033,0.013000000000000001,0.9,0.004,25.0,17.0
16675,20180305,송파구,0.012,0.036000000000000004,0.4,0.004,9.0,5.0
16714,20180306,송파구,0.03,0.019,0.6,0.004,35.0,17.0
16753,20180307,송파구,0.017,0.031,0.6,0.004,28.0,14.0
16792,20180308,송파구,0.021,0.027000000000000003,0.6,0.004,32.0,24.0
16831,20180309,송파구,0.034,0.018000000000000002,0.9,0.004,48.0,33.0
16870,20180310,송파구,0.036000000000000004,0.021,0.9,0.005,50.0,31.0
16909,20180311,송파구,0.026000000000000002,0.032,0.7,0.005,53.0,30.0
16948,20180312,송파구,0.051,0.019,1.1,0.006,103.0,58.0
16987,20180313,송파구,0.038,0.023,1.1,0.006999999999999999,42.0,22.0
17026,20180314,송파구,0.023,0.03,0.5,0.005,25.0,11.0
17065,20180315,송파구,0.032,0.012,0.6,0.004,26.0,17.0
17104,20180316,송파구,0.012,0.037000000000000005,0.4,0.004,14.0,6.0
17143,20180317,송파구,0.03,0.019,0.6,0.004,33.0,17.0
17182,20180318,송파구,0.05,0.011000000000000001,0.9,0.005,54.0,37.0
17221,20180319,송파구,0.02,0.033,0.6,0.003,22.0,13.0
17260,20180320,송파구,0.009000000000000001,0.044000000000000004,0.5,0.003,23.0,9.0
17299,20180409,송파구,0.031,0.02,0.5,0.004,31.0,18.0
17338,20180410,송파구,0.024,0.03,0.6,0.005,58.0,20.0
17377,20180411,송파구,0.02,0.037000000000000005,0.4,0.005,77.0,27.0
17416,20180412,송파구,0.026000000000000002,0.027999999999999997,0.5,0.005,52.0,15.0
17455,20180413,송파구,0.027000000000000003,0.027999999999999997,0.5,0.003,42.0,16.0
17494,20180414,송파구,0.015,0.035,0.5,0.004,22.0,10.0
17533,20180415,송파구,0.015,0.034,0.4,0.005,96.0,22.0
17572,20180416,송파구,0.026000000000000002,0.025,0.5,0.005,43.0,23.0
17611,20180417,송파구,0.036000000000000004,0.027000000000000003,0.6,0.005,74.0,31.0
17650,20180418,송파구,0.048,0.013999999999999999,0.7,0.005,72.0,36.0
17689,20180419,송파구,0.04,0.04,0.5,0.008,57.0,25.0
17728,20180421,송파구,0.049,0.027999999999999997,0.7,0.006,85.0,45.0
17767,20180422,송파구,0.025,0.026000000000000002,0.5,0.005,44.0,23.0
17806,20180423,송파구,0.016,0.04,0.4,0.003,10.0,7.0
17845,20180424,송파구,0.011000000000000001,0.043,0.3,0.003,10.0,4.0
17884,20180425,송파구,0.03,0.026000000000000002,0.5,0.004,41.0,28.0
17923,20180426,송파구,0.045,0.005,0.8,0.005,55.0,36.0
17962,20180427,송파구,0.039,0.057999999999999996,0.6,0.006999999999999999,63.0,44.0
18001,20180428,송파구,0.038,0.031,0.6,0.005,43.0,24.0
18040,20180430,송파구,0.040999999999999995,0.04,0.7,0.005,69.0,48.0
18079,20180501,송파구,0.024,0.038,0.5,0.004,57.0,44.0
18118,20180502,송파구,0.027999999999999997,0.017,0.6,0.003,45.0,34.0
18157,20180503,송파구,0.016,0.034,0.4,0.003,31.0,14.0
18196,20180504,송파구,0.019,0.046,0.4,0.004,50.0,20.0
18235,20180505,송파구,0.022000000000000002,0.052000000000000005,0.5,0.005,46.0,23.0
18274,20180506,송파구,0.01,0.044000000000000004,0.4,0.004,15.0,10.0
18313,20180507,송파구,0.021,0.03,0.4,0.004,33.0,17.0
18352,20180508,송파구,0.011000000000000001,0.047,0.3,0.004,21.0,9.0
18391,20180509,송파구,0.013000000000000001,0.045,0.3,0.003,24.0,11.0
18430,20180510,송파구,0.032,0.032,0.5,0.005,44.0,22.0
18469,20180511,송파구,0.03,0.043,0.5,0.004,57.0,32.0
18508,20180512,송파구,0.037000000000000005,0.019,0.6,0.004,29.0,18.0
18547,20180513,송파구,0.017,0.031,0.5,0.004,23.0,15.0
18586,20180514,송파구,0.03,0.031,0.7,0.004,61.0,40.0
18625,20180515,송파구,0.034,0.037000000000000005,0.8,0.004,74.0,43.0
18664,20180516,송파구,0.027000000000000003,0.006999999999999999,0.6,0.004,38.0,25.0
18703,20180517,송파구,0.021,0.013999999999999999,0.6,0.004,17.0,11.0
18742,20180520,송파구,0.012,0.038,0.4,0.002,14.0,7.0
18781,20180521,송파구,0.018000000000000002,0.034,0.4,0.003,15.0,7.0
18820,20180527,송파구,0.028999999999999998,0.045,0.7,0.003,77.0,34.0
18859,20180528,송파구,0.035,0.022000000000000002,0.7,0.003,56.0,29.0
18898,20180601,송파구,0.035,0.038,0.7,0.003,45.0,27.0
18937,20180602,송파구,0.040999999999999995,0.025,0.7,0.004,44.0,29.0
18976,20180604,송파구,0.034,0.033,0.6,0.004,48.0,31.0
19015,20180605,송파구,0.021,0.034,0.5,0.003,44.0,33.0
19054,20180622,송파구,0.031,0.036000000000000004,0.7,0.003,44.0,27.0
19093,20180626,송파구,0.03,0.032,0.7,0.005,60.0,43.0
19132,20180630,송파구,0.026000000000000002,0.024,0.8,0.003,45.0,27.0
19171,20180701,송파구,0.015,0.015,0.5,0.002,14.0,5.0
19210,20180702,송파구,0.022000000000000002,0.025,0.6,0.002,10.0,4.0
19249,20180703,송파구,0.019,0.003,0.6,0.002,15.0,5.0
19288,20180706,송파구,0.01,0.02,0.4,0.003,7.0,2.0
19327,20180707,송파구,0.01,0.03,0.4,0.003,7.0,3.0
19366,20180708,송파구,0.009000000000000001,0.035,0.4,0.003,11.0,5.0
19405,20180709,송파구,0.015,0.012,0.4,0.003,9.0,4.0
19444,20180710,송파구,0.018000000000000002,0.006,0.5,0.003,19.0,9.0
19483,20180711,송파구,0.017,0.008,0.6,0.003,26.0,14.0
19522,20180712,송파구,0.017,0.009000000000000001,0.6,0.004,25.0,14.0
19561,20180713,송파구,0.015,0.005,0.5,0.004,19.0,11.0
19600,20180716,송파구,0.022000000000000002,0.022000000000000002,0.5,0.004,28.0,20.0
19639,20180717,송파구,0.022000000000000002,0.015,0.5,0.004,29.0,21.0
19678,20180718,송파구,0.023,0.024,0.6,0.004,34.0,25.0
19717,20180719,송파구,0.024,0.027999999999999997,0.6,0.004,33.0,24.0
19756,20180720,송파구,0.028999999999999998,0.038,0.6,0.004,38.0,27.0
19795,20180721,송파구,0.03,0.054000000000000006,0.7,0.005,48.0,33.0
19834,20180722,송파구,0.02,0.051,0.6,0.003,32.0,22.0
19873,20180723,송파구,0.02,0.036000000000000004,0.6,0.005,29.0,20.0
19912,20180724,송파구,0.024,0.05,0.6,0.004,40.0,27.0
19951,20180725,송파구,0.015,0.034,0.6,0.005,29.0,20.0
19990,20180726,송파구,0.022000000000000002,0.026000000000000002,0.7,0.004,35.0,24.0
20029,20180727,송파구,0.025,0.036000000000000004,0.7,0.003,47.0,33.0
20068,20180728,송파구,0.027999999999999997,0.019,0.7,0.003,34.0,23.0
20107,20180729,송파구,0.01,0.026000000000000002,0.5,0.002,19.0,13.0
20146,20180730,송파구,0.01,0.027000000000000003,0.5,0.002,11.0,5.0
20185,20180731,송파구,0.012,0.040999999999999995,0.5,0.002,16.0,8.0
20224,20180801,송파구,0.021,0.044000000000000004,0.6,0.003,26.0,15.0
20263,20180802,송파구,0.018000000000000002,0.047,0.6,0.004,33.0,20.0
20302,20180803,송파구,0.022000000000000002,0.06,0.7,0.004,42.0,31.0
20341,20180804,송파구,0.015,0.036000000000000004,0.6,0.003,28.0,19.0
20380,20180805,송파구,0.01,0.027000000000000003,0.5,0.003,23.0,15.0
20419,20180806,송파구,0.018000000000000002,0.023,0.6,0.002,27.0,18.0
20458,20180807,송파구,0.015,0.034,0.6,0.003,19.0,11.0
20497,20180808,송파구,0.018000000000000002,0.023,0.6,0.003,26.0,17.0
20536,20180809,송파구,0.022000000000000002,0.015,0.6,0.003,25.0,17.0
20575,20180810,송파구,0.015,0.028999999999999998,0.6,0.002,18.0,9.0
20614,20180811,송파구,0.011000000000000001,0.034,0.5,0.003,9.0,4.0
20653,20180812,송파구,0.01,0.034,0.5,0.003,14.0,10.0
20692,20180813,송파구,0.016,0.03,0.6,0.003,33.0,22.0
20731,20180814,송파구,0.018000000000000002,0.032,0.6,0.003,29.0,20.0
20770,20180815,송파구,0.015,0.036000000000000004,0.5,0.003,29.0,19.0
20809,20180816,송파구,0.01,0.026000000000000002,0.4,0.002,16.0,8.0
20848,20180817,송파구,0.009000000000000001,0.034,0.4,0.002,12.0,4.0
20887,20180818,송파구,0.01,0.040999999999999995,0.4,0.003,14.0,5.0
20926,20180819,송파구,0.016,0.047,0.5,0.003,22.0,12.0
20965,20180820,송파구,0.019,0.048,0.6,0.003,33.0,20.0
21004,20180821,송파구,0.013999999999999999,0.036000000000000004,0.6,0.003,24.0,14.0
21043,20180822,송파구,0.015,0.033,0.5,0.002,24.0,14.0
21082,20180823,송파구,0.012,0.016,0.5,0.002,15.0,7.0
21121,20180824,송파구,0.013000000000000001,0.016,0.5,0.003,8.0,3.0
21160,20180825,송파구,0.012,0.040999999999999995,0.6,0.003,24.0,13.0
21199,20180826,송파구,0.012,0.032,0.5,0.003,16.0,10.0
21238,20180827,송파구,0.016,0.021,0.5,0.002,9.0,4.0
21277,20180828,송파구,0.016,0.006999999999999999,0.5,0.003,10.0,4.0
21316,20180829,송파구,0.017,0.006999999999999999,0.5,0.003,14.0,6.0
21355,20180830,송파구,0.016,0.024,0.7,0.003,26.0,17.0
21394,20180831,송파구,0.02,0.03,0.6,0.003,24.0,14.0
21433,20180901,송파구,0.013999999999999999,0.026000000000000002,0.5,0.003,17.0,9.0
21472,20180902,송파구,0.01,0.037000000000000005,0.5,0.002,12.0,5.0
21511,20180903,송파구,0.016,0.021,0.5,0.003,14.0,7.0
21550,20180904,송파구,0.015,0.027999999999999997,0.6,0.003,15.0,6.0
21589,20180905,송파구,0.018000000000000002,0.036000000000000004,0.5,0.003,25.0,10.0
21628,20180906,송파구,0.022000000000000002,0.037000000000000005,0.7,0.003,29.0,17.0
21667,20180907,송파구,0.016,0.042,0.5,0.003,24.0,12.0
21706,20180908,송파구,0.018000000000000002,0.025,0.6,0.003,22.0,9.0
21745,20180909,송파구,0.017,0.026000000000000002,0.6,0.003,20.0,10.0
21784,20180910,송파구,0.011000000000000001,0.033,0.4,0.003,12.0,4.0
21823,20180911,송파구,0.012,0.031,0.4,0.002,12.0,5.0
21862,20180912,송파구,0.015,0.036000000000000004,0.5,0.002,15.0,6.0
21901,20180913,송파구,0.018000000000000002,0.021,0.5,0.003,17.0,7.0
21940,20180914,송파구,0.021,0.013000000000000001,0.5,0.003,19.0,9.0
21979,20180915,송파구,0.016,0.018000000000000002,0.5,0.003,10.0,5.0
22018,20180916,송파구,0.019,0.019,0.7,0.003,31.0,21.0
22057,20180917,송파구,0.018000000000000002,0.033,0.6,0.003,26.0,15.0
22096,20180918,송파구,0.03,0.021,0.7,0.003,35.0,17.0
22135,20180919,송파구,0.032,0.016,0.7,0.004,43.0,20.0
22174,20180920,송파구,0.017,0.027999999999999997,0.5,0.003,14.0,8.0
22213,20180921,송파구,0.016,0.024,0.5,0.002,8.0,3.0
22252,20180922,송파구,0.022000000000000002,0.027000000000000003,0.6,0.003,28.0,10.0
22291,20180923,송파구,0.019,0.028999999999999998,0.5,0.004,29.0,10.0
22330,20180924,송파구,0.012,0.028999999999999998,0.5,0.002,14.0,6.0
22369,20180925,송파구,0.015,0.021,0.5,0.003,15.0,7.0
22408,20180926,송파구,0.01,0.031,0.4,0.002,10.0,5.0
22447,20180927,송파구,0.012,0.032,0.5,0.003,9.0,4.0
22486,20180928,송파구,0.019,0.021,0.4,0.003,14.0,6.0
22525,20180929,송파구,0.019,0.02,0.5,0.003,15.0,7.0
22564,20180930,송파구,0.019,0.023,0.5,0.003,24.0,10.0
22603,20181001,송파구,0.012,0.031,0.4,0.003,20.0,8.0
22642,20181002,송파구,0.022000000000000002,0.024,0.6,0.003,26.0,13.0
22681,20181003,송파구,0.027000000000000003,0.021,0.6,0.003,27.0,14.0
22720,20181004,송파구,0.022000000000000002,0.022000000000000002,0.6,0.003,21.0,11.0
22759,20181005,송파구,0.016,0.031,0.5,0.003,10.0,5.0
22798,20181006,송파구,0.01,0.038,0.4,0.003,5.0,3.0
22837,20181007,송파구,0.016,0.023,0.5,0.003,27.0,11.0
22876,20181008,송파구,0.024,0.017,0.5,0.003,23.0,7.0
22915,20181009,송파구,0.026000000000000002,0.01,0.6,0.003,27.0,11.0
22954,20181010,송파구,0.013999999999999999,0.025,0.5,0.003,19.0,10.0
22993,20181011,송파구,0.016,0.018000000000000002,0.5,0.002,18.0,8.0
23032,20181012,송파구,0.027999999999999997,0.01,0.6,0.003,24.0,11.0
23071,20181013,송파구,0.03,0.012,0.6,0.003,27.0,14.0
23110,20181014,송파구,0.024,0.025,0.6,0.004,26.0,15.0
23149,20181015,송파구,0.031,0.022000000000000002,0.8,0.004,50.0,27.0
23188,20181016,송파구,0.032,0.015,0.8,0.003,49.0,23.0
23227,20181017,송파구,0.03,0.015,0.7,0.003,36.0,17.0
23266,20181018,송파구,0.022000000000000002,0.015,0.5,0.004,18.0,8.0
23305,20181019,송파구,0.022000000000000002,0.018000000000000002,0.5,0.003,18.0,8.0
23344,20181020,송파구,0.034,0.012,0.8,0.004,38.0,17.0
23383,20181021,송파구,0.03,0.019,0.7,0.003,38.0,19.0
23422,20181022,송파구,0.04,0.013000000000000001,0.8,0.004,47.0,23.0
23461,20181023,송파구,0.039,0.011000000000000001,0.8,0.003,41.0,21.0
23500,20181024,송파구,0.027999999999999997,0.013999999999999999,0.7,0.003,40.0,15.0
23539,20181025,송파구,0.033,0.015,0.9,0.004,45.0,17.0
23578,20181026,송파구,0.033,0.011000000000000001,0.7,0.003,34.0,17.0
23617,20181027,송파구,0.012,0.025,0.5,0.003,27.0,6.0
23656,20181028,송파구,0.025,0.013999999999999999,0.6,0.002,15.0,8.0
23695,20181029,송파구,0.024,0.003,0.6,0.003,15.0,7.0
23734,20181030,송파구,0.0,0.0,0.0,0.0,0.0,0.0
23773,20181031,송파구,0.0,0.0,0.0,0.0,0.0,0.0
23812,20181101,송파구,0.0,0.0,0.0,0.0,0.0,0.0
23856,20181102,송파구,0.0,0.0,0.0,0.0,0.0,0.0
23901,20181103,송파구,0.0,0.0,0.0,0.0,0.0,0.0
23946,20181104,송파구,0.0,0.0,0.0,0.0,0.0,0.0
23991,20181105,송파구,0.0,0.0,0.0,0.0,0.0,0.0
24036,20181106,송파구,0.0,0.0,0.0,0.0,0.0,0.0
24081,20181107,송파구,0.0,0.0,0.0,0.0,0.0,0.0
24126,20181108,송파구,0.0,0.0,0.0,0.0,0.0,0.0
24171,20181109,송파구,0.0,0.0,0.0,0.0,0.0,0.0
24216,20181110,송파구,0.0,0.0,0.0,0.0,0.0,0.0
24261,20181111,송파구,0.0,0.0,0.0,0.0,0.0,0.0
24306,20181112,송파구,0.034,0.021,0.4,0.003,0.0,0.0
24351,20181113,송파구,0.048,0.008,0.7,0.004,50.0,25.0
24396,20181114,송파구,0.049,0.009000000000000001,0.7,0.004,51.0,24.0
24441,20181115,송파구,0.055,0.006,0.7,0.004,71.0,37.0
24486,20181116,송파구,0.057,0.004,0.9,0.005,91.0,51.0
24531,20181119,송파구,0.047,0.005,0.9,0.005,68.0,38.0
24576,20181120,송파구,0.046,0.01,0.6,0.005,58.0,22.0
24621,20181121,송파구,0.044000000000000004,0.009000000000000001,0.5,0.004,40.0,19.0
24666,20181122,송파구,0.028999999999999998,0.018000000000000002,0.4,0.003,28.0,9.0
24711,20181123,송파구,0.038,0.012,0.5,0.003,30.0,13.0
24756,20181124,송파구,0.038,0.009000000000000001,0.4,0.003,25.0,16.0
24801,20181125,송파구,0.042,0.005,0.7,0.003,54.0,40.0
24846,20181126,송파구,0.043,0.005,0.8,0.005,61.0,45.0
24892,20181127,송파구,0.048,0.003,1.0,0.005,185.0,59.0
24938,20181128,송파구,0.036000000000000004,0.012,0.5,0.004,151.0,33.0
24984,20181129,송파구,0.047,0.002,0.7,0.004,100.0,31.0
25030,20181130,송파구,0.05,0.005,0.7,0.004,89.0,35.0
25076,20181201,송파구,0.052000000000000005,0.006,0.7,0.004,61.0,28.0
25122,20181202,송파구,0.046,0.004,0.8,0.003,66.0,36.0
25168,20181203,송파구,0.051,0.003,0.8,0.003,49.0,32.0
25214,20181204,송파구,0.034,0.005,0.7,0.002,36.0,25.0
25260,20181205,송파구,0.028999999999999998,0.011000000000000001,0.4,0.003,33.0,14.0
25306,20181206,송파구,0.037000000000000005,0.006999999999999999,0.5,0.003,43.0,19.0
25352,20181207,송파구,0.019,0.02,0.3,0.003,27.0,10.0
25398,20181208,송파구,0.021,0.018000000000000002,0.4,0.003,27.0,8.0
25444,20181209,송파구,0.024,0.017,0.5,0.003,27.0,11.0
25490,20181210,송파구,0.048,0.006,0.7,0.003,42.0,21.0
25536,20181211,송파구,0.046,0.004,0.6,0.003,42.0,22.0
25582,20181212,송파구,0.037000000000000005,0.012,0.6,0.004,52.0,27.0
25628,20181213,송파구,0.040999999999999995,0.009000000000000001,0.6,0.004,43.0,28.0
25674,20181214,송파구,0.04,0.008,0.6,0.004,36.0,18.0
25720,20181215,송파구,0.051,0.004,0.8,0.004,54.0,35.0
25766,20181216,송파구,0.051,0.003,0.8,0.004,54.0,41.0
25812,20181217,송파구,0.045,0.008,0.8,0.005,75.0,53.0
25858,20181218,송파구,0.051,0.006,0.8,0.004,48.0,29.0
25904,20181219,송파구,0.053,0.006,0.8,0.005,59.0,34.0
25950,20181220,송파구,0.061,0.005,1.0,0.005,64.0,37.0
25996,20181221,송파구,0.062,0.003,1.0,0.005,79.0,47.0
26042,20181222,송파구,0.071,0.006,1.2,0.006,98.0,68.0
26088,20181223,송파구,0.031,0.017,0.6,0.004,59.0,32.0
26134,20181224,송파구,0.035,0.012,0.5,0.004,28.0,12.0
26180,20181225,송파구,0.049,0.004,0.6,0.004,38.0,23.0
26226,20181226,송파구,0.036000000000000004,0.01,0.6,0.004,56.0,29.0
26272,20181227,송파구,0.022000000000000002,0.017,0.4,0.003,31.0,8.0
26318,20181228,송파구,0.027000000000000003,0.012,0.5,0.004,39.0,12.0
26364,20181229,송파구,0.024,0.017,0.4,0.003,44.0,8.0
26410,20181230,송파구,0.031,0.012,0.6,0.004,34.0,16.0
26456,20181231,송파구,0.047,0.005,0.8,0.004,47.0,28.0
26502,20190101,송파구,0.042,0.011000000000000001,0.8,0.004,44.0,28.0
26548,20190102,송파구,0.042,0.009000000000000001,0.7,0.004,37.0,21.0
26594,20190103,송파구,0.055,0.004,0.9,0.005,51.0,29.0
26640,20190104,송파구,0.063,0.004,1.1,0.006,63.0,40.0
26686,20190105,송파구,0.038,0.013000000000000001,0.7,0.005,69.0,41.0
26732,20190106,송파구,0.043,0.006999999999999999,0.7,0.005,58.0,25.0
26778,20190107,송파구,0.055,0.006,0.9,0.005,57.0,35.0
26824,20190108,송파구,0.031,0.016,0.5,0.005,47.0,19.0
26870,20190109,송파구,0.036000000000000004,0.01,0.6,0.004,59.0,21.0
26916,20190110,송파구,0.055999999999999994,0.003,0.8,0.005,68.0,35.0
26962,20190111,송파구,0.055999999999999994,0.004,0.9,0.005,80.0,56.0
27008,20190112,송파구,0.064,0.006,1.0,0.006999999999999999,90.0,62.0
27054,20190113,송파구,0.062,0.009000000000000001,1.2,0.006999999999999999,105.0,72.0
27100,20190114,송파구,0.076,0.004,1.5,0.006999999999999999,157.0,124.0
27146,20190115,송파구,0.042,0.015,1.0,0.006,133.0,88.0
27192,20190116,송파구,0.032,0.011000000000000001,0.5,0.004,55.0,18.0
27238,20190117,송파구,0.042,0.009000000000000001,0.6,0.005,48.0,23.0
27284,20190118,송파구,0.059000000000000004,0.005,0.8,0.006,60.0,36.0
27330,20190119,송파구,0.064,0.008,1.0,0.008,98.0,69.0
27376,20190120,송파구,0.027000000000000003,0.02,0.5,0.005,72.0,36.0
27422,20190121,송파구,0.039,0.009000000000000001,0.5,0.004,43.0,20.0
27468,20190122,송파구,0.049,0.009000000000000001,0.9,0.006,66.0,32.0
27514,20190123,송파구,0.047,0.01,0.9,0.005,77.0,45.0
27560,20190124,송파구,0.051,0.006,0.7,0.004,44.0,20.0
27606,20190125,송파구,0.04,0.012,0.6,0.004,51.0,19.0
27652,20190126,송파구,0.025,0.018000000000000002,0.5,0.003,43.0,16.0
27698,20190127,송파구,0.035,0.012,0.5,0.004,36.0,17.0
27744,20190128,송파구,0.027999999999999997,0.017,0.5,0.004,86.0,22.0
27790,20190129,송파구,0.044000000000000004,0.008,0.6,0.004,74.0,19.0
27836,20190130,송파구,0.061,0.005,0.8,0.005,67.0,32.0
27882,20190131,송파구,0.034,0.01,0.5,0.004,80.0,19.0
27928,20190201,송파구,0.035,0.011000000000000001,0.5,0.004,37.0,14.0
27974,20190202,송파구,0.042,0.006999999999999999,0.6,0.003,57.0,32.0
28020,20190203,송파구,0.035,0.012,0.7,0.003,37.0,30.0
28066,20190204,송파구,0.023,0.021,0.5,0.003,71.0,32.0
28112,20190205,송파구,0.039,0.012,0.6,0.004,85.0,22.0
28158,20190206,송파구,0.044000000000000004,0.012,0.7,0.005,91.0,31.0
28204,20190207,송파구,0.024,0.021,0.5,0.003,59.0,28.0
28250,20190208,송파구,0.032,0.013000000000000001,0.5,0.003,32.0,13.0
28296,20190209,송파구,0.025,0.018000000000000002,0.5,0.003,34.0,13.0
28342,20190210,송파구,0.031,0.013999999999999999,0.6,0.004,43.0,19.0
28388,20190211,송파구,0.03,0.018000000000000002,0.5,0.004,37.0,18.0
28434,20190212,송파구,0.043,0.013000000000000001,0.8,0.005,57.0,32.0
28480,20190213,송파구,0.033,0.019,0.5,0.004,40.0,17.0
28526,20190214,송파구,0.04,0.013999999999999999,0.6,0.004,55.0,23.0
28572,20190215,송파구,0.044000000000000004,0.01,0.6,0.004,38.0,25.0
28618,20190216,송파구,0.026000000000000002,0.025,0.8,0.004,58.0,43.0
28664,20190217,송파구,0.028999999999999998,0.022000000000000002,0.6,0.004,36.0,21.0
28710,20190218,송파구,0.053,0.006,0.8,0.004,46.0,25.0
28756,20190219,송파구,0.05,0.004,0.7,0.003,43.0,31.0
28802,20190220,송파구,0.036000000000000004,0.02,0.7,0.003,56.0,44.0
28848,20190221,송파구,0.055999999999999994,0.009000000000000001,1.1,0.004,83.0,63.0
28894,20190222,송파구,0.057,0.009000000000000001,1.0,0.004,75.0,52.0
28940,20190223,송파구,0.048,0.015,0.8,0.004,54.0,33.0
28986,20190224,송파구,0.048,0.018000000000000002,0.8,0.005,60.0,40.0
29032,20190225,송파구,0.044000000000000004,0.019,0.8,0.005,86.0,61.0
29078,20190226,송파구,0.049,0.011000000000000001,0.7,0.004,52.0,24.0
29124,20190227,송파구,0.052000000000000005,0.016,0.7,0.006,65.0,37.0
29170,20190228,송파구,0.064,0.013000000000000001,0.9,0.006999999999999999,89.0,55.0
29216,20190301,송파구,0.057,0.023,1.0,0.006,117.0,78.0
29262,20190302,송파구,0.061,0.019,1.1,0.005,117.0,76.0
29308,20190303,송파구,0.052000000000000005,0.024,0.9,0.004,94.0,62.0
29354,20190304,송파구,0.06,0.022000000000000002,1.0,0.005,151.0,101.0
29400,20190305,송파구,0.035,0.037000000000000005,0.9,0.005,176.0,127.0
29446,20190306,송파구,0.054000000000000006,0.023,0.8,0.005,134.0,95.0
29492,20190307,송파구,0.033,0.03,0.6,0.003,52.0,33.0
29538,20190308,송파구,0.05,0.004,0.6,0.004,55.0,29.0
29584,20190314,송파구,0.034,0.025,0.5,0.004,41.0,15.0
29630,20190315,송파구,0.035,0.028999999999999998,0.5,0.003,70.0,39.0
29676,20190318,송파구,0.05,0.013999999999999999,0.6,0.005,39.0,21.0
29722,20190319,송파구,0.061,0.022000000000000002,0.8,0.006999999999999999,68.0,40.0
29768,20190320,송파구,0.057,0.022000000000000002,0.8,0.004,100.0,71.0
29814,20190321,송파구,0.027999999999999997,0.033,0.4,0.003,34.0,25.0
29860,20190322,송파구,0.023,0.032,0.4,0.003,40.0,18.0
29906,20190323,송파구,0.03,0.027000000000000003,0.4,0.003,26.0,12.0
29952,20190324,송파구,0.024,0.032,0.4,0.003,28.0,11.0
29998,20190325,송파구,0.031,0.037000000000000005,0.4,0.004,51.0,28.0
30044,20190326,송파구,0.039,0.027999999999999997,0.5,0.004,56.0,33.0
30090,20190327,송파구,0.032,0.045,0.6,0.004,87.0,58.0
30136,20190328,송파구,0.034,0.03,0.6,0.003,88.0,58.0
30182,20190329,송파구,0.028999999999999998,0.033,0.4,0.003,41.0,21.0
30228,20190330,송파구,0.022000000000000002,0.034,0.4,0.002,35.0,27.0
30274,20190331,송파구,0.02,0.031,0.4,0.002,44.0,27.0
30320,20190401,송파구,0.023,0.031,0.3,0.003,24.0,14.0
30366,20190402,송파구,0.035,0.024,0.5,0.003,32.0,18.0
30412,20190403,송파구,0.037000000000000005,0.027000000000000003,0.4,0.004,38.0,24.0
30458,20190404,송파구,0.031,0.032,0.4,0.004,36.0,21.0
30504,20190405,송파구,0.027000000000000003,0.036000000000000004,0.4,0.003,82.0,27.0
30550,20190406,송파구,0.05,0.008,0.6,0.003,67.0,22.0
30596,20190407,송파구,0.024,0.03,0.4,0.003,35.0,18.0
30642,20190408,송파구,0.027999999999999997,0.028999999999999998,0.4,0.003,38.0,14.0
30688,20190409,송파구,0.031,0.022000000000000002,0.4,0.003,30.0,12.0
30734,20190410,송파구,0.025,0.026000000000000002,0.4,0.002,9.0,8.0
30780,20190411,송파구,0.036000000000000004,0.018000000000000002,0.6,0.003,31.0,21.0
30826,20190412,송파구,0.039,0.026000000000000002,0.5,0.004,47.0,31.0
30872,20190413,송파구,0.042,0.032,0.5,0.004,48.0,33.0
30918,20190414,송파구,0.028999999999999998,0.036000000000000004,0.4,0.003,39.0,23.0
30964,20190415,송파구,0.039,0.024,0.5,0.003,49.0,17.0
31010,20190416,송파구,0.05,0.022000000000000002,0.5,0.004,48.0,23.0
31056,20190417,송파구,0.046,0.025,0.6,0.005,42.0,21.0
31102,20190418,송파구,0.036000000000000004,0.021,0.4,0.004,37.0,27.0
31148,20190419,송파구,0.025,0.024,0.4,0.002,47.0,28.0
31194,20190420,송파구,0.03,0.027000000000000003,0.4,0.003,47.0,27.0
31240,20190421,송파구,0.02,0.035,0.4,0.002,37.0,32.0
31286,20190422,송파구,0.043,0.026000000000000002,0.6,0.003,94.0,46.0
31332,20190423,송파구,0.051,0.031,0.7,0.005,99.0,50.0
31378,20190424,송파구,0.035,0.025,0.5,0.003,58.0,48.0
31424,20190425,송파구,0.027000000000000003,0.018000000000000002,0.4,0.003,37.0,24.0
31470,20190426,송파구,0.021,0.026000000000000002,0.3,0.002,7.0,10.0
31516,20190427,송파구,0.027999999999999997,0.024,0.4,0.002,20.0,14.0
31562,20190428,송파구,0.02,0.036000000000000004,0.4,0.003,17.0,15.0
31608,20190429,송파구,0.040999999999999995,0.013000000000000001,0.5,0.002,28.0,20.0
31654,20190430,송파구,0.039,0.024,0.5,0.003,35.0,26.0
31700,20190501,송파구,0.03,0.032,0.5,0.003,64.0,31.0
31746,20190502,송파구,0.033,0.026000000000000002,0.4,0.003,60.0,21.0
31792,20190503,송파구,0.044000000000000004,0.034,0.6,0.005,54.0,28.0
31838,20190504,송파구,0.049,0.045,0.7,0.006,93.0,64.0
31884,20190505,송파구,0.037000000000000005,0.046,0.6,0.005,57.0,41.0
31930,20190506,송파구,0.013999999999999999,0.038,0.3,0.002,32.0,14.0
31976,20190507,송파구,0.033,0.031,0.4,0.003,50.0,21.0
32022,20190508,송파구,0.028999999999999998,0.048,0.4,0.005,49.0,25.0
32068,20190509,송파구,0.027999999999999997,0.040999999999999995,0.4,0.004,49.0,31.0
32114,20190510,송파구,0.049,0.036000000000000004,0.5,0.004,62.0,39.0
32160,20190511,송파구,0.06,0.028999999999999998,0.6,0.005,68.0,41.0
32206,20190512,송파구,0.039,0.051,0.5,0.005,53.0,38.0
32252,20190513,송파구,0.045,0.036000000000000004,0.5,0.005,54.0,39.0
32298,20190514,송파구,0.037000000000000005,0.038,0.4,0.005,47.0,39.0
32344,20190515,송파구,0.045,0.036000000000000004,0.6,0.005,66.0,50.0
32390,20190516,송파구,0.047,0.037000000000000005,0.6,0.004,67.0,48.0
32436,20190517,송파구,0.055999999999999994,0.027999999999999997,0.6,0.005,57.0,43.0
32482,20190518,송파구,0.017,0.040999999999999995,0.3,0.003,30.0,17.0
32528,20190519,송파구,0.013999999999999999,0.026000000000000002,0.3,0.002,7.0,13.0
32574,20190520,송파구,0.017,0.031,0.3,0.003,39.0,17.0
32620,20190521,송파구,0.022000000000000002,0.042,0.4,0.004,49.0,23.0
32666,20190522,송파구,0.026000000000000002,0.057,0.4,0.004,57.0,28.0
32712,20190523,송파구,0.037000000000000005,0.063,0.6,0.005,72.0,40.0
32758,20190524,송파구,0.05,0.069,0.6,0.005,79.0,48.0
32804,20190525,송파구,0.031,0.064,0.6,0.005,96.0,63.0
32850,20190526,송파구,0.03,0.047,0.4,0.004,38.0,21.0
32896,20190527,송파구,0.019,0.033,0.3,0.003,21.0,15.0
32942,20190528,송파구,0.021,0.037000000000000005,0.3,0.003,22.0,9.0
32988,20190529,송파구,0.033,0.044000000000000004,0.5,0.004,50.0,25.0
33036,20190530,송파구,0.033,0.049,0.5,0.004,48.0,25.0
33086,20190531,송파구,0.019,0.053,0.3,0.003,21.0,11.0
33136,20190601,송파구,0.02,0.052000000000000005,0.3,0.003,36.0,26.0
33186,20190602,송파구,0.031,0.047,0.5,0.004,41.0,24.0
33236,20190603,송파구,0.039,0.047,0.5,0.003,43.0,22.0
33286,20190604,송파구,0.028999999999999998,0.033,0.4,0.004,27.0,17.0
33336,20190605,송파구,0.032,0.040999999999999995,0.5,0.003,64.0,47.0
33386,20190606,송파구,0.04,0.027000000000000003,0.6,0.004,67.0,50.0
33436,20190607,송파구,0.016,0.055999999999999994,0.3,0.002,11.0,9.0
33486,20190608,송파구,0.026000000000000002,0.045,0.4,0.003,26.0,17.0
33536,20190609,송파구,0.024,0.05,0.5,0.005,50.0,40.0
33586,20190610,송파구,0.015,0.028999999999999998,0.3,0.002,12.0,8.0
33636,20190611,송파구,0.018000000000000002,0.039,0.2,0.002,13.0,7.0
33686,20190612,송파구,0.038,0.026000000000000002,0.4,0.003,37.0,22.0
33736,20190613,송파구,0.038,0.033,0.4,0.003,32.0,20.0
33786,20190614,송파구,0.037000000000000005,0.033,0.4,0.003,40.0,26.0
33836,20190615,송파구,0.018000000000000002,0.046,0.4,0.002,41.0,21.0
33886,20190616,송파구,0.013999999999999999,0.048,0.3,0.002,18.0,11.0
33936,20190617,송파구,0.018000000000000002,0.04,0.3,0.003,26.0,17.0
33986,20190618,송파구,0.027000000000000003,0.027999999999999997,0.4,0.003,32.0,22.0
34036,20190619,송파구,0.025,0.044000000000000004,0.4,0.002,37.0,27.0
34086,20190620,송파구,0.025,0.046,0.4,0.002,35.0,24.0
34136,20190621,송파구,0.024,0.036000000000000004,0.4,0.002,33.0,22.0
34186,20190622,송파구,0.013999999999999999,0.04,0.3,0.002,14.0,6.0
34236,20190623,송파구,0.013000000000000001,0.043,0.3,0.002,16.0,9.0
34286,20190624,송파구,0.027999999999999997,0.038,0.3,0.003,23.0,10.0
34336,20190625,송파구,0.034,0.048,0.4,0.003,32.0,18.0
34386,20190626,송파구,0.039,0.037000000000000005,0.4,0.003,34.0,19.0
34436,20190627,송파구,0.019,0.042,0.3,0.002,16.0,8.0
34486,20190628,송파구,0.03,0.034,0.5,0.004,35.0,26.0
34536,20190629,송파구,0.021,0.03,0.4,0.003,22.0,15.0
34586,20190630,송파구,0.015,0.038,0.4,0.003,32.0,21.0
34636,20190701,송파구,0.019,0.053,0.5,0.003,33.0,23.0
34686,20190702,송파구,0.02,0.052000000000000005,0.4,0.003,28.0,20.0
34736,20190703,송파구,0.025,0.026000000000000002,0.4,0.003,34.0,26.0
34786,20190704,송파구,0.036000000000000004,0.031,0.4,0.003,33.0,21.0
34836,20190705,송파구,0.040999999999999995,0.042,0.5,0.003,32.0,19.0
34886,20190706,송파구,0.023,0.048,0.4,0.003,25.0,16.0
34936,20190707,송파구,0.009000000000000001,0.046,0.3,0.002,17.0,9.0
34986,20190708,송파구,0.012,0.037000000000000005,0.2,0.002,10.0,4.0
35036,20190709,송파구,0.013000000000000001,0.034,0.2,0.002,11.0,5.0
35086,20190710,송파구,0.013999999999999999,0.027999999999999997,0.2,0.002,10.0,5.0
35136,20190711,송파구,0.015,0.02,0.3,0.002,9.0,2.0
35186,20190712,송파구,0.02,0.026000000000000002,0.3,0.003,14.0,6.0
35236,20190713,송파구,0.019,0.04,0.4,0.003,27.0,20.0
35286,20190714,송파구,0.019,0.053,0.5,0.003,39.0,33.0
35336,20190715,송파구,0.027000000000000003,0.032,0.5,0.002,37.0,30.0
35386,20190716,송파구,0.026000000000000002,0.033,0.5,0.002,31.0,22.0
35436,20190717,송파구,0.034,0.039,0.6,0.003,55.0,47.0
35486,20190718,송파구,0.031,0.057999999999999996,0.6,0.003,54.0,47.0
35536,20190719,송파구,0.023,0.034,0.4,0.003,24.0,21.0
35586,20190720,송파구,0.01,0.013999999999999999,0.2,0.002,7.0,4.0
35636,20190721,송파구,0.009000000000000001,0.02,0.3,0.002,12.0,8.0
35686,20190722,송파구,0.018000000000000002,0.047,0.4,0.003,38.0,30.0
35736,20190723,송파구,0.02,0.022000000000000002,0.3,0.003,23.0,16.0
35786,20190724,송파구,0.019,0.013000000000000001,0.2,0.002,17.0,10.0
35836,20190725,송파구,0.024,0.018000000000000002,0.2,0.002,18.0,12.0
35886,20190726,송파구,0.026000000000000002,0.023,0.3,0.002,14.0,12.0
35936,20190727,송파구,0.017,0.035,0.2,0.002,13.0,10.0
35986,20190728,송파구,0.012,0.025,0.2,0.002,10.0,7.0
36036,20190729,송파구,0.012,0.011000000000000001,0.1,0.002,12.0,7.0
36086,20190730,송파구,0.009000000000000001,0.018000000000000002,0.1,0.002,13.0,8.0
36136,20190731,송파구,0.019,0.017,0.2,0.002,11.0,7.0
36186,20190801,송파구,0.019,0.015,0.2,0.002,11.0,6.0
36236,20190802,송파구,0.024,0.021,0.2,0.002,16.0,10.0
36286,20190803,송파구,0.022000000000000002,0.034,0.2,0.002,16.0,10.0
36336,20190804,송파구,0.021,0.051,0.2,0.002,23.0,15.0
36386,20190805,송파구,0.033,0.035,0.1,0.002,30.0,22.0
36436,20190806,송파구,0.026000000000000002,0.025,0.1,0.002,23.0,15.0
36486,20190807,송파구,0.026000000000000002,0.011000000000000001,0.1,0.002,15.0,10.0
36536,20190808,송파구,0.024,0.027000000000000003,0.1,0.003,33.0,26.0
36586,20190809,송파구,0.031,0.02,0.1,0.003,22.0,12.0
36636,20190810,송파구,0.019,0.027000000000000003,0.1,0.002,18.0,11.0
36686,20190811,송파구,0.008,0.026000000000000002,0.1,0.002,13.0,7.0
36736,20190812,송파구,0.019,0.013000000000000001,0.1,0.002,12.0,9.0
36786,20190813,송파구,0.021,0.024,0.2,0.003,18.0,10.0
36836,20190814,송파구,0.02,0.019,0.3,0.003,16.0,9.0
36886,20190815,송파구,0.012,0.013000000000000001,0.3,0.002,7.0,3.0
36936,20190816,송파구,0.016,0.026000000000000002,0.4,0.003,14.0,7.0
36986,20190817,송파구,0.013000000000000001,0.057999999999999996,0.5,0.003,27.0,16.0
37036,20190818,송파구,0.015,0.05,0.5,0.003,23.0,14.0
37086,20190819,송파구,0.033,0.035,0.5,0.003,23.0,14.0
37136,20190820,송파구,0.025,0.040999999999999995,0.5,0.003,25.0,16.0
37186,20190821,송파구,0.032,0.032,0.5,0.004,27.0,18.0
37236,20190822,송파구,0.027999999999999997,0.035,0.5,0.003,32.0,22.0
37285,20190823,송파구,0.024,0.04,0.6,0.003,30.0,17.0
37334,20190824,송파구,0.025,0.024,0.5,0.004,22.0,11.0
37383,20190825,송파구,0.019,0.036000000000000004,0.5,0.003,19.0,11.0
37432,20190826,송파구,0.027000000000000003,0.04,0.5,0.003,24.0,14.0
37481,20190827,송파구,0.03,0.037000000000000005,0.5,0.002,22.0,17.0
37530,20190828,송파구,0.026000000000000002,0.038,0.5,0.003,28.0,18.0
37579,20190829,송파구,0.024,0.031,0.5,0.003,24.0,15.0
37628,20190830,송파구,0.024,0.025,0.4,0.003,17.0,9.0
37677,20190831,송파구,0.024,0.032,0.4,0.003,17.0,10.0
37726,20190901,송파구,0.021,0.032,0.5,0.003,17.0,11.0
37775,20190902,송파구,0.034,0.026000000000000002,0.5,0.003,24.0,13.0
37824,20190903,송파구,0.027000000000000003,0.017,0.5,0.002,19.0,10.0
37873,20190904,송파구,0.023,0.016,0.4,0.002,7.0,3.0
37922,20190905,송파구,0.024,0.006999999999999999,0.4,0.002,7.0,4.0
37971,20190906,송파구,0.024,0.009000000000000001,0.4,0.003,13.0,5.0
38020,20190909,송파구,0.031,0.013999999999999999,0.6,0.003,33.0,22.0
38069,20190910,송파구,0.027000000000000003,0.013000000000000001,0.4,0.002,10.0,6.0
38118,20190911,송파구,0.016,0.036000000000000004,0.4,0.002,8.0,3.0
38167,20190912,송파구,0.011000000000000001,0.023,0.3,0.002,11.0,6.0
38216,20190913,송파구,0.013000000000000001,0.027999999999999997,0.3,0.002,11.0,5.0
38265,20190914,송파구,0.02,0.018000000000000002,0.4,0.002,16.0,8.0
38314,20190915,송파구,0.012,0.028999999999999998,0.5,0.002,13.0,8.0
38363,20190916,송파구,0.018000000000000002,0.022000000000000002,0.4,0.002,10.0,5.0
38412,20190917,송파구,0.03,0.024,0.4,0.002,23.0,8.0
38461,20190918,송파구,0.031,0.022000000000000002,0.5,0.003,31.0,12.0
38510,20190919,송파구,0.023,0.026000000000000002,0.4,0.003,29.0,10.0
38559,20190920,송파구,0.024,0.013999999999999999,0.4,0.002,22.0,8.0
38609,20190921,송파구,0.022000000000000002,0.017,0.4,0.002,15.0,5.0
38659,20190922,송파구,0.011000000000000001,0.036000000000000004,0.3,0.002,5.0,2.0
38709,20190923,송파구,0.015,0.032,0.3,0.002,11.0,5.0
38759,20190924,송파구,0.034,0.016,0.5,0.003,24.0,12.0
38809,20190925,송파구,0.038,0.019,0.5,0.003,28.0,15.0
38859,20190926,송파구,0.036000000000000004,0.016,0.5,0.003,25.0,15.0
38909,20190927,송파구,0.034,0.011000000000000001,0.5,0.003,23.0,11.0
38959,20190928,송파구,0.032,0.018000000000000002,0.5,0.003,26.0,16.0
39009,20190929,송파구,0.031,0.031,0.5,0.003,34.0,23.0
39059,20190930,송파구,0.040999999999999995,0.032,0.6,0.003,46.0,33.0
39109,20191001,송파구,0.037000000000000005,0.024,0.6,0.003,40.0,28.0
39159,20191002,송파구,0.024,0.006,0.4,0.003,19.0,14.0
39209,20191003,송파구,0.015,0.018000000000000002,0.3,0.002,7.0,5.0
39259,20191004,송파구,0.026000000000000002,0.018000000000000002,0.4,0.003,21.0,15.0
39309,20191005,송파구,0.018000000000000002,0.023,0.5,0.003,40.0,25.0
39359,20191006,송파구,0.011000000000000001,0.031,0.3,0.002,12.0,5.0
39409,20191007,송파구,0.025,0.01,0.4,0.002,11.0,8.0
39459,20191008,송파구,0.02,0.025,0.4,0.002,24.0,10.0
39508,20191009,송파구,0.031,0.013000000000000001,0.5,0.003,25.0,11.0
39557,20191010,송파구,0.039,0.006999999999999999,0.6,0.003,29.0,15.0
39607,20191011,송파구,0.027999999999999997,0.02,0.6,0.003,31.0,18.0
39657,20191012,송파구,0.013000000000000001,0.036000000000000004,0.4,0.002,25.0,11.0
39707,20191013,송파구,0.015,0.028999999999999998,0.3,0.002,17.0,8.0
39777,20191014,송파구,0.027999999999999997,0.017,0.5,0.003,30.0,15.0
39867,20191015,송파구,0.027999999999999997,0.015,0.4,0.002,21.0,8.0
39956,20191016,송파구,0.033,0.018000000000000002,0.5,0.003,28.0,15.0
40046,20191017,송파구,0.034,0.019,0.5,0.002,31.0,17.0
40137,20191018,송파구,0.027999999999999997,0.017,0.4,0.002,18.0,9.0
40225,20191019,송파구,0.03,0.022000000000000002,0.5,0.002,22.0,11.0
40312,20191020,송파구,0.031,0.022000000000000002,0.5,0.003,35.0,25.0
40400,20191021,송파구,0.04,0.021,0.7,0.003,36.0,22.0
40490,20191022,송파구,0.044000000000000004,0.017,0.7,0.003,35.0,21.0
40581,20191023,송파구,0.035,0.016,0.5,0.003,25.0,14.0
40669,20191024,송파구,0.023,0.036000000000000004,0.4,0.002,27.0,17.0
40757,20191025,송파구,0.028999999999999998,0.025,0.4,0.002,23.0,11.0
40846,20191026,송파구,0.019,0.023,0.4,0.002,24.0,13.0
40935,20191027,송파구,0.026000000000000002,0.022000000000000002,0.5,0.003,25.0,14.0
41024,20191028,송파구,0.028999999999999998,0.026000000000000002,0.5,0.003,29.0,18.0
41113,20191029,송파구,0.027000000000000003,0.02,0.5,0.003,84.0,24.0
41202,20191030,송파구,0.033,0.015,0.5,0.003,26.0,11.0
41291,20191031,송파구,0.034,0.024,0.5,0.003,64.0,23.0
