,날짜,행정구,맑음,눈/비,min_c,max_c
0,20170101,송파구,1,0,-2.0,7.0
1,20170101,송파구,1,0,-2.0,7.0
2,20170102,송파구,0,1,2.0,9.0
3,20170102,송파구,0,1,2.0,9.0
4,20170103,송파구,1,0,-2.0,8.0
5,20170103,송파구,1,0,-2.0,8.0
6,20170104,송파구,1,0,1.0,9.0
7,20170104,송파구,1,0,1.0,9.0
8,20170105,송파구,1,0,0.0,7.0
9,20170105,송파구,1,0,0.0,7.0
10,20170106,송파구,1,0,3.0,11.0
11,20170106,송파구,1,0,3.0,11.0
12,20170107,송파구,1,0,0.0,11.0
13,20170107,송파구,1,0,0.0,11.0
14,20170108,송파구,0,1,4.0,11.0
15,20170108,송파구,0,1,4.0,11.0
16,20170109,송파구,0,1,-3.0,4.0
17,20170109,송파구,0,1,-3.0,4.0
18,20170110,송파구,1,0,-7.0,1.0
19,20170110,송파구,1,0,-7.0,1.0
20,20170111,송파구,1,0,-9.0,2.0
21,20170111,송파구,1,0,-9.0,2.0
22,20170112,송파구,0,1,-6.0,1.0
23,20170112,송파구,0,1,-6.0,1.0
24,20170113,송파구,0,1,-9.0,-1.0
25,20170113,송파구,0,1,-9.0,-1.0
26,20170114,송파구,1,0,-11.0,-5.0
27,20170114,송파구,1,0,-11.0,-5.0
28,20170115,송파구,1,0,-12.0,-1.0
29,20170115,송파구,1,0,-12.0,-1.0
30,20170116,송파구,1,0,-9.0,4.0
31,20170116,송파구,1,0,-9.0,4.0
32,20170117,송파구,1,0,-7.0,3.0
33,20170117,송파구,1,0,-7.0,3.0
34,20170118,송파구,0,1,-3.0,3.0
35,20170118,송파구,0,1,-3.0,3.0
36,20170119,송파구,1,0,-5.0,5.0
37,20170119,송파구,1,0,-5.0,5.0
38,20170120,송파구,0,1,-8.0,-1.0
39,20170120,송파구,0,1,-8.0,-1.0
40,20170121,송파구,0,1,-10.0,-1.0
41,20170121,송파구,0,1,-10.0,-1.0
42,20170122,송파구,0,1,-11.0,-3.0
43,20170122,송파구,0,1,-11.0,-3.0
44,20170123,송파구,1,0,-13.0,-4.0
45,20170123,송파구,1,0,-13.0,-4.0
46,20170124,송파구,1,0,-12.0,-1.0
47,20170124,송파구,1,0,-12.0,-1.0
48,20170125,송파구,1,0,-10.0,1.0
49,20170125,송파구,1,0,-10.0,1.0
50,20170126,송파구,0,1,-8.0,3.0
51,20170126,송파구,0,1,-8.0,3.0
52,20170127,송파구,0,1,-6.0,3.0
53,20170127,송파구,0,1,-6.0,3.0
54,20170128,송파구,1,0,-8.0,4.0
55,20170128,송파구,1,0,-8.0,4.0
56,20170129,송파구,0,1,-1.0,3.0
57,20170129,송파구,0,1,-1.0,3.0
58,20170130,송파구,0,1,-8.0,-1.0
59,20170130,송파구,0,1,-8.0,-1.0
60,20170131,송파구,1,0,-10.0,0.0
61,20170131,송파구,1,0,-10.0,0.0
62,20170201,송파구,1,0,-8.0,1.0
63,20170201,송파구,1,0,-8.0,1.0
64,20170202,송파구,1,0,-9.0,3.0
65,20170202,송파구,1,0,-9.0,3.0
66,20170203,송파구,1,0,-2.0,7.0
67,20170203,송파구,1,0,-2.0,7.0
68,20170204,송파구,1,0,-3.0,3.0
69,20170204,송파구,1,0,-3.0,3.0
70,20170205,송파구,0,1,-2.0,2.0
71,20170205,송파구,0,1,-2.0,2.0
72,20170206,송파구,1,0,-4.0,3.0
73,20170206,송파구,1,0,-4.0,3.0
74,20170207,송파구,1,0,-6.0,3.0
75,20170207,송파구,1,0,-6.0,3.0
76,20170208,송파구,1,0,-5.0,1.0
77,20170208,송파구,1,0,-5.0,1.0
78,20170209,송파구,1,0,-7.0,-2.0
79,20170209,송파구,1,0,-7.0,-2.0
80,20170210,송파구,1,0,-9.0,-3.0
81,20170210,송파구,1,0,-9.0,-3.0
82,20170211,송파구,1,0,-9.0,1.0
83,20170211,송파구,1,0,-9.0,1.0
84,20170212,송파구,1,0,-7.0,4.0
85,20170212,송파구,1,0,-7.0,4.0
86,20170213,송파구,1,0,-5.0,6.0
87,20170213,송파구,1,0,-5.0,6.0
88,20170214,송파구,1,0,-4.0,7.0
89,20170214,송파구,1,0,-4.0,7.0
90,20170215,송파구,1,0,-4.0,8.0
91,20170215,송파구,1,0,-4.0,8.0
92,20170216,송파구,0,1,-2.0,10.0
93,20170216,송파구,0,1,-2.0,10.0
94,20170217,송파구,0,1,-5.0,9.0
95,20170217,송파구,0,1,-5.0,9.0
96,20170218,송파구,1,0,-7.0,3.0
97,20170218,송파구,1,0,-7.0,3.0
98,20170219,송파구,0,1,-3.0,6.0
99,20170219,송파구,0,1,-3.0,6.0
100,20170220,송파구,0,1,-5.0,5.0
101,20170220,송파구,0,1,-5.0,5.0
102,20170221,송파구,1,0,-8.0,7.0
103,20170221,송파구,1,0,-8.0,7.0
104,20170222,송파구,0,1,-1.0,3.0
105,20170222,송파구,0,1,-1.0,3.0
106,20170223,송파구,1,0,-4.0,2.0
107,20170223,송파구,1,0,-4.0,2.0
108,20170224,송파구,1,0,-6.0,4.0
109,20170224,송파구,1,0,-6.0,4.0
110,20170225,송파구,1,0,-3.0,8.0
111,20170225,송파구,1,0,-3.0,8.0
112,20170226,송파구,1,0,-2.0,10.0
113,20170226,송파구,1,0,-2.0,10.0
114,20170227,송파구,1,0,-2.0,11.0
115,20170227,송파구,1,0,-2.0,11.0
116,20170228,송파구,1,0,-1.0,12.0
117,20170228,송파구,1,0,-1.0,12.0
118,20170301,송파구,0,1,2.0,11.0
119,20170301,송파구,0,1,2.0,11.0
120,20170302,송파구,0,1,-1.0,7.0
121,20170302,송파구,0,1,-1.0,7.0
122,20170303,송파구,1,0,-3.0,10.0
123,20170303,송파구,1,0,-3.0,10.0
124,20170304,송파구,1,0,0.0,13.0
125,20170304,송파구,1,0,0.0,13.0
126,20170305,송파구,0,1,1.0,10.0
127,20170305,송파구,0,1,1.0,10.0
128,20170306,송파구,1,0,-3.0,4.0
129,20170306,송파구,1,0,-3.0,4.0
130,20170307,송파구,0,1,-4.0,3.0
131,20170307,송파구,0,1,-4.0,3.0
132,20170308,송파구,0,1,-5.0,5.0
133,20170308,송파구,0,1,-5.0,5.0
134,20170309,송파구,1,0,-3.0,11.0
135,20170309,송파구,1,0,-3.0,11.0
136,20170310,송파구,1,0,-1.0,12.0
137,20170310,송파구,1,0,-1.0,12.0
138,20170311,송파구,1,0,0.0,17.0
139,20170311,송파구,1,0,0.0,17.0
140,20170312,송파구,0,1,4.0,14.0
141,20170312,송파구,0,1,4.0,14.0
142,20170313,송파구,1,0,2.0,12.0
143,20170313,송파구,1,0,2.0,12.0
144,20170314,송파구,1,0,1.0,11.0
145,20170314,송파구,1,0,1.0,11.0
146,20170315,송파구,1,0,0.0,13.0
147,20170315,송파구,1,0,0.0,13.0
148,20170316,송파구,1,0,1.0,13.0
149,20170316,송파구,1,0,1.0,13.0
150,20170317,송파구,1,0,1.0,16.0
151,20170317,송파구,1,0,1.0,16.0
152,20170318,송파구,1,0,6.0,16.0
153,20170318,송파구,1,0,6.0,16.0
154,20170319,송파구,1,0,3.0,19.0
155,20170319,송파구,1,0,3.0,19.0
156,20170320,송파구,1,0,6.0,16.0
157,20170320,송파구,1,0,6.0,16.0
158,20170321,송파구,1,0,4.0,13.0
159,20170321,송파구,1,0,4.0,13.0
160,20170322,송파구,1,0,2.0,14.0
161,20170322,송파구,1,0,2.0,14.0
162,20170323,송파구,1,0,5.0,15.0
163,20170323,송파구,1,0,5.0,15.0
164,20170324,송파구,1,0,4.0,15.0
165,20170324,송파구,1,0,4.0,15.0
166,20170325,송파구,1,0,5.0,13.0
167,20170325,송파구,1,0,5.0,13.0
168,20170326,송파구,1,0,5.0,12.0
169,20170326,송파구,1,0,5.0,12.0
170,20170327,송파구,0,1,4.0,11.0
171,20170327,송파구,0,1,4.0,11.0
172,20170328,송파구,1,0,3.0,13.0
173,20170328,송파구,1,0,3.0,13.0
174,20170329,송파구,1,0,5.0,14.0
175,20170329,송파구,1,0,5.0,14.0
176,20170330,송파구,1,0,4.0,17.0
177,20170330,송파구,1,0,4.0,17.0
178,20170331,송파구,0,1,5.0,12.0
179,20170331,송파구,0,1,5.0,12.0
180,20170401,송파구,0,1,5.0,15.0
181,20170401,송파구,0,1,5.0,15.0
182,20170402,송파구,1,0,3.0,16.0
183,20170402,송파구,1,0,3.0,16.0
184,20170403,송파구,1,0,4.0,19.0
185,20170403,송파구,1,0,4.0,19.0
186,20170404,송파구,1,0,7.0,22.0
187,20170404,송파구,1,0,7.0,22.0
188,20170405,송파구,0,1,11.0,14.0
189,20170405,송파구,0,1,11.0,14.0
190,20170406,송파구,0,1,9.0,12.0
191,20170406,송파구,0,1,9.0,12.0
192,20170407,송파구,1,0,9.0,24.0
193,20170407,송파구,1,0,9.0,24.0
194,20170408,송파구,0,1,9.0,20.0
195,20170408,송파구,0,1,9.0,20.0
196,20170409,송파구,0,1,11.0,21.0
197,20170409,송파구,0,1,11.0,21.0
198,20170410,송파구,1,0,10.0,23.0
199,20170410,송파구,1,0,10.0,23.0
200,20170411,송파구,1,0,12.0,20.0
201,20170411,송파구,1,0,12.0,20.0
202,20170412,송파구,1,0,9.0,16.0
203,20170412,송파구,1,0,9.0,16.0
204,20170413,송파구,0,1,6.0,20.0
205,20170413,송파구,0,1,6.0,20.0
206,20170414,송파구,0,1,10.0,18.0
207,20170414,송파구,0,1,10.0,18.0
208,20170415,송파구,1,0,11.0,24.0
209,20170415,송파구,1,0,11.0,24.0
210,20170416,송파구,1,0,13.0,24.0
211,20170416,송파구,1,0,13.0,24.0
212,20170417,송파구,0,1,11.0,18.0
213,20170417,송파구,0,1,11.0,18.0
214,20170418,송파구,0,1,9.0,17.0
215,20170418,송파구,0,1,9.0,17.0
216,20170419,송파구,1,0,7.0,18.0
217,20170419,송파구,1,0,7.0,18.0
218,20170420,송파구,0,1,10.0,18.0
219,20170420,송파구,0,1,10.0,18.0
220,20170421,송파구,1,0,8.0,19.0
221,20170421,송파구,1,0,8.0,19.0
222,20170422,송파구,1,0,9.0,23.0
223,20170422,송파구,1,0,9.0,23.0
224,20170423,송파구,1,0,9.0,22.0
225,20170423,송파구,1,0,9.0,22.0
226,20170424,송파구,1,0,8.0,21.0
227,20170424,송파구,1,0,8.0,21.0
228,20170425,송파구,1,0,13.0,20.0
229,20170425,송파구,1,0,13.0,20.0
230,20170426,송파구,1,0,11.0,20.0
231,20170426,송파구,1,0,11.0,20.0
232,20170427,송파구,1,0,8.0,20.0
233,20170427,송파구,1,0,8.0,20.0
234,20170428,송파구,1,0,9.0,22.0
235,20170428,송파구,1,0,9.0,22.0
236,20170429,송파구,1,0,10.0,24.0
237,20170429,송파구,1,0,10.0,24.0
238,20170430,송파구,1,0,14.0,28.0
239,20170430,송파구,1,0,14.0,28.0
240,20170501,송파구,1,0,13.0,28.0
241,20170501,송파구,1,0,13.0,28.0
242,20170502,송파구,1,0,15.0,28.0
243,20170502,송파구,1,0,15.0,28.0
244,20170503,송파구,1,0,15.0,30.0
245,20170503,송파구,1,0,15.0,30.0
246,20170504,송파구,1,0,15.0,28.0
247,20170504,송파구,1,0,15.0,28.0
248,20170505,송파구,1,0,16.0,27.0
249,20170505,송파구,1,0,16.0,27.0
250,20170506,송파구,1,0,10.0,19.0
251,20170506,송파구,1,0,10.0,19.0
252,20170507,송파구,1,0,11.0,23.0
253,20170507,송파구,1,0,11.0,23.0
254,20170508,송파구,1,0,11.0,24.0
255,20170508,송파구,1,0,11.0,24.0
256,20170509,송파구,0,1,15.0,23.0
257,20170509,송파구,0,1,15.0,23.0
258,20170510,송파구,0,1,14.0,21.0
259,20170510,송파구,0,1,14.0,21.0
260,20170511,송파구,0,1,13.0,25.0
261,20170511,송파구,0,1,13.0,25.0
262,20170512,송파구,1,0,17.0,21.0
263,20170512,송파구,1,0,17.0,21.0
264,20170513,송파구,0,1,12.0,23.0
265,20170513,송파구,0,1,12.0,23.0
266,20170514,송파구,1,0,11.0,21.0
267,20170514,송파구,1,0,11.0,21.0
268,20170515,송파구,0,1,12.0,20.0
269,20170515,송파구,0,1,12.0,20.0
270,20170516,송파구,1,0,13.0,22.0
271,20170516,송파구,1,0,13.0,22.0
272,20170517,송파구,1,0,12.0,26.0
273,20170517,송파구,1,0,12.0,26.0
274,20170518,송파구,1,0,14.0,27.0
275,20170518,송파구,1,0,14.0,27.0
276,20170519,송파구,1,0,15.0,28.0
277,20170519,송파구,1,0,15.0,28.0
278,20170520,송파구,1,0,15.0,27.0
279,20170520,송파구,1,0,15.0,27.0
280,20170521,송파구,1,0,16.0,28.0
281,20170521,송파구,1,0,16.0,28.0
282,20170522,송파구,1,0,16.0,28.0
283,20170522,송파구,1,0,16.0,28.0
284,20170523,송파구,0,1,17.0,24.0
285,20170523,송파구,0,1,17.0,24.0
286,20170524,송파구,0,1,17.0,28.0
287,20170524,송파구,0,1,17.0,28.0
288,20170525,송파구,1,0,14.0,24.0
289,20170525,송파구,1,0,14.0,24.0
290,20170526,송파구,1,0,12.0,23.0
291,20170526,송파구,1,0,12.0,23.0
292,20170527,송파구,1,0,14.0,26.0
293,20170527,송파구,1,0,14.0,26.0
294,20170528,송파구,1,0,14.0,28.0
295,20170528,송파구,1,0,14.0,28.0
296,20170529,송파구,1,0,18.0,29.0
297,20170529,송파구,1,0,18.0,29.0
298,20170530,송파구,1,0,19.0,30.0
299,20170530,송파구,1,0,19.0,30.0
300,20170531,송파구,1,0,18.0,30.0
301,20170531,송파구,1,0,18.0,30.0
302,20170601,송파구,1,0,20.0,27.0
303,20170601,송파구,1,0,20.0,27.0
304,20170602,송파구,0,1,16.0,26.0
305,20170602,송파구,0,1,16.0,26.0
306,20170603,송파구,1,0,16.0,27.0
307,20170603,송파구,1,0,16.0,27.0
308,20170604,송파구,1,0,15.0,28.0
309,20170604,송파구,1,0,15.0,28.0
310,20170605,송파구,0,1,16.0,30.0
311,20170605,송파구,0,1,16.0,30.0
312,20170606,송파구,0,1,15.0,24.0
313,20170606,송파구,0,1,15.0,24.0
314,20170607,송파구,0,1,15.0,19.0
315,20170607,송파구,0,1,15.0,19.0
316,20170608,송파구,1,0,15.0,26.0
317,20170608,송파구,1,0,15.0,26.0
318,20170609,송파구,0,1,18.0,26.0
319,20170609,송파구,0,1,18.0,26.0
320,20170610,송파구,0,1,17.0,28.0
321,20170610,송파구,0,1,17.0,28.0
322,20170611,송파구,1,0,15.0,30.0
323,20170611,송파구,1,0,15.0,30.0
324,20170612,송파구,1,0,17.0,28.0
325,20170612,송파구,1,0,17.0,28.0
326,20170613,송파구,0,1,18.0,26.0
327,20170613,송파구,0,1,18.0,26.0
328,20170614,송파구,1,0,18.0,27.0
329,20170614,송파구,1,0,18.0,27.0
330,20170615,송파구,1,0,18.0,30.0
331,20170615,송파구,1,0,18.0,30.0
332,20170616,송파구,1,0,20.0,33.0
333,20170616,송파구,1,0,20.0,33.0
334,20170617,송파구,1,0,21.0,30.0
335,20170617,송파구,1,0,21.0,30.0
336,20170618,송파구,1,0,19.0,32.0
337,20170618,송파구,1,0,19.0,32.0
338,20170619,송파구,1,0,20.0,30.0
339,20170619,송파구,1,0,20.0,30.0
340,20170620,송파구,0,1,20.0,33.0
341,20170620,송파구,0,1,20.0,33.0
342,20170621,송파구,0,1,22.0,32.0
343,20170621,송파구,0,1,22.0,32.0
344,20170622,송파구,1,0,21.0,30.0
345,20170622,송파구,1,0,21.0,30.0
346,20170623,송파구,1,0,21.0,34.0
347,20170623,송파구,1,0,21.0,34.0
348,20170624,송파구,0,1,22.0,28.0
349,20170624,송파구,0,1,22.0,28.0
350,20170625,송파구,0,1,21.0,28.0
351,20170625,송파구,0,1,21.0,28.0
352,20170626,송파구,0,1,20.0,30.0
353,20170626,송파구,0,1,20.0,30.0
354,20170627,송파구,0,1,21.0,31.0
355,20170627,송파구,0,1,21.0,31.0
356,20170628,송파구,1,0,23.0,31.0
357,20170628,송파구,1,0,23.0,31.0
358,20170629,송파구,1,0,22.0,32.0
359,20170629,송파구,1,0,22.0,32.0
360,20170630,송파구,1,0,22.0,31.0
361,20170630,송파구,1,0,22.0,31.0
362,20170701,송파구,0,1,22.0,31.0
363,20170701,송파구,0,1,22.0,31.0
364,20170702,송파구,0,1,22.0,27.0
365,20170702,송파구,0,1,22.0,27.0
366,20170703,송파구,0,1,22.0,27.0
367,20170703,송파구,0,1,22.0,27.0
368,20170704,송파구,0,1,24.0,32.0
369,20170704,송파구,0,1,24.0,32.0
370,20170705,송파구,1,0,23.0,33.0
371,20170705,송파구,1,0,23.0,33.0
372,20170706,송파구,0,1,24.0,35.0
373,20170706,송파구,0,1,24.0,35.0
374,20170707,송파구,0,1,24.0,28.0
375,20170707,송파구,0,1,24.0,28.0
376,20170708,송파구,0,1,25.0,28.0
377,20170708,송파구,0,1,25.0,28.0
378,20170709,송파구,0,1,24.0,30.0
379,20170709,송파구,0,1,24.0,30.0
380,20170710,송파구,0,1,23.0,25.0
381,20170710,송파구,0,1,23.0,25.0
382,20170711,송파구,0,1,22.0,31.0
383,20170711,송파구,0,1,22.0,31.0
384,20170712,송파구,0,1,25.0,31.0
385,20170712,송파구,0,1,25.0,31.0
386,20170713,송파구,1,0,23.0,32.0
387,20170713,송파구,1,0,23.0,32.0
388,20170714,송파구,0,1,26.0,33.0
389,20170714,송파구,0,1,26.0,33.0
390,20170715,송파구,0,1,23.0,27.0
391,20170715,송파구,0,1,23.0,27.0
392,20170716,송파구,0,1,23.0,29.0
393,20170716,송파구,0,1,23.0,29.0
394,20170717,송파구,0,1,24.0,29.0
395,20170717,송파구,0,1,24.0,29.0
396,20170718,송파구,0,1,24.0,31.0
397,20170718,송파구,0,1,24.0,31.0
398,20170719,송파구,1,0,25.0,34.0
399,20170719,송파구,1,0,25.0,34.0
400,20170720,송파구,1,0,26.0,35.0
401,20170720,송파구,1,0,26.0,35.0
402,20170721,송파구,1,0,27.0,32.0
403,20170721,송파구,1,0,27.0,32.0
404,20170722,송파구,0,1,28.0,33.0
405,20170722,송파구,0,1,28.0,33.0
406,20170723,송파구,0,1,26.0,28.0
407,20170723,송파구,0,1,26.0,28.0
408,20170724,송파구,0,1,26.0,27.0
409,20170724,송파구,0,1,26.0,27.0
410,20170725,송파구,1,0,25.0,35.0
411,20170725,송파구,1,0,25.0,35.0
412,20170726,송파구,1,0,24.0,33.0
413,20170726,송파구,1,0,24.0,33.0
414,20170727,송파구,0,1,25.0,30.0
415,20170727,송파구,0,1,25.0,30.0
416,20170728,송파구,0,1,25.0,27.0
417,20170728,송파구,0,1,25.0,27.0
418,20170729,송파구,0,1,25.0,30.0
419,20170729,송파구,0,1,25.0,30.0
420,20170730,송파구,1,0,25.0,33.0
421,20170730,송파구,1,0,25.0,33.0
422,20170731,송파구,0,1,25.0,27.0
423,20170731,송파구,0,1,25.0,27.0
424,20170801,송파구,0,1,24.0,33.0
425,20170801,송파구,0,1,24.0,33.0
426,20170802,송파구,1,0,27.0,33.0
427,20170802,송파구,1,0,27.0,33.0
428,20170803,송파구,1,0,27.0,34.0
429,20170803,송파구,1,0,27.0,34.0
430,20170804,송파구,1,0,26.0,35.0
431,20170804,송파구,1,0,26.0,35.0
432,20170805,송파구,1,0,28.0,35.0
433,20170805,송파구,1,0,28.0,35.0
434,20170806,송파구,0,1,28.0,34.0
435,20170806,송파구,0,1,28.0,34.0
436,20170807,송파구,1,0,26.0,34.0
437,20170807,송파구,1,0,26.0,34.0
438,20170808,송파구,1,0,26.0,31.0
439,20170808,송파구,1,0,26.0,31.0
440,20170809,송파구,0,1,25.0,32.0
441,20170809,송파구,0,1,25.0,32.0
442,20170810,송파구,0,1,24.0,26.0
443,20170810,송파구,0,1,24.0,26.0
444,20170811,송파구,0,1,24.0,32.0
445,20170811,송파구,0,1,24.0,32.0
446,20170812,송파구,1,0,23.0,33.0
447,20170812,송파구,1,0,23.0,33.0
448,20170813,송파구,0,1,24.0,28.0
449,20170813,송파구,0,1,24.0,28.0
450,20170814,송파구,0,1,23.0,27.0
451,20170814,송파구,0,1,23.0,27.0
452,20170815,송파구,0,1,21.0,24.0
453,20170815,송파구,0,1,21.0,24.0
454,20170816,송파구,0,1,21.0,27.0
455,20170816,송파구,0,1,21.0,27.0
456,20170817,송파구,0,1,21.0,28.0
457,20170817,송파구,0,1,21.0,28.0
458,20170818,송파구,0,1,24.0,31.0
459,20170818,송파구,0,1,24.0,31.0
460,20170819,송파구,0,1,23.0,29.0
461,20170819,송파구,0,1,23.0,29.0
462,20170820,송파구,0,1,22.0,26.0
463,20170820,송파구,0,1,22.0,26.0
464,20170821,송파구,0,1,24.0,29.0
465,20170821,송파구,0,1,24.0,29.0
466,20170822,송파구,1,0,23.0,32.0
467,20170822,송파구,1,0,23.0,32.0
468,20170823,송파구,0,1,25.0,30.0
469,20170823,송파구,0,1,25.0,30.0
470,20170824,송파구,0,1,24.0,28.0
471,20170824,송파구,0,1,24.0,28.0
472,20170825,송파구,1,0,22.0,31.0
473,20170825,송파구,1,0,22.0,31.0
474,20170826,송파구,1,0,19.0,29.0
475,20170826,송파구,1,0,19.0,29.0
476,20170827,송파구,0,1,19.0,27.0
477,20170827,송파구,0,1,19.0,27.0
478,20170828,송파구,0,1,18.0,27.0
479,20170828,송파구,0,1,18.0,27.0
480,20170829,송파구,1,0,17.0,24.0
481,20170829,송파구,1,0,17.0,24.0
482,20170830,송파구,1,0,16.0,24.0
483,20170830,송파구,1,0,16.0,24.0
484,20170831,송파구,1,0,17.0,28.0
485,20170831,송파구,1,0,17.0,28.0
486,20170901,송파구,1,0,17.0,30.0
487,20170901,송파구,1,0,17.0,30.0
488,20170902,송파구,1,0,19.0,30.0
489,20170902,송파구,1,0,19.0,30.0
490,20170903,송파구,1,0,19.0,29.0
491,20170903,송파구,1,0,19.0,29.0
492,20170904,송파구,1,0,20.0,30.0
493,20170904,송파구,1,0,20.0,30.0
494,20170905,송파구,0,1,20.0,24.0
495,20170905,송파구,0,1,20.0,24.0
496,20170906,송파구,0,1,19.0,24.0
497,20170906,송파구,0,1,19.0,24.0
498,20170907,송파구,1,0,18.0,28.0
499,20170907,송파구,1,0,18.0,28.0
500,20170908,송파구,1,0,20.0,30.0
501,20170908,송파구,1,0,20.0,30.0
502,20170909,송파구,1,0,19.0,28.0
503,20170909,송파구,1,0,19.0,28.0
504,20170910,송파구,0,1,20.0,26.0
505,20170910,송파구,0,1,20.0,26.0
506,20170911,송파구,0,1,19.0,25.0
507,20170911,송파구,0,1,19.0,25.0
508,20170912,송파구,1,0,18.0,28.0
509,20170912,송파구,1,0,18.0,28.0
510,20170913,송파구,1,0,16.0,28.0
511,20170913,송파구,1,0,16.0,28.0
512,20170914,송파구,1,0,15.0,30.0
513,20170914,송파구,1,0,15.0,30.0
514,20170915,송파구,1,0,18.0,28.0
515,20170915,송파구,1,0,18.0,28.0
516,20170916,송파구,1,0,17.0,28.0
517,20170916,송파구,1,0,17.0,28.0
518,20170917,송파구,1,0,19.0,29.0
519,20170917,송파구,1,0,19.0,29.0
520,20170918,송파구,1,0,16.0,28.0
521,20170918,송파구,1,0,16.0,28.0
522,20170919,송파구,0,1,20.0,26.0
523,20170919,송파구,0,1,20.0,26.0
524,20170920,송파구,1,0,14.0,25.0
525,20170920,송파구,1,0,14.0,25.0
526,20170921,송파구,1,0,14.0,27.0
527,20170921,송파구,1,0,14.0,27.0
528,20170922,송파구,1,0,15.0,27.0
529,20170922,송파구,1,0,15.0,27.0
530,20170923,송파구,0,1,18.0,27.0
531,20170923,송파구,0,1,18.0,27.0
532,20170924,송파구,0,1,19.0,28.0
533,20170924,송파구,0,1,19.0,28.0
534,20170925,송파구,1,0,17.0,30.0
535,20170925,송파구,1,0,17.0,30.0
536,20170926,송파구,0,1,19.0,31.0
537,20170926,송파구,0,1,19.0,31.0
538,20170927,송파구,0,1,20.0,27.0
539,20170927,송파구,0,1,20.0,27.0
540,20170928,송파구,1,0,14.0,25.0
541,20170928,송파구,1,0,14.0,25.0
542,20170929,송파구,1,0,11.0,24.0
543,20170929,송파구,1,0,11.0,24.0
544,20170930,송파구,1,0,15.0,26.0
545,20170930,송파구,1,0,15.0,26.0
546,20171001,송파구,0,1,16.0,21.0
547,20171001,송파구,0,1,16.0,21.0
548,20171002,송파구,0,1,16.0,29.0
549,20171002,송파구,0,1,16.0,29.0
550,20171003,송파구,1,0,13.0,24.0
551,20171003,송파구,1,0,13.0,24.0
552,20171004,송파구,1,0,11.0,24.0
553,20171004,송파구,1,0,11.0,24.0
554,20171005,송파구,1,0,14.0,23.0
555,20171005,송파구,1,0,14.0,23.0
556,20171006,송파구,0,1,16.0,23.0
557,20171006,송파구,0,1,16.0,23.0
558,20171007,송파구,0,1,17.0,29.0
559,20171007,송파구,0,1,17.0,29.0
560,20171008,송파구,1,0,19.0,29.0
561,20171008,송파구,1,0,19.0,29.0
562,20171009,송파구,0,1,20.0,28.0
563,20171009,송파구,0,1,20.0,28.0
564,20171010,송파구,0,1,19.0,25.0
565,20171010,송파구,0,1,19.0,25.0
566,20171011,송파구,0,1,12.0,22.0
567,20171011,송파구,0,1,12.0,22.0
568,20171012,송파구,1,0,9.0,14.0
569,20171012,송파구,1,0,9.0,14.0
570,20171013,송파구,1,0,6.0,19.0
571,20171013,송파구,1,0,6.0,19.0
572,20171014,송파구,1,0,9.0,21.0
573,20171014,송파구,1,0,9.0,21.0
574,20171015,송파구,1,0,9.0,23.0
575,20171015,송파구,1,0,9.0,23.0
576,20171016,송파구,1,0,14.0,22.0
577,20171016,송파구,1,0,14.0,22.0
578,20171017,송파구,1,0,9.0,24.0
579,20171017,송파구,1,0,9.0,24.0
580,20171018,송파구,0,1,14.0,19.0
581,20171018,송파구,0,1,14.0,19.0
582,20171019,송파구,1,0,12.0,23.0
583,20171019,송파구,1,0,12.0,23.0
584,20171020,송파구,1,0,11.0,24.0
585,20171020,송파구,1,0,11.0,24.0
586,20171021,송파구,1,0,11.0,25.0
587,20171021,송파구,1,0,11.0,25.0
588,20171022,송파구,1,0,11.0,24.0
589,20171022,송파구,1,0,11.0,24.0
590,20171023,송파구,1,0,9.0,21.0
591,20171023,송파구,1,0,9.0,21.0
592,20171024,송파구,1,0,10.0,21.0
593,20171024,송파구,1,0,10.0,21.0
594,20171025,송파구,1,0,10.0,21.0
595,20171025,송파구,1,0,10.0,21.0
596,20171026,송파구,1,0,11.0,18.0
597,20171026,송파구,1,0,11.0,18.0
598,20171027,송파구,1,0,12.0,24.0
599,20171027,송파구,1,0,12.0,24.0
600,20171028,송파구,1,0,11.0,25.0
601,20171028,송파구,1,0,11.0,25.0
602,20171029,송파구,1,0,6.0,17.0
603,20171029,송파구,1,0,6.0,17.0
604,20171030,송파구,1,0,3.0,13.0
605,20171030,송파구,1,0,3.0,13.0
606,20171031,송파구,1,0,4.0,16.0
607,20171031,송파구,1,0,4.0,16.0
608,20171101,송파구,1,0,12.0,18.0
609,20171101,송파구,1,0,12.0,18.0
610,20171102,송파구,0,1,14.0,18.0
611,20171102,송파구,0,1,14.0,18.0
612,20171103,송파구,0,1,6.0,17.0
613,20171103,송파구,0,1,6.0,17.0
614,20171104,송파구,1,0,5.0,14.0
615,20171104,송파구,1,0,5.0,14.0
616,20171105,송파구,1,0,3.0,15.0
617,20171105,송파구,1,0,3.0,15.0
618,20171106,송파구,1,0,8.0,17.0
619,20171106,송파구,1,0,8.0,17.0
620,20171107,송파구,0,1,9.0,18.0
621,20171107,송파구,0,1,9.0,18.0
622,20171108,송파구,0,1,7.0,17.0
623,20171108,송파구,0,1,7.0,17.0
624,20171109,송파구,1,0,4.0,17.0
625,20171109,송파구,1,0,4.0,17.0
626,20171110,송파구,0,1,5.0,16.0
627,20171110,송파구,0,1,5.0,16.0
628,20171111,송파구,1,0,3.0,11.0
629,20171111,송파구,1,0,3.0,11.0
630,20171112,송파구,1,0,0.0,11.0
631,20171112,송파구,1,0,0.0,11.0
632,20171113,송파구,0,1,3.0,12.0
633,20171113,송파구,0,1,3.0,12.0
634,20171114,송파구,1,0,3.0,11.0
635,20171114,송파구,1,0,3.0,11.0
636,20171115,송파구,1,0,-1.0,7.0
637,20171115,송파구,1,0,-1.0,7.0
638,20171116,송파구,1,0,-3.0,6.0
639,20171116,송파구,1,0,-3.0,6.0
640,20171117,송파구,0,1,-2.0,6.0
641,20171117,송파구,0,1,-2.0,6.0
642,20171118,송파구,1,0,-5.0,3.0
643,20171118,송파구,1,0,-5.0,3.0
644,20171119,송파구,1,0,-7.0,4.0
645,20171119,송파구,1,0,-7.0,4.0
646,20171120,송파구,0,1,-4.0,4.0
647,20171120,송파구,0,1,-4.0,4.0
648,20171121,송파구,1,0,-4.0,8.0
649,20171121,송파구,1,0,-4.0,8.0
650,20171122,송파구,0,1,1.0,11.0
651,20171122,송파구,0,1,1.0,11.0
652,20171123,송파구,0,1,-3.0,5.0
653,20171123,송파구,0,1,-3.0,5.0
654,20171124,송파구,0,1,-3.0,3.0
655,20171124,송파구,0,1,-3.0,3.0
656,20171125,송파구,0,1,-3.0,7.0
657,20171125,송파구,0,1,-3.0,7.0
658,20171126,송파구,1,0,0.0,8.0
659,20171126,송파구,1,0,0.0,8.0
660,20171127,송파구,1,0,-3.0,10.0
661,20171127,송파구,1,0,-3.0,10.0
662,20171128,송파구,0,1,1.0,11.0
663,20171128,송파구,0,1,1.0,11.0
664,20171129,송파구,0,1,-2.0,8.0
665,20171129,송파구,0,1,-2.0,8.0
666,20171130,송파구,1,0,-5.0,3.0
667,20171130,송파구,1,0,-5.0,3.0
668,20171201,송파구,0,1,-8.0,3.0
669,20171201,송파구,0,1,-8.0,3.0
670,20171202,송파구,1,0,-5.0,8.0
671,20171202,송파구,1,0,-5.0,8.0
672,20171203,송파구,0,1,3.0,8.0
673,20171203,송파구,0,1,3.0,8.0
674,20171204,송파구,0,1,-6.0,5.0
675,20171204,송파구,0,1,-6.0,5.0
676,20171205,송파구,0,1,-8.0,0.0
677,20171205,송파구,0,1,-8.0,0.0
678,20171206,송파구,0,1,-5.0,6.0
679,20171206,송파구,0,1,-5.0,6.0
680,20171207,송파구,1,0,-4.0,5.0
681,20171207,송파구,1,0,-4.0,5.0
682,20171208,송파구,1,0,-7.0,-1.0
683,20171208,송파구,1,0,-7.0,-1.0
684,20171209,송파구,1,0,-6.0,5.0
685,20171209,송파구,1,0,-6.0,5.0
686,20171210,송파구,0,1,-3.0,7.0
687,20171210,송파구,0,1,-3.0,7.0
688,20171211,송파구,1,0,-11.0,-3.0
689,20171211,송파구,1,0,-11.0,-3.0
690,20171212,송파구,1,0,-12.0,-5.0
691,20171212,송파구,1,0,-12.0,-5.0
692,20171213,송파구,1,0,-12.0,-4.0
693,20171213,송파구,1,0,-12.0,-4.0
694,20171214,송파구,1,0,-11.0,-2.0
695,20171214,송파구,1,0,-11.0,-2.0
696,20171215,송파구,0,1,-8.0,1.0
697,20171215,송파구,0,1,-8.0,1.0
698,20171216,송파구,1,0,-8.0,-3.0
699,20171216,송파구,1,0,-8.0,-3.0
700,20171217,송파구,1,0,-11.0,-2.0
701,20171217,송파구,1,0,-11.0,-2.0
702,20171218,송파구,0,1,-6.0,3.0
703,20171218,송파구,0,1,-6.0,3.0
704,20171219,송파구,1,0,-7.0,-1.0
705,20171219,송파구,1,0,-7.0,-1.0
706,20171220,송파구,0,1,-9.0,0.0
707,20171220,송파구,0,1,-9.0,0.0
708,20171221,송파구,1,0,-6.0,5.0
709,20171221,송파구,1,0,-6.0,5.0
710,20171222,송파구,1,0,-2.0,7.0
711,20171222,송파구,1,0,-2.0,7.0
712,20171223,송파구,1,0,5.0,9.0
713,20171223,송파구,1,0,5.0,9.0
714,20171224,송파구,0,1,-1.0,6.0
715,20171224,송파구,0,1,-1.0,6.0
716,20171225,송파구,1,0,-5.0,1.0
717,20171225,송파구,1,0,-5.0,1.0
718,20171226,송파구,1,0,-8.0,-1.0
719,20171226,송파구,1,0,-8.0,-1.0
720,20171227,송파구,1,0,-10.0,-3.0
721,20171227,송파구,1,0,-10.0,-3.0
722,20171228,송파구,0,1,-7.0,1.0
723,20171228,송파구,0,1,-7.0,1.0
724,20171229,송파구,0,1,0.0,6.0
725,20171229,송파구,0,1,0.0,6.0
726,20171230,송파구,0,1,-1.0,5.0
727,20171230,송파구,0,1,-1.0,5.0
728,20171231,송파구,0,1,-3.0,3.0
729,20171231,송파구,0,1,-3.0,3.0
730,20180101,송파구,1,0,-5.0,4.0
731,20180101,송파구,1,0,-5.0,4.0
732,20180102,송파구,1,0,-4.0,2.0
733,20180102,송파구,1,0,-4.0,2.0
734,20180103,송파구,1,0,-7.0,0.0
735,20180103,송파구,1,0,-7.0,0.0
736,20180104,송파구,1,0,-9.0,-1.0
737,20180104,송파구,1,0,-9.0,-1.0
738,20180105,송파구,1,0,-6.0,2.0
739,20180105,송파구,1,0,-6.0,2.0
740,20180106,송파구,1,0,-7.0,3.0
741,20180106,송파구,1,0,-7.0,3.0
742,20180107,송파구,1,0,-6.0,3.0
743,20180107,송파구,1,0,-6.0,3.0
744,20180108,송파구,0,1,-1.0,4.0
745,20180108,송파구,0,1,-1.0,4.0
746,20180109,송파구,0,1,-6.0,-1.0
747,20180109,송파구,0,1,-6.0,-1.0
748,20180110,송파구,0,1,-10.0,-5.0
749,20180110,송파구,0,1,-10.0,-5.0
750,20180111,송파구,1,0,-14.0,-7.0
751,20180111,송파구,1,0,-14.0,-7.0
752,20180112,송파구,0,1,-15.0,-5.0
753,20180112,송파구,0,1,-15.0,-5.0
754,20180113,송파구,0,1,-7.0,-1.0
755,20180113,송파구,0,1,-7.0,-1.0
756,20180114,송파구,1,0,-4.0,5.0
757,20180114,송파구,1,0,-4.0,5.0
758,20180115,송파구,0,1,2.0,8.0
759,20180115,송파구,0,1,2.0,8.0
760,20180116,송파구,0,1,0.0,7.0
761,20180116,송파구,0,1,0.0,7.0
762,20180117,송파구,1,0,2.0,9.0
763,20180117,송파구,1,0,2.0,9.0
764,20180118,송파구,0,1,0.0,5.0
765,20180118,송파구,0,1,0.0,5.0
766,20180119,송파구,1,0,-3.0,6.0
767,20180119,송파구,1,0,-3.0,6.0
768,20180120,송파구,1,0,-1.0,7.0
769,20180120,송파구,1,0,-1.0,7.0
770,20180121,송파구,1,0,-4.0,6.0
771,20180121,송파구,1,0,-4.0,6.0
772,20180122,송파구,0,1,-5.0,4.0
773,20180122,송파구,0,1,-5.0,4.0
774,20180123,송파구,1,0,-15.0,-5.0
775,20180123,송파구,1,0,-15.0,-5.0
776,20180124,송파구,1,0,-16.0,-11.0
777,20180124,송파구,1,0,-16.0,-11.0
778,20180125,송파구,1,0,-16.0,-10.0
779,20180125,송파구,1,0,-16.0,-10.0
780,20180126,송파구,1,0,-18.0,-11.0
781,20180126,송파구,1,0,-18.0,-11.0
782,20180127,송파구,1,0,-16.0,-4.0
783,20180127,송파구,1,0,-16.0,-4.0
784,20180128,송파구,1,0,-9.0,-1.0
785,20180128,송파구,1,0,-9.0,-1.0
786,20180129,송파구,1,0,-12.0,-5.0
787,20180129,송파구,1,0,-12.0,-5.0
788,20180130,송파구,0,1,-11.0,-1.0
789,20180130,송파구,0,1,-11.0,-1.0
790,20180131,송파구,0,1,-5.0,0.0
791,20180131,송파구,0,1,-5.0,0.0
792,20180201,송파구,1,0,-9.0,1.0
793,20180201,송파구,1,0,-9.0,1.0
794,20180202,송파구,1,0,-8.0,4.0
795,20180202,송파구,1,0,-8.0,4.0
796,20180203,송파구,0,1,-10.0,-2.0
797,20180203,송파구,0,1,-10.0,-2.0
798,20180204,송파구,1,0,-13.0,-5.0
799,20180204,송파구,1,0,-13.0,-5.0
800,20180205,송파구,1,0,-12.0,-5.0
801,20180205,송파구,1,0,-12.0,-5.0
802,20180206,송파구,1,0,-13.0,-6.0
803,20180206,송파구,1,0,-13.0,-6.0
804,20180207,송파구,1,0,-13.0,-2.0
805,20180207,송파구,1,0,-13.0,-2.0
806,20180208,송파구,1,0,-10.0,2.0
807,20180208,송파구,1,0,-10.0,2.0
808,20180209,송파구,1,0,-5.0,6.0
809,20180209,송파구,1,0,-5.0,6.0
810,20180210,송파구,1,0,-7.0,3.0
811,20180210,송파구,1,0,-7.0,3.0
812,20180211,송파구,0,1,-10.0,-2.0
813,20180211,송파구,0,1,-10.0,-2.0
814,20180212,송파구,0,1,-10.0,-2.0
815,20180212,송파구,0,1,-10.0,-2.0
816,20180213,송파구,1,0,-7.0,4.0
817,20180213,송파구,1,0,-7.0,4.0
818,20180214,송파구,1,0,-1.0,9.0
819,20180214,송파구,1,0,-1.0,9.0
820,20180215,송파구,1,0,-4.0,4.0
821,20180215,송파구,1,0,-4.0,4.0
822,20180216,송파구,1,0,-6.0,5.0
823,20180216,송파구,1,0,-6.0,5.0
824,20180217,송파구,1,0,-7.0,1.0
825,20180217,송파구,1,0,-7.0,1.0
826,20180218,송파구,1,0,-5.0,5.0
827,20180218,송파구,1,0,-5.0,5.0
828,20180219,송파구,1,0,-2.0,7.0
829,20180219,송파구,1,0,-2.0,7.0
830,20180220,송파구,1,0,-2.0,6.0
831,20180220,송파구,1,0,-2.0,6.0
832,20180221,송파구,1,0,-5.0,4.0
833,20180221,송파구,1,0,-5.0,4.0
834,20180222,송파구,0,1,-4.0,5.0
835,20180222,송파구,0,1,-4.0,5.0
836,20180223,송파구,0,1,0.0,9.0
837,20180223,송파구,0,1,0.0,9.0
838,20180224,송파구,1,0,-1.0,7.0
839,20180224,송파구,1,0,-1.0,7.0
840,20180225,송파구,1,0,-2.0,8.0
841,20180225,송파구,1,0,-2.0,8.0
842,20180226,송파구,1,0,-3.0,10.0
843,20180226,송파구,1,0,-3.0,10.0
844,20180227,송파구,1,0,1.0,7.0
845,20180227,송파구,1,0,1.0,7.0
846,20180228,송파구,0,1,2.0,8.0
847,20180228,송파구,0,1,2.0,8.0
848,20180301,송파구,0,1,-4.0,3.0
849,20180301,송파구,0,1,-4.0,3.0
850,20180302,송파구,1,0,-7.0,5.0
851,20180302,송파구,1,0,-7.0,5.0
852,20180303,송파구,0,1,0.0,16.0
853,20180303,송파구,0,1,0.0,16.0
854,20180304,송파구,0,1,8.0,12.0
855,20180304,송파구,0,1,8.0,12.0
856,20180305,송파구,0,1,1.0,11.0
857,20180305,송파구,0,1,1.0,11.0
858,20180306,송파구,1,0,-1.0,11.0
859,20180306,송파구,1,0,-1.0,11.0
860,20180307,송파구,0,1,2.0,11.0
861,20180307,송파구,0,1,2.0,11.0
862,20180308,송파구,0,1,3.0,10.0
863,20180308,송파구,0,1,3.0,10.0
864,20180309,송파구,1,0,1.0,10.0
865,20180309,송파구,1,0,1.0,10.0
866,20180310,송파구,1,0,1.0,10.0
867,20180310,송파구,1,0,1.0,10.0
868,20180311,송파구,1,0,3.0,12.0
869,20180311,송파구,1,0,3.0,12.0
870,20180312,송파구,1,0,2.0,16.0
871,20180312,송파구,1,0,2.0,16.0
872,20180313,송파구,1,0,5.0,19.0
873,20180313,송파구,1,0,5.0,19.0
874,20180314,송파구,1,0,14.0,22.0
875,20180314,송파구,1,0,14.0,22.0
876,20180315,송파구,0,1,8.0,17.0
877,20180315,송파구,0,1,8.0,17.0
878,20180316,송파구,1,0,4.0,12.0
879,20180316,송파구,1,0,4.0,12.0
880,20180317,송파구,1,0,1.0,14.0
881,20180317,송파구,1,0,1.0,14.0
882,20180318,송파구,0,1,5.0,13.0
883,20180318,송파구,0,1,5.0,13.0
884,20180319,송파구,0,1,6.0,10.0
885,20180319,송파구,0,1,6.0,10.0
886,20180320,송파구,1,0,2.0,9.0
887,20180320,송파구,1,0,2.0,9.0
888,20180321,송파구,0,1,1.0,5.0
889,20180321,송파구,0,1,1.0,5.0
890,20180322,송파구,1,0,1.0,12.0
891,20180322,송파구,1,0,1.0,12.0
892,20180323,송파구,1,0,2.0,13.0
893,20180323,송파구,1,0,2.0,13.0
894,20180324,송파구,1,0,4.0,13.0
895,20180324,송파구,1,0,4.0,13.0
896,20180325,송파구,1,0,5.0,17.0
897,20180325,송파구,1,0,5.0,17.0
898,20180326,송파구,1,0,5.0,18.0
899,20180326,송파구,1,0,5.0,18.0
900,20180327,송파구,1,0,8.0,20.0
901,20180327,송파구,1,0,8.0,20.0
902,20180328,송파구,1,0,9.0,19.0
903,20180328,송파구,1,0,9.0,19.0
904,20180329,송파구,1,0,12.0,21.0
905,20180329,송파구,1,0,12.0,21.0
906,20180330,송파구,1,0,10.0,22.0
907,20180330,송파구,1,0,10.0,22.0
908,20180331,송파구,1,0,9.0,20.0
909,20180331,송파구,1,0,9.0,20.0
910,20180401,송파구,1,0,12.0,19.0
911,20180401,송파구,1,0,12.0,19.0
912,20180402,송파구,1,0,15.0,24.0
913,20180402,송파구,1,0,15.0,24.0
914,20180403,송파구,0,1,15.0,21.0
915,20180403,송파구,0,1,15.0,21.0
916,20180404,송파구,0,1,10.0,18.0
917,20180404,송파구,0,1,10.0,18.0
918,20180405,송파구,0,1,7.0,10.0
919,20180405,송파구,0,1,7.0,10.0
920,20180406,송파구,0,1,3.0,9.0
921,20180406,송파구,0,1,3.0,9.0
922,20180407,송파구,0,1,1.0,9.0
923,20180407,송파구,0,1,1.0,9.0
924,20180408,송파구,0,1,1.0,8.0
925,20180408,송파구,0,1,1.0,8.0
926,20180409,송파구,1,0,0.0,15.0
927,20180409,송파구,1,0,0.0,15.0
928,20180410,송파구,0,1,7.0,22.0
929,20180410,송파구,0,1,7.0,22.0
930,20180411,송파구,1,0,9.0,17.0
931,20180411,송파구,1,0,9.0,17.0
932,20180412,송파구,1,0,7.0,20.0
933,20180412,송파구,1,0,7.0,20.0
934,20180413,송파구,1,0,8.0,19.0
935,20180413,송파구,1,0,8.0,19.0
936,20180414,송파구,0,1,8.0,15.0
937,20180414,송파구,0,1,8.0,15.0
938,20180415,송파구,1,0,6.0,14.0
939,20180415,송파구,1,0,6.0,14.0
940,20180416,송파구,1,0,5.0,19.0
941,20180416,송파구,1,0,5.0,19.0
942,20180417,송파구,1,0,7.0,20.0
943,20180417,송파구,1,0,7.0,20.0
944,20180418,송파구,1,0,6.0,19.0
945,20180418,송파구,1,0,6.0,19.0
946,20180419,송파구,1,0,7.0,21.0
947,20180419,송파구,1,0,7.0,21.0
948,20180420,송파구,1,0,11.0,26.0
949,20180420,송파구,1,0,11.0,26.0
950,20180421,송파구,1,0,12.0,26.0
951,20180421,송파구,1,0,12.0,26.0
952,20180422,송파구,0,1,11.0,21.0
953,20180422,송파구,0,1,11.0,21.0
954,20180423,송파구,0,1,8.0,11.0
955,20180423,송파구,0,1,8.0,11.0
956,20180424,송파구,0,1,9.0,16.0
957,20180424,송파구,0,1,9.0,16.0
958,20180425,송파구,1,0,6.0,23.0
959,20180425,송파구,1,0,6.0,23.0
960,20180426,송파구,1,0,10.0,22.0
961,20180426,송파구,1,0,10.0,22.0
962,20180427,송파구,1,0,10.0,23.0
963,20180427,송파구,1,0,10.0,23.0
964,20180428,송파구,1,0,11.0,22.0
965,20180428,송파구,1,0,11.0,22.0
966,20180429,송파구,1,0,9.0,23.0
967,20180429,송파구,1,0,9.0,23.0
968,20180430,송파구,1,0,14.0,25.0
969,20180430,송파구,1,0,14.0,25.0
970,20180501,송파구,0,1,18.0,23.0
971,20180501,송파구,0,1,18.0,23.0
972,20180502,송파구,0,1,9.0,20.0
973,20180502,송파구,0,1,9.0,20.0
974,20180503,송파구,0,1,7.0,15.0
975,20180503,송파구,0,1,7.0,15.0
976,20180504,송파구,1,0,9.0,20.0
977,20180504,송파구,1,0,9.0,20.0
978,20180505,송파구,1,0,12.0,25.0
979,20180505,송파구,1,0,12.0,25.0
980,20180506,송파구,0,1,15.0,21.0
981,20180506,송파구,0,1,15.0,21.0
982,20180507,송파구,1,0,14.0,26.0
983,20180507,송파구,1,0,14.0,26.0
984,20180508,송파구,1,0,12.0,23.0
985,20180508,송파구,1,0,12.0,23.0
986,20180509,송파구,1,0,9.0,22.0
987,20180509,송파구,1,0,9.0,22.0
988,20180510,송파구,1,0,11.0,21.0
989,20180510,송파구,1,0,11.0,21.0
990,20180511,송파구,1,0,12.0,21.0
991,20180511,송파구,1,0,12.0,21.0
992,20180512,송파구,0,1,12.0,16.0
993,20180512,송파구,0,1,12.0,16.0
994,20180513,송파구,0,1,13.0,20.0
995,20180513,송파구,0,1,13.0,20.0
996,20180514,송파구,1,0,12.0,25.0
997,20180514,송파구,1,0,12.0,25.0
998,20180515,송파구,0,1,15.0,29.0
999,20180515,송파구,0,1,15.0,29.0
1000,20180516,송파구,0,1,22.0,24.0
1001,20180516,송파구,0,1,22.0,24.0
1002,20180517,송파구,0,1,19.0,24.0
1003,20180517,송파구,0,1,19.0,24.0
1004,20180518,송파구,0,1,12.0,19.0
1005,20180518,송파구,0,1,12.0,19.0
1006,20180519,송파구,1,0,10.0,25.0
1007,20180519,송파구,1,0,10.0,25.0
1008,20180520,송파구,1,0,12.0,23.0
1009,20180520,송파구,1,0,12.0,23.0
1010,20180521,송파구,1,0,11.0,24.0
1011,20180521,송파구,1,0,11.0,24.0
1012,20180522,송파구,0,1,15.0,23.0
1013,20180522,송파구,0,1,15.0,23.0
1014,20180523,송파구,0,1,14.0,23.0
1015,20180523,송파구,0,1,14.0,23.0
1016,20180524,송파구,1,0,11.0,24.0
1017,20180524,송파구,1,0,11.0,24.0
1018,20180525,송파구,1,0,14.0,26.0
1019,20180525,송파구,1,0,14.0,26.0
1020,20180526,송파구,1,0,14.0,30.0
1021,20180526,송파구,1,0,14.0,30.0
1022,20180527,송파구,1,0,17.0,25.0
1023,20180527,송파구,1,0,17.0,25.0
1024,20180528,송파구,1,0,16.0,29.0
1025,20180528,송파구,1,0,16.0,29.0
1026,20180529,송파구,0,1,19.0,26.0
1027,20180529,송파구,0,1,19.0,26.0
1028,20180530,송파구,0,1,16.0,25.0
1029,20180530,송파구,0,1,16.0,25.0
1030,20180531,송파구,1,0,14.0,28.0
1031,20180531,송파구,1,0,14.0,28.0
1032,20180601,송파구,1,0,18.0,30.0
1033,20180601,송파구,1,0,18.0,30.0
1034,20180602,송파구,1,0,18.0,30.0
1035,20180602,송파구,1,0,18.0,30.0
1036,20180603,송파구,1,0,17.0,31.0
1037,20180603,송파구,1,0,17.0,31.0
1038,20180604,송파구,1,0,19.0,28.0
1039,20180604,송파구,1,0,19.0,28.0
1040,20180605,송파구,1,0,18.0,29.0
1041,20180605,송파구,1,0,18.0,29.0
1042,20180606,송파구,1,0,18.0,28.0
1043,20180606,송파구,1,0,18.0,28.0
1044,20180607,송파구,1,0,18.0,29.0
1045,20180607,송파구,1,0,18.0,29.0
1046,20180608,송파구,1,0,19.0,27.0
1047,20180608,송파구,1,0,19.0,27.0
1048,20180609,송파구,0,1,19.0,30.0
1049,20180609,송파구,0,1,19.0,30.0
1050,20180610,송파구,0,1,18.0,25.0
1051,20180610,송파구,0,1,18.0,25.0
1052,20180611,송파구,0,1,18.0,24.0
1053,20180611,송파구,0,1,18.0,24.0
1054,20180612,송파구,0,1,17.0,27.0
1055,20180612,송파구,0,1,17.0,27.0
1056,20180613,송파구,0,1,18.0,27.0
1057,20180613,송파구,0,1,18.0,27.0
1058,20180614,송파구,0,1,19.0,25.0
1059,20180614,송파구,0,1,19.0,25.0
1060,20180615,송파구,0,1,17.0,27.0
1061,20180615,송파구,0,1,17.0,27.0
1062,20180616,송파구,1,0,16.0,29.0
1063,20180616,송파구,1,0,16.0,29.0
1064,20180617,송파구,1,0,19.0,28.0
1065,20180617,송파구,1,0,19.0,28.0
1066,20180618,송파구,1,0,20.0,31.0
1067,20180618,송파구,1,0,20.0,31.0
1068,20180619,송파구,1,0,19.0,27.0
1069,20180619,송파구,1,0,19.0,27.0
1070,20180620,송파구,1,0,19.0,28.0
1071,20180620,송파구,1,0,19.0,28.0
1072,20180621,송파구,1,0,19.0,29.0
1073,20180621,송파구,1,0,19.0,29.0
1074,20180622,송파구,1,0,18.0,32.0
1075,20180622,송파구,1,0,18.0,32.0
1076,20180623,송파구,1,0,21.0,29.0
1077,20180623,송파구,1,0,21.0,29.0
1078,20180624,송파구,1,0,20.0,32.0
1079,20180624,송파구,1,0,20.0,32.0
1080,20180625,송파구,1,0,21.0,33.0
1081,20180625,송파구,1,0,21.0,33.0
1082,20180626,송파구,0,1,20.0,27.0
1083,20180626,송파구,0,1,20.0,27.0
1084,20180627,송파구,0,1,19.0,26.0
1085,20180627,송파구,0,1,19.0,26.0
1086,20180628,송파구,0,1,21.0,27.0
1087,20180628,송파구,0,1,21.0,27.0
1088,20180629,송파구,0,1,22.0,29.0
1089,20180629,송파구,0,1,22.0,29.0
1090,20180630,송파구,0,1,22.0,28.0
1091,20180630,송파구,0,1,22.0,28.0
1092,20180701,송파구,0,1,21.0,23.0
1093,20180701,송파구,0,1,21.0,23.0
1094,20180702,송파구,0,1,21.0,25.0
1095,20180702,송파구,0,1,21.0,25.0
1096,20180703,송파구,0,1,23.0,33.0
1097,20180703,송파구,0,1,23.0,33.0
1098,20180704,송파구,1,0,24.0,32.0
1099,20180704,송파구,1,0,24.0,32.0
1100,20180705,송파구,0,1,23.0,29.0
1101,20180705,송파구,0,1,23.0,29.0
1102,20180706,송파구,1,0,22.0,27.0
1103,20180706,송파구,1,0,22.0,27.0
1104,20180707,송파구,1,0,20.0,29.0
1105,20180707,송파구,1,0,20.0,29.0
1106,20180708,송파구,1,0,18.0,28.0
1107,20180708,송파구,1,0,18.0,28.0
1108,20180709,송파구,0,1,20.0,24.0
1109,20180709,송파구,0,1,20.0,24.0
1110,20180710,송파구,0,1,20.0,27.0
1111,20180710,송파구,0,1,20.0,27.0
1112,20180711,송파구,0,1,24.0,30.0
1113,20180711,송파구,0,1,24.0,30.0
1114,20180712,송파구,0,1,25.0,28.0
1115,20180712,송파구,0,1,25.0,28.0
1116,20180713,송파구,1,0,25.0,31.0
1117,20180713,송파구,1,0,25.0,31.0
1118,20180714,송파구,0,1,25.0,32.0
1119,20180714,송파구,0,1,25.0,32.0
1120,20180715,송파구,1,0,25.0,33.0
1121,20180715,송파구,1,0,25.0,33.0
1122,20180716,송파구,1,0,24.0,34.0
1123,20180716,송파구,1,0,24.0,34.0
1124,20180717,송파구,1,0,24.0,32.0
1125,20180717,송파구,1,0,24.0,32.0
1126,20180718,송파구,1,0,24.0,33.0
1127,20180718,송파구,1,0,24.0,33.0
1128,20180719,송파구,1,0,23.0,34.0
1129,20180719,송파구,1,0,23.0,34.0
1130,20180720,송파구,1,0,25.0,35.0
1131,20180720,송파구,1,0,25.0,35.0
1132,20180721,송파구,1,0,25.0,37.0
1133,20180721,송파구,1,0,25.0,37.0
1134,20180722,송파구,1,0,25.0,38.0
1135,20180722,송파구,1,0,25.0,38.0
1136,20180723,송파구,1,0,29.0,36.0
1137,20180723,송파구,1,0,29.0,36.0
1138,20180724,송파구,1,0,27.0,37.0
1139,20180724,송파구,1,0,27.0,37.0
1140,20180725,송파구,1,0,28.0,34.0
1141,20180725,송파구,1,0,28.0,34.0
1142,20180726,송파구,1,0,27.0,34.0
1143,20180726,송파구,1,0,27.0,34.0
1144,20180727,송파구,1,0,27.0,35.0
1145,20180727,송파구,1,0,27.0,35.0
1146,20180728,송파구,0,1,28.0,35.0
1147,20180728,송파구,0,1,28.0,35.0
1148,20180729,송파구,1,0,26.0,37.0
1149,20180729,송파구,1,0,26.0,37.0
1150,20180730,송파구,1,0,26.0,37.0
1151,20180730,송파구,1,0,26.0,37.0
1152,20180731,송파구,1,0,28.0,38.0
1153,20180731,송파구,1,0,28.0,38.0
1154,20180801,송파구,1,0,28.0,40.0
1155,20180801,송파구,1,0,28.0,40.0
1156,20180802,송파구,1,0,30.0,38.0
1157,20180802,송파구,1,0,30.0,38.0
1158,20180803,송파구,1,0,30.0,38.0
1159,20180803,송파구,1,0,30.0,38.0
1160,20180804,송파구,1,0,28.0,35.0
1161,20180804,송파구,1,0,28.0,35.0
1162,20180805,송파구,0,1,27.0,34.0
1163,20180805,송파구,0,1,27.0,34.0
1164,20180806,송파구,0,1,28.0,35.0
1165,20180806,송파구,0,1,28.0,35.0
1166,20180807,송파구,0,1,27.0,36.0
1167,20180807,송파구,0,1,27.0,36.0
1168,20180808,송파구,1,0,28.0,35.0
1169,20180808,송파구,1,0,28.0,35.0
1170,20180809,송파구,0,1,27.0,33.0
1171,20180809,송파구,0,1,27.0,33.0
1172,20180810,송파구,1,0,26.0,37.0
1173,20180810,송파구,1,0,26.0,37.0
1174,20180811,송파구,1,0,26.0,36.0
1175,20180811,송파구,1,0,26.0,36.0
1176,20180812,송파구,1,0,27.0,35.0
1177,20180812,송파구,1,0,27.0,35.0
1178,20180813,송파구,1,0,27.0,34.0
1179,20180813,송파구,1,0,27.0,34.0
1180,20180814,송파구,1,0,28.0,37.0
1181,20180814,송파구,1,0,28.0,37.0
1182,20180815,송파구,0,1,28.0,38.0
1183,20180815,송파구,0,1,28.0,38.0
1184,20180816,송파구,1,0,24.0,36.0
1185,20180816,송파구,1,0,24.0,36.0
1186,20180817,송파구,1,0,22.0,34.0
1187,20180817,송파구,1,0,22.0,34.0
1188,20180818,송파구,1,0,22.0,32.0
1189,20180818,송파구,1,0,22.0,32.0
1190,20180819,송파구,1,0,23.0,34.0
1191,20180819,송파구,1,0,23.0,34.0
1192,20180820,송파구,0,1,25.0,33.0
1193,20180820,송파구,0,1,25.0,33.0
1194,20180821,송파구,0,1,23.0,31.0
1195,20180821,송파구,0,1,23.0,31.0
1196,20180822,송파구,1,0,23.0,38.0
1197,20180822,송파구,1,0,23.0,38.0
1198,20180823,송파구,0,1,26.0,32.0
1199,20180823,송파구,0,1,26.0,32.0
1200,20180824,송파구,0,1,23.0,26.0
1201,20180824,송파구,0,1,23.0,26.0
1202,20180825,송파구,1,0,23.0,29.0
1203,20180825,송파구,1,0,23.0,29.0
1204,20180826,송파구,0,1,20.0,29.0
1205,20180826,송파구,0,1,20.0,29.0
1206,20180827,송파구,0,1,20.0,25.0
1207,20180827,송파구,0,1,20.0,25.0
1208,20180828,송파구,0,1,23.0,26.0
1209,20180828,송파구,0,1,23.0,26.0
1210,20180829,송파구,0,1,23.0,27.0
1211,20180829,송파구,0,1,23.0,27.0
1212,20180830,송파구,0,1,24.0,28.0
1213,20180830,송파구,0,1,24.0,28.0
1214,20180831,송파구,0,1,23.0,30.0
1215,20180831,송파구,0,1,23.0,30.0
1216,20180901,송파구,1,0,21.0,31.0
1217,20180901,송파구,1,0,21.0,31.0
1218,20180902,송파구,1,0,20.0,30.0
1219,20180902,송파구,1,0,20.0,30.0
1220,20180903,송파구,0,1,21.0,26.0
1221,20180903,송파구,0,1,21.0,26.0
1222,20180904,송파구,1,0,20.0,28.0
1223,20180904,송파구,1,0,20.0,28.0
1224,20180905,송파구,1,0,20.0,29.0
1225,20180905,송파구,1,0,20.0,29.0
1226,20180906,송파구,0,1,21.0,28.0
1227,20180906,송파구,0,1,21.0,28.0
1228,20180907,송파구,0,1,19.0,26.0
1229,20180907,송파구,0,1,19.0,26.0
1230,20180908,송파구,1,0,16.0,28.0
1231,20180908,송파구,1,0,16.0,28.0
1232,20180909,송파구,1,0,16.0,29.0
1233,20180909,송파구,1,0,16.0,29.0
1234,20180910,송파구,1,0,19.0,28.0
1235,20180910,송파구,1,0,19.0,28.0
1236,20180911,송파구,1,0,17.0,26.0
1237,20180911,송파구,1,0,17.0,26.0
1238,20180912,송파구,1,0,17.0,28.0
1239,20180912,송파구,1,0,17.0,28.0
1240,20180913,송파구,1,0,20.0,28.0
1241,20180913,송파구,1,0,20.0,28.0
1242,20180914,송파구,0,1,20.0,27.0
1243,20180914,송파구,0,1,20.0,27.0
1244,20180915,송파구,0,1,21.0,26.0
1245,20180915,송파구,0,1,21.0,26.0
1246,20180916,송파구,0,1,21.0,24.0
1247,20180916,송파구,0,1,21.0,24.0
1248,20180917,송파구,0,1,19.0,28.0
1249,20180917,송파구,0,1,19.0,28.0
1250,20180918,송파구,1,0,18.0,27.0
1251,20180918,송파구,1,0,18.0,27.0
1252,20180919,송파구,0,1,19.0,27.0
1253,20180919,송파구,0,1,19.0,27.0
1254,20180920,송파구,0,1,18.0,20.0
1255,20180920,송파구,0,1,18.0,20.0
1256,20180921,송파구,0,1,18.0,22.0
1257,20180921,송파구,0,1,18.0,22.0
1258,20180922,송파구,0,1,17.0,26.0
1259,20180922,송파구,0,1,17.0,26.0
1260,20180923,송파구,0,1,16.0,25.0
1261,20180923,송파구,0,1,16.0,25.0
1262,20180924,송파구,1,0,14.0,22.0
1263,20180924,송파구,1,0,14.0,22.0
1264,20180925,송파구,1,0,11.0,24.0
1265,20180925,송파구,1,0,11.0,24.0
1266,20180926,송파구,1,0,16.0,25.0
1267,20180926,송파구,1,0,16.0,25.0
1268,20180927,송파구,1,0,13.0,25.0
1269,20180927,송파구,1,0,13.0,25.0
1270,20180928,송파구,1,0,14.0,22.0
1271,20180928,송파구,1,0,14.0,22.0
1272,20180929,송파구,1,0,15.0,27.0
1273,20180929,송파구,1,0,15.0,27.0
1274,20180930,송파구,1,0,14.0,22.0
1275,20180930,송파구,1,0,14.0,22.0
1276,20181001,송파구,0,1,13.0,20.0
1277,20181001,송파구,0,1,13.0,20.0
1278,20181002,송파구,1,0,10.0,22.0
1279,20181002,송파구,1,0,10.0,22.0
1280,20181003,송파구,1,0,11.0,24.0
1281,20181003,송파구,1,0,11.0,24.0
1282,20181004,송파구,1,0,13.0,26.0
1283,20181004,송파구,1,0,13.0,26.0
1284,20181005,송파구,0,1,16.0,19.0
1285,20181005,송파구,0,1,16.0,19.0
1286,20181006,송파구,0,1,16.0,22.0
1287,20181006,송파구,0,1,16.0,22.0
1288,20181007,송파구,1,0,12.0,21.0
1289,20181007,송파구,1,0,12.0,21.0
1290,20181008,송파구,1,0,9.0,21.0
1291,20181008,송파구,1,0,9.0,21.0
1292,20181009,송파구,0,1,11.0,20.0
1293,20181009,송파구,0,1,11.0,20.0
1294,20181010,송파구,0,1,8.0,17.0
1295,20181010,송파구,0,1,8.0,17.0
1296,20181011,송파구,1,0,6.0,14.0
1297,20181011,송파구,1,0,6.0,14.0
1298,20181012,송파구,1,0,5.0,17.0
1299,20181012,송파구,1,0,5.0,17.0
1300,20181013,송파구,1,0,6.0,20.0
1301,20181013,송파구,1,0,6.0,20.0
1302,20181014,송파구,1,0,7.0,20.0
1303,20181014,송파구,1,0,7.0,20.0
1304,20181015,송파구,1,0,11.0,21.0
1305,20181015,송파구,1,0,11.0,21.0
1306,20181016,송파구,1,0,10.0,20.0
1307,20181016,송파구,1,0,10.0,20.0
1308,20181017,송파구,1,0,8.0,19.0
1309,20181017,송파구,1,0,8.0,19.0
1310,20181018,송파구,0,1,8.0,19.0
1311,20181018,송파구,0,1,8.0,19.0
1312,20181019,송파구,1,0,7.0,20.0
1313,20181019,송파구,1,0,7.0,20.0
1314,20181020,송파구,1,0,7.0,21.0
1315,20181020,송파구,1,0,7.0,21.0
1316,20181021,송파구,1,0,7.0,21.0
1317,20181021,송파구,1,0,7.0,21.0
1318,20181022,송파구,1,0,9.0,21.0
1319,20181022,송파구,1,0,9.0,21.0
1320,20181023,송파구,0,1,10.0,17.0
1321,20181023,송파구,0,1,10.0,17.0
1322,20181024,송파구,1,0,8.0,19.0
1323,20181024,송파구,1,0,8.0,19.0
1324,20181025,송파구,1,0,7.0,21.0
1325,20181025,송파구,1,0,7.0,21.0
1326,20181026,송파구,0,1,10.0,15.0
1327,20181026,송파구,0,1,10.0,15.0
1328,20181027,송파구,1,0,6.0,12.0
1329,20181027,송파구,1,0,6.0,12.0
1330,20181028,송파구,0,1,5.0,14.0
1331,20181028,송파구,0,1,5.0,14.0
1332,20181029,송파구,0,1,3.0,12.0
1333,20181029,송파구,0,1,3.0,12.0
1334,20181030,송파구,0,1,1.0,12.0
1335,20181030,송파구,0,1,1.0,12.0
1336,20181031,송파구,0,1,3.0,13.0
1337,20181031,송파구,0,1,3.0,13.0
1338,20181101,송파구,1,0,3.0,15.0
1339,20181101,송파구,1,0,3.0,15.0
1340,20181102,송파구,1,0,4.0,19.0
1341,20181102,송파구,1,0,4.0,19.0
1342,20181103,송파구,1,0,5.0,19.0
1343,20181103,송파구,1,0,5.0,19.0
1344,20181104,송파구,1,0,5.0,19.0
1345,20181104,송파구,1,0,5.0,19.0
1346,20181105,송파구,1,0,7.0,18.0
1347,20181105,송파구,1,0,7.0,18.0
1348,20181106,송파구,1,0,8.0,18.0
1349,20181106,송파구,1,0,8.0,18.0
1350,20181107,송파구,0,1,10.0,16.0
1351,20181107,송파구,0,1,10.0,16.0
1352,20181108,송파구,0,1,11.0,15.0
1353,20181108,송파구,0,1,11.0,15.0
1354,20181109,송파구,0,1,10.0,15.0
1355,20181109,송파구,0,1,10.0,15.0
1356,20181110,송파구,0,1,9.0,17.0
1357,20181110,송파구,0,1,9.0,17.0
1358,20181111,송파구,0,1,5.0,11.0
1359,20181111,송파구,0,1,5.0,11.0
1360,20181112,송파구,1,0,3.0,15.0
1361,20181112,송파구,1,0,3.0,15.0
1362,20181113,송파구,1,0,4.0,15.0
1363,20181113,송파구,1,0,4.0,15.0
1364,20181114,송파구,1,0,5.0,17.0
1365,20181114,송파구,1,0,5.0,17.0
1366,20181115,송파구,1,0,5.0,16.0
1367,20181115,송파구,1,0,5.0,16.0
1368,20181116,송파구,1,0,4.0,15.0
1369,20181116,송파구,1,0,4.0,15.0
1370,20181117,송파구,1,0,1.0,11.0
1371,20181117,송파구,1,0,1.0,11.0
1372,20181118,송파구,1,0,2.0,11.0
1373,20181118,송파구,1,0,2.0,11.0
1374,20181119,송파구,1,0,3.0,11.0
1375,20181119,송파구,1,0,3.0,11.0
1376,20181120,송파구,0,1,0.0,13.0
1377,20181120,송파구,0,1,0.0,13.0
1378,20181121,송파구,0,1,3.0,8.0
1379,20181121,송파구,0,1,3.0,8.0
1380,20181122,송파구,1,0,-1.0,7.0
1381,20181122,송파구,1,0,-1.0,7.0
1382,20181123,송파구,1,0,-3.0,8.0
1383,20181123,송파구,1,0,-3.0,8.0
1384,20181124,송파구,0,1,0.0,4.0
1385,20181124,송파구,0,1,0.0,4.0
1386,20181125,송파구,1,0,1.0,10.0
1387,20181125,송파구,1,0,1.0,10.0
1388,20181126,송파구,1,0,2.0,14.0
1389,20181126,송파구,1,0,2.0,14.0
1390,20181127,송파구,1,0,3.0,13.0
1391,20181127,송파구,1,0,3.0,13.0
1392,20181128,송파구,1,0,2.0,11.0
1393,20181128,송파구,1,0,2.0,11.0
1394,20181129,송파구,0,1,1.0,7.0
1395,20181129,송파구,0,1,1.0,7.0
1396,20181130,송파구,1,0,-2.0,8.0
1397,20181130,송파구,1,0,-2.0,8.0
1398,20181201,송파구,1,0,1.0,12.0
1399,20181201,송파구,1,0,1.0,12.0
1400,20181202,송파구,1,0,3.0,12.0
1401,20181202,송파구,1,0,3.0,12.0
1402,20181203,송파구,0,1,9.0,14.0
1403,20181203,송파구,0,1,9.0,14.0
1404,20181204,송파구,0,1,0.0,12.0
1405,20181204,송파구,0,1,0.0,12.0
1406,20181205,송파구,1,0,-4.0,3.0
1407,20181205,송파구,1,0,-4.0,3.0
1408,20181206,송파구,0,1,-1.0,7.0
1409,20181206,송파구,0,1,-1.0,7.0
1410,20181207,송파구,1,0,-10.0,-1.0
1411,20181207,송파구,1,0,-10.0,-1.0
1412,20181208,송파구,1,0,-11.0,-4.0
1413,20181208,송파구,1,0,-11.0,-4.0
1414,20181209,송파구,1,0,-12.0,-2.0
1415,20181209,송파구,1,0,-12.0,-2.0
1416,20181210,송파구,1,0,-8.0,5.0
1417,20181210,송파구,1,0,-8.0,5.0
1418,20181211,송파구,1,0,-2.0,3.0
1419,20181211,송파구,1,0,-2.0,3.0
1420,20181212,송파구,1,0,-5.0,2.0
1421,20181212,송파구,1,0,-5.0,2.0
1422,20181213,송파구,0,1,-6.0,2.0
1423,20181213,송파구,0,1,-6.0,2.0
1424,20181214,송파구,1,0,-8.0,1.0
1425,20181214,송파구,1,0,-8.0,1.0
1426,20181215,송파구,1,0,-8.0,3.0
1427,20181215,송파구,1,0,-8.0,3.0
1428,20181216,송파구,0,1,-3.0,2.0
1429,20181216,송파구,0,1,-3.0,2.0
1430,20181217,송파구,0,1,-2.0,6.0
1431,20181217,송파구,0,1,-2.0,6.0
1432,20181218,송파구,1,0,-3.0,7.0
1433,20181218,송파구,1,0,-3.0,7.0
1434,20181219,송파구,1,0,1.0,10.0
1435,20181219,송파구,1,0,1.0,10.0
1436,20181220,송파구,1,0,-1.0,10.0
1437,20181220,송파구,1,0,-1.0,10.0
1438,20181221,송파구,1,0,0.0,10.0
1439,20181221,송파구,1,0,0.0,10.0
1440,20181222,송파구,1,0,3.0,12.0
1441,20181222,송파구,1,0,3.0,12.0
1442,20181223,송파구,1,0,-3.0,8.0
1443,20181223,송파구,1,0,-3.0,8.0
1444,20181224,송파구,1,0,-6.0,3.0
1445,20181224,송파구,1,0,-6.0,3.0
1446,20181225,송파구,1,0,-4.0,5.0
1447,20181225,송파구,1,0,-4.0,5.0
1448,20181226,송파구,1,0,-7.0,3.0
1449,20181226,송파구,1,0,-7.0,3.0
1450,20181227,송파구,1,0,-13.0,-7.0
1451,20181227,송파구,1,0,-13.0,-7.0
1452,20181228,송파구,1,0,-14.0,-7.0
1453,20181228,송파구,1,0,-14.0,-7.0
1454,20181229,송파구,1,0,-11.0,-3.0
1455,20181229,송파구,1,0,-11.0,-3.0
1456,20181230,송파구,1,0,-11.0,-1.0
1457,20181230,송파구,1,0,-11.0,-1.0
1458,20181231,송파구,1,0,-11.0,-1.0
1459,20181231,송파구,1,0,-11.0,-1.0
1460,20190101,송파구,1,0,-8.0,-1.0
1461,20190101,송파구,1,0,-8.0,-1.0
1462,20190102,송파구,1,0,-9.0,0.0
1463,20190102,송파구,1,0,-9.0,0.0
1464,20190103,송파구,1,0,-8.0,3.0
1465,20190103,송파구,1,0,-8.0,3.0
1466,20190104,송파구,1,0,-6.0,4.0
1467,20190104,송파구,1,0,-6.0,4.0
1468,20190105,송파구,1,0,-6.0,1.0
1469,20190105,송파구,1,0,-6.0,1.0
1470,20190106,송파구,1,0,-6.0,3.0
1471,20190106,송파구,1,0,-6.0,3.0
1472,20190107,송파구,1,0,-6.0,3.0
1473,20190107,송파구,1,0,-6.0,3.0
1474,20190108,송파구,1,0,-7.0,1.0
1475,20190108,송파구,1,0,-7.0,1.0
1476,20190109,송파구,1,0,-9.0,1.0
1477,20190109,송파구,1,0,-9.0,1.0
1478,20190110,송파구,1,0,-5.0,3.0
1479,20190110,송파구,1,0,-5.0,3.0
1480,20190111,송파구,1,0,0.0,7.0
1481,20190111,송파구,1,0,0.0,7.0
1482,20190112,송파구,1,0,-1.0,8.0
1483,20190112,송파구,1,0,-1.0,8.0
1484,20190113,송파구,1,0,-3.0,8.0
1485,20190113,송파구,1,0,-3.0,8.0
1486,20190114,송파구,1,0,-2.0,5.0
1487,20190114,송파구,1,0,-2.0,5.0
1488,20190115,송파구,0,1,-7.0,3.0
1489,20190115,송파구,0,1,-7.0,3.0
1490,20190116,송파구,0,1,-10.0,-1.0
1491,20190116,송파구,0,1,-10.0,-1.0
1492,20190117,송파구,0,1,-3.0,4.0
1493,20190117,송파구,0,1,-3.0,4.0
1494,20190118,송파구,1,0,-5.0,7.0
1495,20190118,송파구,1,0,-5.0,7.0
1496,20190119,송파구,1,0,0.0,9.0
1497,20190119,송파구,1,0,0.0,9.0
1498,20190120,송파구,1,0,-6.0,4.0
1499,20190120,송파구,1,0,-6.0,4.0
1500,20190121,송파구,0,1,-7.0,4.0
1501,20190121,송파구,0,1,-7.0,4.0
1502,20190122,송파구,1,0,-3.0,7.0
1503,20190122,송파구,1,0,-3.0,7.0
1504,20190123,송파구,1,0,-1.0,7.0
1505,20190123,송파구,1,0,-1.0,7.0
1506,20190124,송파구,1,0,-5.0,7.0
1507,20190124,송파구,1,0,-5.0,7.0
1508,20190125,송파구,1,0,-4.0,3.0
1509,20190125,송파구,1,0,-4.0,3.0
1510,20190126,송파구,1,0,-7.0,2.0
1511,20190126,송파구,1,0,-7.0,2.0
1512,20190127,송파구,1,0,-7.0,5.0
1513,20190127,송파구,1,0,-7.0,5.0
1514,20190128,송파구,0,1,-2.0,5.0
1515,20190128,송파구,0,1,-2.0,5.0
1516,20190129,송파구,1,0,-6.0,7.0
1517,20190129,송파구,1,0,-6.0,7.0
1518,20190130,송파구,1,0,-3.0,7.0
1519,20190130,송파구,1,0,-3.0,7.0
1520,20190131,송파구,1,0,-6.0,2.0
1521,20190131,송파구,1,0,-6.0,2.0
1522,20190201,송파구,0,1,-7.0,3.0
1523,20190201,송파구,0,1,-7.0,3.0
1524,20190202,송파구,0,1,-3.0,6.0
1525,20190202,송파구,0,1,-3.0,6.0
1526,20190203,송파구,0,1,2.0,5.0
1527,20190203,송파구,0,1,2.0,5.0
1528,20190204,송파구,1,0,-3.0,3.0
1529,20190204,송파구,1,0,-3.0,3.0
1530,20190205,송파구,1,0,-4.0,10.0
1531,20190205,송파구,1,0,-4.0,10.0
1532,20190206,송파구,1,0,0.0,9.0
1533,20190206,송파구,1,0,0.0,9.0
1534,20190207,송파구,0,1,-8.0,6.0
1535,20190207,송파구,0,1,-8.0,6.0
1536,20190208,송파구,1,0,-10.0,-1.0
1537,20190208,송파구,1,0,-10.0,-1.0
1538,20190209,송파구,1,0,-9.0,-2.0
1539,20190209,송파구,1,0,-9.0,-2.0
1540,20190210,송파구,1,0,-9.0,-2.0
1541,20190210,송파구,1,0,-9.0,-2.0
1542,20190211,송파구,1,0,-8.0,2.0
1543,20190211,송파구,1,0,-8.0,2.0
1544,20190212,송파구,0,1,-4.0,4.0
1545,20190212,송파구,0,1,-4.0,4.0
1546,20190213,송파구,1,0,-6.0,3.0
1547,20190213,송파구,1,0,-6.0,3.0
1548,20190214,송파구,1,0,-6.0,6.0
1549,20190214,송파구,1,0,-6.0,6.0
1550,20190215,송파구,0,1,-3.0,1.0
1551,20190215,송파구,0,1,-3.0,1.0
1552,20190216,송파구,0,1,-5.0,2.0
1553,20190216,송파구,0,1,-5.0,2.0
1554,20190217,송파구,1,0,-7.0,5.0
1555,20190217,송파구,1,0,-7.0,5.0
1556,20190218,송파구,1,0,-5.0,6.0
1557,20190218,송파구,1,0,-5.0,6.0
1558,20190219,송파구,0,1,0.0,3.0
1559,20190219,송파구,0,1,0.0,3.0
1560,20190220,송파구,0,1,0.0,5.0
1561,20190220,송파구,0,1,0.0,5.0
1562,20190221,송파구,1,0,-3.0,9.0
1563,20190221,송파구,1,0,-3.0,9.0
1564,20190222,송파구,1,0,-2.0,11.0
1565,20190222,송파구,1,0,-2.0,11.0
1566,20190223,송파구,1,0,1.0,15.0
1567,20190223,송파구,1,0,1.0,15.0
1568,20190224,송파구,1,0,1.0,14.0
1569,20190224,송파구,1,0,1.0,14.0
1570,20190225,송파구,1,0,1.0,10.0
1571,20190225,송파구,1,0,1.0,10.0
1572,20190226,송파구,1,0,-2.0,12.0
1573,20190226,송파구,1,0,-2.0,12.0
1574,20190227,송파구,1,0,5.0,14.0
1575,20190227,송파구,1,0,5.0,14.0
1576,20190228,송파구,1,0,2.0,13.0
1577,20190228,송파구,1,0,2.0,13.0
1578,20190301,송파구,1,0,1.0,13.0
1579,20190301,송파구,1,0,1.0,13.0
1580,20190302,송파구,1,0,1.0,15.0
1581,20190302,송파구,1,0,1.0,15.0
1582,20190303,송파구,1,0,3.0,16.0
1583,20190303,송파구,1,0,3.0,16.0
1584,20190304,송파구,1,0,5.0,16.0
1585,20190304,송파구,1,0,5.0,16.0
1586,20190305,송파구,1,0,6.0,13.0
1587,20190305,송파구,1,0,6.0,13.0
1588,20190306,송파구,1,0,6.0,12.0
1589,20190306,송파구,1,0,6.0,12.0
1590,20190307,송파구,1,0,3.0,13.0
1591,20190307,송파구,1,0,3.0,13.0
1592,20190308,송파구,1,0,1.0,13.0
1593,20190308,송파구,1,0,1.0,13.0
1594,20190309,송파구,1,0,0.0,15.0
1595,20190309,송파구,1,0,0.0,15.0
1596,20190310,송파구,1,0,7.0,15.0
1597,20190310,송파구,1,0,7.0,15.0
1598,20190311,송파구,0,1,4.0,10.0
1599,20190311,송파구,0,1,4.0,10.0
1600,20190312,송파구,0,1,0.0,8.0
1601,20190312,송파구,0,1,0.0,8.0
1602,20190313,송파구,0,1,0.0,9.0
1603,20190313,송파구,0,1,0.0,9.0
1604,20190314,송파구,0,1,-2.0,10.0
1605,20190314,송파구,0,1,-2.0,10.0
1606,20190315,송파구,0,1,2.0,11.0
1607,20190315,송파구,0,1,2.0,11.0
1608,20190316,송파구,1,0,0.0,9.0
1609,20190316,송파구,1,0,0.0,9.0
1610,20190317,송파구,1,0,3.0,12.0
1611,20190317,송파구,1,0,3.0,12.0
1612,20190318,송파구,1,0,1.0,14.0
1613,20190318,송파구,1,0,1.0,14.0
1614,20190319,송파구,1,0,3.0,17.0
1615,20190319,송파구,1,0,3.0,17.0
1616,20190320,송파구,0,1,7.0,15.0
1617,20190320,송파구,0,1,7.0,15.0
1618,20190321,송파구,0,1,2.0,11.0
1619,20190321,송파구,0,1,2.0,11.0
1620,20190322,송파구,1,0,-1.0,8.0
1621,20190322,송파구,1,0,-1.0,8.0
1622,20190323,송파구,0,1,0.0,8.0
1623,20190323,송파구,0,1,0.0,8.0
1624,20190324,송파구,1,0,-1.0,10.0
1625,20190324,송파구,1,0,-1.0,10.0
1626,20190325,송파구,1,0,3.0,12.0
1627,20190325,송파구,1,0,3.0,12.0
1628,20190326,송파구,1,0,7.0,18.0
1629,20190326,송파구,1,0,7.0,18.0
1630,20190327,송파구,1,0,9.0,16.0
1631,20190327,송파구,1,0,9.0,16.0
1632,20190328,송파구,1,0,6.0,15.0
1633,20190328,송파구,1,0,6.0,15.0
1634,20190329,송파구,0,1,6.0,15.0
1635,20190329,송파구,0,1,6.0,15.0
1636,20190330,송파구,0,1,4.0,8.0
1637,20190330,송파구,0,1,4.0,8.0
1638,20190331,송파구,0,1,3.0,8.0
1639,20190331,송파구,0,1,3.0,8.0
1640,20190401,송파구,1,0,0.0,11.0
1641,20190401,송파구,1,0,0.0,11.0
1642,20190402,송파구,1,0,1.0,13.0
1643,20190402,송파구,1,0,1.0,13.0
1644,20190403,송파구,1,0,2.0,14.0
1645,20190403,송파구,1,0,2.0,14.0
1646,20190404,송파구,1,0,3.0,16.0
1647,20190404,송파구,1,0,3.0,16.0
1648,20190405,송파구,0,1,7.0,17.0
1649,20190405,송파구,0,1,7.0,17.0
1650,20190406,송파구,0,1,6.0,12.0
1651,20190406,송파구,0,1,6.0,12.0
1652,20190407,송파구,1,0,6.0,20.0
1653,20190407,송파구,1,0,6.0,20.0
1654,20190408,송파구,1,0,8.0,17.0
1655,20190408,송파구,1,0,8.0,17.0
1656,20190409,송파구,0,1,5.0,14.0
1657,20190409,송파구,0,1,5.0,14.0
1658,20190410,송파구,0,1,5.0,10.0
1659,20190410,송파구,0,1,5.0,10.0
1660,20190411,송파구,1,0,4.0,16.0
1661,20190411,송파구,1,0,4.0,16.0
1662,20190412,송파구,1,0,6.0,18.0
1663,20190412,송파구,1,0,6.0,18.0
1664,20190413,송파구,1,0,6.0,18.0
1665,20190413,송파구,1,0,6.0,18.0
1666,20190414,송파구,0,1,7.0,14.0
1667,20190414,송파구,0,1,7.0,14.0
1668,20190415,송파구,1,0,4.0,18.0
1669,20190415,송파구,1,0,4.0,18.0
1670,20190416,송파구,1,0,7.0,23.0
1671,20190416,송파구,1,0,7.0,23.0
1672,20190417,송파구,1,0,9.0,22.0
1673,20190417,송파구,1,0,9.0,22.0
1674,20190418,송파구,0,1,10.0,16.0
1675,20190418,송파구,0,1,10.0,16.0
1676,20190419,송파구,1,0,10.0,20.0
1677,20190419,송파구,1,0,10.0,20.0
1678,20190420,송파구,0,1,10.0,19.0
1679,20190420,송파구,0,1,10.0,19.0
1680,20190421,송파구,0,1,12.0,20.0
1681,20190421,송파구,0,1,12.0,20.0
1682,20190422,송파구,1,0,11.0,28.0
1683,20190422,송파구,1,0,11.0,28.0
1684,20190423,송파구,0,1,15.0,26.0
1685,20190423,송파구,0,1,15.0,26.0
1686,20190424,송파구,0,1,16.0,26.0
1687,20190424,송파구,0,1,16.0,26.0
1688,20190425,송파구,0,1,9.0,17.0
1689,20190425,송파구,0,1,9.0,17.0
1690,20190426,송파구,0,1,6.0,10.0
1691,20190426,송파구,0,1,6.0,10.0
1692,20190427,송파구,1,0,4.0,18.0
1693,20190427,송파구,1,0,4.0,18.0
1694,20190428,송파구,0,1,10.0,17.0
1695,20190428,송파구,0,1,10.0,17.0
1696,20190429,송파구,1,0,8.0,17.0
1697,20190429,송파구,1,0,8.0,17.0
1698,20190430,송파구,1,0,9.0,23.0
1699,20190430,송파구,1,0,9.0,23.0
1700,20190501,송파구,1,0,11.0,22.0
1701,20190501,송파구,1,0,11.0,22.0
1702,20190502,송파구,1,0,11.0,25.0
1703,20190502,송파구,1,0,11.0,25.0
1704,20190503,송파구,1,0,10.0,26.0
1705,20190503,송파구,1,0,10.0,26.0
1706,20190504,송파구,1,0,12.0,27.0
1707,20190504,송파구,1,0,12.0,27.0
1708,20190505,송파구,1,0,14.0,27.0
1709,20190505,송파구,1,0,14.0,27.0
1710,20190506,송파구,0,1,10.0,20.0
1711,20190506,송파구,0,1,10.0,20.0
1712,20190507,송파구,1,0,8.0,22.0
1713,20190507,송파구,1,0,8.0,22.0
1714,20190508,송파구,1,0,10.0,21.0
1715,20190508,송파구,1,0,10.0,21.0
1716,20190509,송파구,1,0,12.0,23.0
1717,20190509,송파구,1,0,12.0,23.0
1718,20190510,송파구,1,0,10.0,27.0
1719,20190510,송파구,1,0,10.0,27.0
1720,20190511,송파구,1,0,13.0,28.0
1721,20190511,송파구,1,0,13.0,28.0
1722,20190512,송파구,1,0,15.0,29.0
1723,20190512,송파구,1,0,15.0,29.0
1724,20190513,송파구,0,1,16.0,23.0
1725,20190513,송파구,0,1,16.0,23.0
1726,20190514,송파구,1,0,13.0,27.0
1727,20190514,송파구,1,0,13.0,27.0
1728,20190515,송파구,1,0,15.0,28.0
1729,20190515,송파구,1,0,15.0,28.0
1730,20190516,송파구,1,0,17.0,30.0
1731,20190516,송파구,1,0,17.0,30.0
1732,20190517,송파구,1,0,18.0,28.0
1733,20190517,송파구,1,0,18.0,28.0
1734,20190518,송파구,0,1,19.0,26.0
1735,20190518,송파구,0,1,19.0,26.0
1736,20190519,송파구,0,1,18.0,22.0
1737,20190519,송파구,0,1,18.0,22.0
1738,20190520,송파구,0,1,13.0,20.0
1739,20190520,송파구,0,1,13.0,20.0
1740,20190521,송파구,1,0,12.0,24.0
1741,20190521,송파구,1,0,12.0,24.0
1742,20190522,송파구,1,0,12.0,27.0
1743,20190522,송파구,1,0,12.0,27.0
1744,20190523,송파구,1,0,15.0,29.0
1745,20190523,송파구,1,0,15.0,29.0
1746,20190524,송파구,1,0,16.0,33.0
1747,20190524,송파구,1,0,16.0,33.0
1748,20190525,송파구,1,0,18.0,29.0
1749,20190525,송파구,1,0,18.0,29.0
1750,20190526,송파구,1,0,19.0,31.0
1751,20190526,송파구,1,0,19.0,31.0
1752,20190527,송파구,0,1,14.0,22.0
1753,20190527,송파구,0,1,14.0,22.0
1754,20190528,송파구,1,0,12.0,25.0
1755,20190528,송파구,1,0,12.0,25.0
1756,20190529,송파구,1,0,13.0,27.0
1757,20190529,송파구,1,0,13.0,27.0
1758,20190530,송파구,0,1,15.0,25.0
1759,20190530,송파구,0,1,15.0,25.0
1760,20190531,송파구,1,0,16.0,23.0
1761,20190531,송파구,1,0,16.0,23.0
1762,20190601,송파구,1,0,15.0,24.0
1763,20190601,송파구,1,0,15.0,24.0
1764,20190602,송파구,1,0,14.0,28.0
1765,20190602,송파구,1,0,14.0,28.0
1766,20190603,송파구,1,0,16.0,30.0
1767,20190603,송파구,1,0,16.0,30.0
1768,20190604,송파구,1,0,18.0,29.0
1769,20190604,송파구,1,0,18.0,29.0
1770,20190605,송파구,1,0,18.0,30.0
1771,20190605,송파구,1,0,18.0,30.0
1772,20190606,송파구,0,1,19.0,25.0
1773,20190606,송파구,0,1,19.0,25.0
1774,20190607,송파구,0,1,17.0,25.0
1775,20190607,송파구,0,1,17.0,25.0
1776,20190608,송파구,1,0,16.0,28.0
1777,20190608,송파구,1,0,16.0,28.0
1778,20190609,송파구,0,1,17.0,27.0
1779,20190609,송파구,0,1,17.0,27.0
1780,20190610,송파구,0,1,16.0,22.0
1781,20190610,송파구,0,1,16.0,22.0
1782,20190611,송파구,1,0,16.0,26.0
1783,20190611,송파구,1,0,16.0,26.0
1784,20190612,송파구,1,0,16.0,26.0
1785,20190612,송파구,1,0,16.0,26.0
1786,20190613,송파구,1,0,17.0,29.0
1787,20190613,송파구,1,0,17.0,29.0
1788,20190614,송파구,1,0,19.0,28.0
1789,20190614,송파구,1,0,19.0,28.0
1790,20190615,송파구,0,1,18.0,27.0
1791,20190615,송파구,0,1,18.0,27.0
1792,20190616,송파구,1,0,16.0,27.0
1793,20190616,송파구,1,0,16.0,27.0
1794,20190617,송파구,0,1,18.0,26.0
1795,20190617,송파구,0,1,18.0,26.0
1796,20190618,송파구,0,1,17.0,25.0
1797,20190618,송파구,0,1,17.0,25.0
1798,20190619,송파구,0,1,19.0,25.0
1799,20190619,송파구,0,1,19.0,25.0
1800,20190620,송파구,1,0,20.0,28.0
1801,20190620,송파구,1,0,20.0,28.0
1802,20190621,송파구,0,1,19.0,26.0
1803,20190621,송파구,0,1,19.0,26.0
1804,20190622,송파구,1,0,18.0,31.0
1805,20190622,송파구,1,0,18.0,31.0
1806,20190623,송파구,1,0,19.0,31.0
1807,20190623,송파구,1,0,19.0,31.0
1808,20190624,송파구,1,0,21.0,31.0
1809,20190624,송파구,1,0,21.0,31.0
1810,20190625,송파구,1,0,20.0,33.0
1811,20190625,송파구,1,0,20.0,33.0
1812,20190626,송파구,0,1,21.0,30.0
1813,20190626,송파구,0,1,21.0,30.0
1814,20190627,송파구,0,1,22.0,31.0
1815,20190627,송파구,0,1,22.0,31.0
1816,20190628,송파구,0,1,22.0,29.0
1817,20190628,송파구,0,1,22.0,29.0
1818,20190629,송파구,0,1,20.0,28.0
1819,20190629,송파구,0,1,20.0,28.0
1820,20190630,송파구,0,1,21.0,29.0
1821,20190630,송파구,0,1,21.0,29.0
1822,20190701,송파구,1,0,21.0,29.0
1823,20190701,송파구,1,0,21.0,29.0
1824,20190702,송파구,1,0,21.0,30.0
1825,20190702,송파구,1,0,21.0,30.0
1826,20190703,송파구,1,0,21.0,27.0
1827,20190703,송파구,1,0,21.0,27.0
1828,20190704,송파구,1,0,20.0,33.0
1829,20190704,송파구,1,0,20.0,33.0
1830,20190705,송파구,1,0,20.0,35.0
1831,20190705,송파구,1,0,20.0,35.0
1832,20190706,송파구,1,0,25.0,36.0
1833,20190706,송파구,1,0,25.0,36.0
1834,20190707,송파구,1,0,23.0,33.0
1835,20190707,송파구,1,0,23.0,33.0
1836,20190708,송파구,1,0,21.0,31.0
1837,20190708,송파구,1,0,21.0,31.0
1838,20190709,송파구,1,0,20.0,30.0
1839,20190709,송파구,1,0,20.0,30.0
1840,20190710,송파구,0,1,19.0,27.0
1841,20190710,송파구,0,1,19.0,27.0
1842,20190711,송파구,0,1,20.0,26.0
1843,20190711,송파구,0,1,20.0,26.0
1844,20190712,송파구,1,0,20.0,29.0
1845,20190712,송파구,1,0,20.0,29.0
1846,20190713,송파구,0,1,22.0,30.0
1847,20190713,송파구,0,1,22.0,30.0
1848,20190714,송파구,1,0,21.0,32.0
1849,20190714,송파구,1,0,21.0,32.0
1850,20190715,송파구,0,1,22.0,27.0
1851,20190715,송파구,0,1,22.0,27.0
1852,20190716,송파구,0,1,21.0,29.0
1853,20190716,송파구,0,1,21.0,29.0
1854,20190717,송파구,1,0,22.0,29.0
1855,20190717,송파구,1,0,22.0,29.0
1856,20190718,송파구,1,0,23.0,32.0
1857,20190718,송파구,1,0,23.0,32.0
1858,20190719,송파구,0,1,23.0,35.0
1859,20190719,송파구,0,1,23.0,35.0
1860,20190720,송파구,0,1,25.0,32.0
1861,20190720,송파구,0,1,25.0,32.0
1862,20190721,송파구,0,1,24.0,27.0
1863,20190721,송파구,0,1,24.0,27.0
1864,20190722,송파구,0,1,24.0,31.0
1865,20190722,송파구,0,1,24.0,31.0
1866,20190723,송파구,0,1,24.0,33.0
1867,20190723,송파구,0,1,24.0,33.0
1868,20190724,송파구,0,1,25.0,27.0
1869,20190724,송파구,0,1,25.0,27.0
1870,20190725,송파구,0,1,26.0,27.0
1871,20190725,송파구,0,1,26.0,27.0
1872,20190726,송파구,0,1,24.0,26.0
1873,20190726,송파구,0,1,24.0,26.0
1874,20190727,송파구,0,1,25.0,33.0
1875,20190727,송파구,0,1,25.0,33.0
1876,20190728,송파구,0,1,25.0,28.0
1877,20190728,송파구,0,1,25.0,28.0
1878,20190729,송파구,0,1,26.0,30.0
1879,20190729,송파구,0,1,26.0,30.0
1880,20190730,송파구,0,1,26.0,31.0
1881,20190730,송파구,0,1,26.0,31.0
1882,20190731,송파구,0,1,24.0,28.0
1883,20190731,송파구,0,1,24.0,28.0
1884,20190801,송파구,0,1,24.0,30.0
1885,20190801,송파구,0,1,24.0,30.0
1886,20190802,송파구,1,0,25.0,33.0
1887,20190802,송파구,1,0,25.0,33.0
1888,20190803,송파구,0,1,26.0,36.0
1889,20190803,송파구,0,1,26.0,36.0
1890,20190804,송파구,0,1,25.0,34.0
1891,20190804,송파구,0,1,25.0,34.0
1892,20190805,송파구,1,0,26.0,36.0
1893,20190805,송파구,1,0,26.0,36.0
1894,20190806,송파구,1,0,28.0,37.0
1895,20190806,송파구,1,0,28.0,37.0
1896,20190807,송파구,0,1,24.0,30.0
1897,20190807,송파구,0,1,24.0,30.0
1898,20190808,송파구,1,0,26.0,33.0
1899,20190808,송파구,1,0,26.0,33.0
1900,20190809,송파구,1,0,26.0,35.0
1901,20190809,송파구,1,0,26.0,35.0
1902,20190810,송파구,1,0,27.0,37.0
1903,20190810,송파구,1,0,27.0,37.0
1904,20190811,송파구,0,1,26.0,36.0
1905,20190811,송파구,0,1,26.0,36.0
1906,20190812,송파구,0,1,25.0,29.0
1907,20190812,송파구,0,1,25.0,29.0
1908,20190813,송파구,0,1,25.0,35.0
1909,20190813,송파구,0,1,25.0,35.0
1910,20190814,송파구,1,0,26.0,36.0
1911,20190814,송파구,1,0,26.0,36.0
1912,20190815,송파구,0,1,24.0,29.0
1913,20190815,송파구,0,1,24.0,29.0
1914,20190816,송파구,0,1,23.0,30.0
1915,20190816,송파구,0,1,23.0,30.0
1916,20190817,송파구,0,1,23.0,29.0
1917,20190817,송파구,0,1,23.0,29.0
1918,20190818,송파구,1,0,23.0,31.0
1919,20190818,송파구,1,0,23.0,31.0
1920,20190819,송파구,1,0,21.0,31.0
1921,20190819,송파구,1,0,21.0,31.0
1922,20190820,송파구,1,0,23.0,33.0
1923,20190820,송파구,1,0,23.0,33.0
1924,20190821,송파구,0,1,24.0,30.0
1925,20190821,송파구,0,1,24.0,30.0
1926,20190822,송파구,1,0,23.0,31.0
1927,20190822,송파구,1,0,23.0,31.0
1928,20190823,송파구,1,0,23.0,31.0
1929,20190823,송파구,1,0,23.0,31.0
1930,20190824,송파구,1,0,22.0,27.0
1931,20190824,송파구,1,0,22.0,27.0
1932,20190825,송파구,1,0,20.0,30.0
1933,20190825,송파구,1,0,20.0,30.0
1934,20190826,송파구,1,0,22.0,32.0
1935,20190826,송파구,1,0,22.0,32.0
1936,20190827,송파구,0,1,22.0,29.0
1937,20190827,송파구,0,1,22.0,29.0
1938,20190828,송파구,0,1,24.0,30.0
1939,20190828,송파구,0,1,24.0,30.0
1940,20190829,송파구,0,1,20.0,26.0
1941,20190829,송파구,0,1,20.0,26.0
1942,20190830,송파구,0,1,20.0,27.0
1943,20190830,송파구,0,1,20.0,27.0
1944,20190831,송파구,1,0,19.0,29.0
1945,20190831,송파구,1,0,19.0,29.0
1946,20190901,송파구,1,0,19.0,28.0
1947,20190901,송파구,1,0,19.0,28.0
1948,20190902,송파구,1,0,19.0,30.0
1949,20190902,송파구,1,0,19.0,30.0
1950,20190903,송파구,0,1,22.0,28.0
1951,20190903,송파구,0,1,22.0,28.0
1952,20190904,송파구,0,1,21.0,26.0
1953,20190904,송파구,0,1,21.0,26.0
1954,20190905,송파구,0,1,22.0,28.0
1955,20190905,송파구,0,1,22.0,28.0
1956,20190906,송파구,0,1,22.0,29.0
1957,20190906,송파구,0,1,22.0,29.0
1958,20190907,송파구,0,1,23.0,30.0
1959,20190907,송파구,0,1,23.0,30.0
1960,20190908,송파구,0,1,23.0,27.0
1961,20190908,송파구,0,1,23.0,27.0
1962,20190909,송파구,0,1,22.0,28.0
1963,20190909,송파구,0,1,22.0,28.0
1964,20190910,송파구,0,1,22.0,27.0
1965,20190910,송파구,0,1,22.0,27.0
1966,20190911,송파구,0,1,20.0,29.0
1967,20190911,송파구,0,1,20.0,29.0
1968,20190912,송파구,0,1,19.0,23.0
1969,20190912,송파구,0,1,19.0,23.0
1970,20190913,송파구,0,1,18.0,29.0
1971,20190913,송파구,0,1,18.0,29.0
1972,20190914,송파구,0,1,21.0,24.0
1973,20190914,송파구,0,1,21.0,24.0
1974,20190915,송파구,1,0,20.0,30.0
1975,20190915,송파구,1,0,20.0,30.0
1976,20190916,송파구,1,0,21.0,31.0
1977,20190916,송파구,1,0,21.0,31.0
1978,20190917,송파구,1,0,18.0,29.0
1979,20190917,송파구,1,0,18.0,29.0
1980,20190918,송파구,1,0,16.0,25.0
1981,20190918,송파구,1,0,16.0,25.0
1982,20190919,송파구,1,0,14.0,26.0
1983,20190919,송파구,1,0,14.0,26.0
1984,20190920,송파구,1,0,16.0,24.0
1985,20190920,송파구,1,0,16.0,24.0
1986,20190921,송파구,1,0,18.0,22.0
1987,20190921,송파구,1,0,18.0,22.0
1988,20190922,송파구,0,1,17.0,20.0
1989,20190922,송파구,0,1,17.0,20.0
1990,20190923,송파구,1,0,17.0,25.0
1991,20190923,송파구,1,0,17.0,25.0
1992,20190924,송파구,1,0,14.0,27.0
1993,20190924,송파구,1,0,14.0,27.0
1994,20190925,송파구,1,0,15.0,27.0
1995,20190925,송파구,1,0,15.0,27.0
1996,20190926,송파구,1,0,18.0,29.0
1997,20190926,송파구,1,0,18.0,29.0
1998,20190927,송파구,1,0,20.0,27.0
1999,20190927,송파구,1,0,20.0,27.0
2000,20190928,송파구,1,0,19.0,29.0
2001,20190928,송파구,1,0,19.0,29.0
2002,20190929,송파구,1,0,18.0,29.0
2003,20190929,송파구,1,0,18.0,29.0
2004,20190930,송파구,1,0,16.0,30.0
2005,20190930,송파구,1,0,16.0,30.0
