date,m_count,LG_rate,두산_rate
2017/03/31,1038,0.09922928709055877,0.055876685934489405
2017/04/01,2001,0.09245377311344327,0.07746126936531735
2017/04/02,1864,0.17757510729613735,0.11856223175965665
2017/04/03,200,0.205,0.055
2017/04/04,1297,0.2058596761757903,0.07478797224363917
2017/04/05,287,0.24738675958188153,0.04878048780487805
2017/04/06,1369,0.19941563184806427,0.08327246165084003
2017/04/07,1838,0.2366702937976061,0.04352557127312296
2017/04/08,2090,0.23540669856459331,0.09473684210526316
2017/04/09,1659,0.14526823387582882,0.062085593731163354
2017/04/10,274,0.11313868613138686,0.051094890510948905
2017/04/11,1966,0.16225839267548323,0.06510681586978637
2017/04/12,1811,0.1507454445057979,0.08282716731087797
2017/04/13,1653,0.16999395039322443,0.08650937689050212
2017/04/14,1505,0.13089700996677742,0.08704318936877077
2017/04/15,1563,0.21305182341650672,0.10748560460652591
2017/04/16,1482,0.18353576248313092,0.07219973009446694
2017/04/17,548,0.09306569343065693,0.15328467153284672
2017/04/18,2334,0.20179948586118251,0.12210796915167095
2017/04/19,1612,0.1575682382133995,0.11600496277915633
2017/04/20,1826,0.17524644030668127,0.07776560788608981
2017/04/21,2011,0.16658378915962208,0.14669318746892093
2017/04/22,1993,0.18665328650275967,0.09683893627696939
2017/04/23,1786,0.18365061590145576,0.10582306830907055
2017/04/24,344,0.31976744186046513,0.040697674418604654
2017/04/25,1458,0.14266117969821673,0.1310013717421125
2017/04/26,1355,0.18228782287822878,0.12915129151291513
2017/04/27,1497,0.2010688042752171,0.07214428857715431
2017/04/28,1539,0.16114359974009096,0.10396361273554255
2017/04/29,1944,0.10339506172839506,0.14351851851851852
2017/04/30,1398,0.23032904148783978,0.0994277539341917
2017/05/01,243,0.24691358024691357,0.11934156378600823
2017/05/02,1579,0.1317289423685877,0.1279290690310323
2017/05/03,1645,0.13556231003039515,0.07355623100303951
2017/05/04,1732,0.2546189376443418,0.05542725173210162
2017/05/05,2007,0.2610861983059293,0.07473841554559044
2017/05/06,1665,0.2510510510510511,0.07207207207207207
2017/05/07,1693,0.245126993502658,0.08919078558771412
2017/05/08,292,0.2842465753424658,0.09246575342465753
2017/05/09,508,0.10826771653543307,0.031496062992125984
2017/05/10,1071,0.2698412698412698,0.06629318394024276
2017/05/11,1246,0.2624398073836276,0.0521669341894061
2017/05/12,1447,0.32204561161022804,0.01796821008984105
2017/05/13,1541,0.1765087605451006,0.09669046073977937
2017/05/14,1392,0.21982758620689655,0.0625
2017/05/15,259,0.3861003861003861,0.09266409266409266
2017/05/16,1618,0.273176761433869,0.09517923362175525
2017/05/17,1534,0.15840938722294653,0.12842242503259452
2017/05/18,1630,0.1668711656441718,0.08711656441717791
2017/05/19,1789,0.1917272219116825,0.14086081609837897
2017/05/20,1508,0.1816976127320955,0.10875331564986737
2017/05/21,2021,0.17169717961405245,0.10440376051459674
2017/05/22,327,0.21100917431192662,0.0672782874617737
2017/05/23,1542,0.06031128404669261,0.02529182879377432
2017/05/24,1817,0.21463951568519538,0.11502476609796368
2017/05/25,2134,0.26569821930646675,0.13214620431115276
2017/05/26,1699,0.20011771630370806,0.19540906415538553
2017/05/27,1653,0.278886872353297,0.08469449485783424
2017/05/28,2091,0.17790530846484937,0.09182209469153516
2017/05/29,434,0.2350230414746544,0.06221198156682028
2017/05/30,1664,0.2109375,0.04927884615384615
2017/05/31,1484,0.19946091644204852,0.06132075471698113
2017/06/01,1426,0.14866760168302945,0.08835904628330996
2017/06/02,1419,0.10852713178294573,0.07047216349541931
2017/06/03,1490,0.15503355704697985,0.10067114093959731
2017/06/04,1502,0.1804260985352863,0.16245006657789615
2017/06/05,374,0.16310160427807488,0.09090909090909091
2017/06/06,1198,0.037562604340567615,0.22454090150250416
2017/06/07,1503,0.2102461743180306,0.11776447105788423
2017/06/08,1382,0.14327062228654125,0.14544138929088277
2017/06/09,1567,0.11997447351627313,0.1001914486279515
2017/06/10,1284,0.13862928348909656,0.21339563862928349
2017/06/11,1651,0.17262265293761356,0.10539067231980617
2017/06/12,390,0.21794871794871795,0.1641025641025641
2017/06/13,1781,0.19090398652442447,0.08590679393599102
2017/06/14,1410,0.1425531914893617,0.07304964539007092
2017/06/15,1784,0.19338565022421525,0.07455156950672645
2017/06/16,1888,0.19279661016949154,0.048199152542372885
2017/06/17,1249,0.15932746196957567,0.08646917534027222
2017/06/18,1897,0.19715340010542962,0.11333684765419083
2017/06/19,267,0.2209737827715356,0.07116104868913857
2017/06/20,1117,0.2775290957923008,0.017009847806624886
2017/06/21,1392,0.1314655172413793,0.1285919540229885
2017/06/22,1567,0.14039566049776644,0.06381620931716656
2017/06/23,1274,0.21350078492935637,0.1075353218210361
2017/06/24,1300,0.1346153846153846,0.13923076923076924
2017/06/25,1810,0.1298342541436464,0.11767955801104972
2017/06/26,559,0.2003577817531306,0.18604651162790697
2017/06/27,1929,0.27319854847071023,0.09072058061171591
2017/06/28,2272,0.2680457746478873,0.04665492957746479
2017/06/29,1219,0.0844954881050041,0.05906480721903199
2017/06/30,1537,0.14638906961613532,0.07482108002602472
2017/07/01,1818,0.1276127612761276,0.034103410341034104
2017/07/02,1565,0.19105431309904153,0.038338658146964855
2017/07/03,434,0.195852534562212,0.04608294930875576
2017/07/04,1082,0.06469500924214418,0.018484288354898338
2017/07/05,2102,0.07659372026641294,0.017602283539486202
2017/07/06,1210,0.0371900826446281,0.00743801652892562
2017/07/07,1092,0.06776556776556776,0.11721611721611722
2017/07/08,1280,0.10546875,0.0125
2017/07/09,1355,0.22952029520295203,0.11070110701107011
2017/07/10,331,0.4471299093655589,0.02416918429003021
2017/07/11,1517,0.07119314436387607,0.03493737640079104
2017/07/12,1708,0.12295081967213115,0.059718969555035126
2017/07/13,1425,0.11859649122807017,0.05543859649122807
2017/07/14,399,0.15288220551378445,0.03508771929824561
2017/07/15,388,0.12886597938144329,0.05154639175257732
2017/07/16,212,0.1509433962264151,0.04245283018867924
2017/07/17,174,0.11494252873563218,0.05747126436781609
2017/07/18,1235,0.18299595141700406,0.07692307692307693
2017/07/19,1218,0.10837438423645321,0.046798029556650245
2017/07/20,1731,0.17966493356441363,0.03292894280762565
2017/07/21,2061,0.2712275594371664,0.051431344007763224
2017/07/22,1100,0.09454545454545454,0.06181818181818182
2017/07/23,1469,0.15520762423417292,0.11164057181756297
2017/07/24,260,0.13846153846153847,0.08461538461538462
2017/07/25,1117,0.13070725156669652,0.11727842435094002
2017/07/26,1576,0.2303299492385787,0.06598984771573604
2017/07/27,1381,0.24257784214337436,0.09775524981897175
2017/07/28,1995,0.13884711779448622,0.15338345864661654
2017/07/29,1104,0.223731884057971,0.1105072463768116
2017/07/30,1081,0.17853839037927843,0.15541165587419056
2017/07/31,608,0.13651315789473684,0.04276315789473684
2017/08/01,1300,0.20692307692307693,0.11384615384615385
2017/08/02,1411,0.29128277817150955,0.10914245216158752
2017/08/03,1111,0.27992799279927993,0.09720972097209721
2017/08/04,1373,0.26219956300072833,0.2112163146394756
2017/08/05,1422,0.3333333333333333,0.23066104078762306
2017/08/06,1060,0.2839622641509434,0.2981132075471698
2017/08/07,314,0.19745222929936307,0.18789808917197454
2017/08/08,1179,0.21374045801526717,0.13655640373197625
2017/08/09,1215,0.1934156378600823,0.16131687242798354
2017/08/10,924,0.2803030303030303,0.15151515151515152
2017/08/11,1466,0.16098226466575716,0.10504774897680765
2017/08/12,1611,0.2228429546865301,0.11483550589695841
2017/08/13,954,0.04507337526205451,0.25681341719077566
2017/08/14,227,0.0881057268722467,0.2026431718061674
2017/08/15,945,0.026455026455026454,0.20952380952380953
2017/08/16,1180,0.1669491525423729,0.10762711864406779
2017/08/17,1388,0.13688760806916425,0.1419308357348703
2017/08/18,1769,0.13114754098360656,0.09609949123798757
2017/08/19,1305,0.1793103448275862,0.10268199233716475
2017/08/20,1019,0.0549558390578999,0.1324828263002944
2017/08/21,235,0.1574468085106383,0.07234042553191489
2017/08/22,1532,0.23368146214099217,0.16253263707571802
2017/08/23,1745,0.1489971346704871,0.10257879656160458
2017/08/24,1307,0.18362662586074982,0.23871461361897475
2017/08/25,1688,0.12085308056872038,0.20260663507109006
2017/08/26,2026,0.17818361303060218,0.20384995064165845
2017/08/27,1937,0.20908621579762518,0.26897263810015487
2017/08/28,284,0.2605633802816901,0.15845070422535212
2017/08/29,2139,0.15194015895278168,0.1972884525479196
2017/08/30,1701,0.18636096413874192,0.15637860082304528
2017/08/31,1336,0.2155688622754491,0.1339820359281437
2017/09/01,1202,0.129783693843594,0.10149750415973377
2017/09/02,1143,0.14960629921259844,0.0831146106736658
2017/09/03,1359,0.11626195732155997,0.046357615894039736
2017/09/04,346,0.16473988439306358,0.03757225433526012
2017/09/05,1253,0.21787709497206703,0.08858739026336791
2017/09/06,984,0.20020325203252032,0.18902439024390244
2017/09/07,1427,0.2725998598458304,0.09320252277505256
2017/09/08,1468,0.29427792915531337,0.06471389645776567
2017/09/09,1329,0.1963882618510158,0.08653122648607976
2017/09/10,1126,0.2877442273534636,0.10568383658969804
2017/09/11,748,0.15240641711229946,0.08422459893048129
2017/09/12,1372,0.20262390670553937,0.18002915451895043
2017/09/13,1275,0.1450980392156863,0.10901960784313726
2017/09/14,1663,0.2465423932651834,0.11785929043896573
2017/09/15,1445,0.186159169550173,0.07681660899653979
2017/09/16,1365,0.14285714285714285,0.08498168498168499
2017/09/17,1108,0.13176895306859207,0.13357400722021662
2017/09/18,281,0.1494661921708185,0.12811387900355872
2017/09/19,1401,0.3868665239114918,0.11134903640256959
2017/09/20,1208,0.23841059602649006,0.12334437086092716
2017/09/21,508,0.421259842519685,0.07677165354330709
2017/09/22,1081,0.17761332099907493,0.22664199814986125
2017/09/23,1013,0.22211253701875616,0.03751233958538993
2017/09/24,1338,0.18236173393124067,0.1726457399103139
2017/09/25,291,0.140893470790378,0.18900343642611683
2017/09/26,908,0.13215859030837004,0.03303964757709251
2017/09/27,512,0.09765625,0.3359375
2017/09/28,813,0.17097170971709716,0.03198031980319803
2017/09/29,977,0.20777891504605936,0.0992835209825998
2017/09/30,558,0.33154121863799285,0.03046594982078853
2017/10/01,711,0.1308016877637131,0.29254571026722925
2017/10/02,792,0.07323232323232323,0.06691919191919192
2017/10/03,2367,0.17786227291930715,0.061681453316434307
2017/10/04,382,0.21465968586387435,0.05759162303664921
2017/10/05,622,0.10610932475884244,0.05787781350482315
2017/10/06,288,0.11458333333333333,0.0763888888888889
2017/10/07,290,0.14482758620689656,0.04482758620689655
2017/10/08,1666,0.036614645858343335,0.030012004801920768
2017/10/09,1090,0.06697247706422019,0.022935779816513763
2017/10/10,340,0.25588235294117645,0.08235294117647059
2017/10/11,1337,0.04113687359760658,0.0344053851907255
2017/10/12,293,0.10580204778156997,0.030716723549488054
2017/10/13,864,0.06365740740740741,0.03356481481481482
2017/10/14,195,0.07179487179487179,0.07692307692307693
2017/10/15,1350,0.03925925925925926,0.04814814814814815
2017/10/16,319,0.109717868338558,0.26959247648902823
2017/10/17,1114,0.05116696588868941,0.3895870736086176
2017/10/18,851,0.07873090481786134,0.3337250293772033
2017/10/19,359,0.12256267409470752,0.23119777158774374
2017/10/20,962,0.1444906444906445,0.42515592515592515
2017/10/21,862,0.04640371229698376,0.5626450116009281
2017/10/22,333,0.05405405405405406,0.26126126126126126
2017/10/23,534,0.09550561797752809,0.23782771535580524
2017/10/24,487,0.043121149897330596,0.24229979466119098
2017/10/25,1362,0.027900146842878122,0.39060205580029367
2017/10/26,1626,0.03874538745387454,0.2742927429274293
2017/10/27,385,0.05974025974025974,0.12987012987012986
2017/10/28,1411,0.014883061658398299,0.27781715095676823
2017/10/29,1546,0.022639068564036222,0.23803363518758086
2017/10/30,2365,0.039746300211416494,0.20634249471458774
2017/10/31,706,0.0764872521246459,0.09631728045325778
2017/11/01,246,0.10569105691056911,0.13008130081300814
2017/11/02,266,0.15789473684210525,0.11278195488721804
2017/11/03,352,0.17613636363636365,0.07670454545454546
2017/11/04,191,0.18324607329842932,0.14659685863874344
2017/11/05,177,0.2542372881355932,0.15254237288135594
2017/11/06,337,0.13353115727002968,0.06231454005934718
2017/11/07,259,0.1776061776061776,0.0888030888030888
2017/11/08,437,0.16247139588100687,0.12128146453089245
2017/11/09,245,0.1673469387755102,0.09795918367346938
2017/11/10,263,0.21292775665399238,0.049429657794676805
2017/11/11,212,0.25,0.07547169811320754
2017/11/12,205,0.24878048780487805,0.05853658536585366
2017/11/13,341,0.21994134897360704,0.0469208211143695
2017/11/14,226,0.43805309734513276,0.04424778761061947
2017/11/15,321,0.32398753894080995,0.21495327102803738
2017/11/16,1066,0.14821763602251406,0.11538461538461539
2017/11/17,547,0.14442413162705667,0.06398537477148081
2017/11/18,179,0.27932960893854747,0.027932960893854747
2017/11/19,468,0.15598290598290598,0.08333333333333333
2017/11/20,206,0.1796116504854369,0.02912621359223301
2017/11/21,1256,0.10509554140127389,0.04856687898089172
2017/11/22,1679,0.4324002382370459,0.044073853484216795
2017/11/23,519,0.41040462427745666,0.04816955684007707
2017/11/24,306,0.3137254901960784,0.10784313725490197
2017/11/25,307,0.26384364820846906,0.05863192182410423
2017/11/26,528,0.29734848484848486,0.09090909090909091
2017/11/27,746,0.19302949061662197,0.054959785522788206
2017/11/28,939,0.25452609158679446,0.10649627263045794
2017/11/29,418,0.20334928229665072,0.07416267942583732
2017/11/30,482,0.26556016597510373,0.0954356846473029
2017/12/01,317,0.17981072555205047,0.22082018927444794
2017/12/02,146,0.1917808219178082,0.1095890410958904
2017/12/03,194,0.2268041237113402,0.19072164948453607
2017/12/04,249,0.30522088353413657,0.08835341365461848
2017/12/05,408,0.23039215686274508,0.2769607843137255
2017/12/06,224,0.16964285714285715,0.12946428571428573
2017/12/07,258,0.313953488372093,0.07751937984496124
2017/12/08,207,0.3333333333333333,0.05314009661835749
2017/12/09,162,0.3271604938271605,0.06790123456790123
2017/12/10,159,0.3333333333333333,0.2138364779874214
2017/12/11,323,0.16718266253869968,0.20123839009287925
2017/12/12,171,0.17543859649122806,0.14035087719298245
2017/12/13,581,0.35111876075731496,0.13253012048192772
2017/12/14,284,0.36971830985915494,0.04225352112676056
2017/12/15,133,0.3157894736842105,0.06766917293233082
2017/12/16,111,0.2972972972972973,0.12612612612612611
2017/12/17,89,0.3146067415730337,0.056179775280898875
2017/12/18,208,0.20192307692307693,0.23076923076923078
2017/12/19,617,0.49432739059967584,0.26418152350081037
2017/12/20,239,0.46443514644351463,0.13807531380753138
2017/12/21,190,0.5789473684210527,0.10526315789473684
2017/12/22,153,0.32679738562091504,0.058823529411764705
2017/12/23,148,0.527027027027027,0.07432432432432433
2017/12/24,119,0.6722689075630253,0.04201680672268908
2017/12/25,105,0.3619047619047619,0.0761904761904762
2017/12/26,110,0.5272727272727272,0.13636363636363635
2017/12/27,198,0.4494949494949495,0.13636363636363635
2017/12/28,191,0.3193717277486911,0.06806282722513089
2017/12/29,108,0.19444444444444445,0.046296296296296294
2017/12/30,79,0.3924050632911392,0.012658227848101266
2017/12/31,81,0.32098765432098764,0.037037037037037035
2018/01/01,93,0.3118279569892473,0.0967741935483871
2018/01/02,116,0.4827586206896552,0.0603448275862069
2018/01/03,74,0.4594594594594595,0.06756756756756757
2018/01/04,201,0.42786069651741293,0.0945273631840796
2018/01/05,150,0.4866666666666667,0.06666666666666667
2018/01/06,88,0.4431818181818182,0.06818181818181818
2018/01/07,86,0.29069767441860467,0.08139534883720931
2018/01/08,107,0.34579439252336447,0.056074766355140186
2018/01/09,111,0.2702702702702703,0.04504504504504504
2018/01/10,128,0.28125,0.0625
2018/01/11,152,0.23026315789473684,0.039473684210526314
2018/01/12,183,0.15300546448087432,0.04918032786885246
2018/01/13,122,0.4918032786885246,0.04918032786885246
2018/01/14,65,0.3230769230769231,0.09230769230769231
2018/01/15,102,0.23529411764705882,0.11764705882352941
2018/01/16,129,0.13953488372093023,0.06976744186046512
2018/01/17,121,0.256198347107438,0.08264462809917356
2018/01/18,137,0.1897810218978102,0.029197080291970802
2018/01/19,115,0.2956521739130435,0.043478260869565216
2018/01/20,79,0.22784810126582278,0.08860759493670886
2018/01/21,69,0.2608695652173913,0.043478260869565216
2018/01/22,88,0.22727272727272727,0.03409090909090909
2018/01/23,73,0.1232876712328767,0.0684931506849315
2018/01/24,103,0.0970873786407767,0.038834951456310676
2018/01/25,72,0.16666666666666666,0.041666666666666664
2018/01/26,73,0.1643835616438356,0.1643835616438356
2018/01/27,59,0.1016949152542373,0.01694915254237288
2018/01/28,92,0.10869565217391304,0.03260869565217391
2018/01/29,76,0.18421052631578946,0.10526315789473684
2018/01/30,74,0.2972972972972973,0.02702702702702703
2018/01/31,63,0.14285714285714285,0.07936507936507936
2018/02/01,62,0.25806451612903225,0.04838709677419355
2018/02/02,64,0.171875,0.109375
2018/02/03,58,0.08620689655172414,0.1206896551724138
2018/02/04,51,0.19607843137254902,0.0784313725490196
2018/02/05,55,0.2,0.10909090909090909
2018/02/06,63,0.23809523809523808,0.09523809523809523
2018/02/07,62,0.20967741935483872,0.08064516129032258
2018/02/08,62,0.11290322580645161,0.12903225806451613
2018/02/09,54,0.2037037037037037,0.09259259259259259
2018/02/10,48,0.0625,0.16666666666666666
2018/02/11,93,0.053763440860215055,0.03225806451612903
2018/02/12,85,0.07058823529411765,0.058823529411764705
2018/02/13,80,0.15,0.0125
2018/02/14,72,0.3194444444444444,0.013888888888888888
2018/02/15,66,0.24242424242424243,0.06060606060606061
2018/02/16,34,0.5,
2018/02/17,39,0.1794871794871795,0.07692307692307693
2018/02/18,48,0.16666666666666666,0.20833333333333334
2018/02/19,50,0.12,0.02
2018/02/20,62,0.0967741935483871,0.03225806451612903
2018/02/21,79,0.05063291139240506,0.0379746835443038
2018/02/22,61,0.36065573770491804,0.01639344262295082
2018/02/23,49,0.10204081632653061,0.061224489795918366
2018/02/24,35,0.22857142857142856,0.02857142857142857
2018/02/25,24,0.2916666666666667,0.16666666666666666
2018/02/26,152,0.3223684210526316,0.006578947368421052
2018/02/27,219,0.3744292237442922,0.0547945205479452
2018/02/28,151,0.08609271523178808,0.059602649006622516
2018/03/01,176,0.10227272727272728,0.07954545454545454
2018/03/02,88,0.1590909090909091,0.056818181818181816
2018/03/03,50,0.1,0.26
2018/03/04,121,0.03305785123966942,0.09090909090909091
2018/03/05,135,0.24444444444444444,0.022222222222222223
2018/03/06,98,0.45918367346938777,0.030612244897959183
2018/03/07,111,0.27927927927927926,0.10810810810810811
2018/03/08,64,0.125,0.171875
2018/03/09,56,0.25,0.08928571428571429
2018/03/10,59,0.13559322033898305,0.05084745762711865
2018/03/11,60,0.08333333333333333,0.1
2018/03/12,72,0.20833333333333334,0.1111111111111111
2018/03/13,475,0.18736842105263157,0.037894736842105266
2018/03/14,472,0.19703389830508475,0.04449152542372881
2018/03/15,96,0.17708333333333334,0.07291666666666667
2018/03/16,434,0.08294930875576037,0.1336405529953917
2018/03/17,381,0.13123359580052493,0.12335958005249344
2018/03/18,479,0.35281837160751567,0.0918580375782881
2018/03/19,108,0.21296296296296297,0.07407407407407407
2018/03/20,509,0.22986247544204322,0.0550098231827112
2018/03/21,224,0.47767857142857145,0.03571428571428571
2018/03/22,202,0.26732673267326734,0.12376237623762376
2018/03/23,192,0.234375,0.036458333333333336
2018/03/24,1884,0.13428874734607218,0.0737791932059448
2018/03/25,1624,0.19027093596059114,0.06096059113300493
2018/03/26,225,0.18222222222222223,0.04888888888888889
2018/03/27,1785,0.21064425770308123,0.06386554621848739
2018/03/28,1551,0.16312056737588654,0.08123791102514506
2018/03/29,1663,0.153337342152736,0.0926037282020445
2018/03/30,2157,0.19146963375057952,0.07093184979137691
2018/03/31,1744,0.1496559633027523,0.11181192660550458
2018/04/01,1834,0.1990185387131952,0.06761177753544166
2018/04/02,241,0.29045643153526973,0.029045643153526972
2018/04/03,2541,0.26367571822117275,0.10940574576938213
2018/04/04,1943,0.1564590838908904,0.07874420998455996
2018/04/05,770,0.045454545454545456,0.033766233766233764
2018/04/06,1162,0.3029259896729776,0.024096385542168676
2018/04/07,1577,0.11984781230183894,0.06467977171845275
2018/04/08,2032,0.13681102362204725,0.1466535433070866
2018/04/09,302,0.1357615894039735,0.09933774834437085
2018/04/10,1965,0.13893129770992366,0.0732824427480916
2018/04/11,2067,0.13642960812772134,0.1127237542331882
2018/04/12,2050,0.19609756097560976,0.1126829268292683
2018/04/13,2130,0.1431924882629108,0.08967136150234742
2018/04/14,1301,0.23520368946963874,0.15680245964642583
2018/04/15,1551,0.2927143778207608,0.11927788523533205
2018/04/16,317,0.22082018927444794,0.08201892744479496
2018/04/17,2302,0.1268462206776716,0.08340573414422242
2018/04/18,2898,0.15113871635610765,0.07660455486542443
2018/04/19,2396,0.12270450751252086,0.08555926544240401
2018/04/20,2080,0.1375,0.13509615384615384
2018/04/21,2338,0.14627887082976904,0.14585115483319075
2018/04/22,1705,0.2316715542521994,0.1249266862170088
2018/04/23,300,0.2866666666666667,0.10666666666666667
2018/04/24,1782,0.2244668911335578,0.244668911335578
2018/04/25,1945,0.14395886889460155,0.20874035989717224
2018/04/26,1996,0.24198396793587174,0.10220440881763528
2018/04/27,1682,0.2170035671819263,0.07966706302021404
2018/04/28,1548,0.2487080103359173,0.07622739018087855
2018/04/29,2183,0.2354557947778287,0.06184150251946862
2018/04/30,339,0.26253687315634217,0.11504424778761062
2018/05/01,1985,0.1566750629722922,0.06851385390428212
2018/05/02,1946,0.20760534429599178,0.02723535457348407
2018/05/03,2068,0.13104448742746616,0.1155705996131528
2018/05/04,2267,0.13630348478164975,0.12351124834583149
2018/05/05,1637,0.1508857666463042,0.12706169822846672
2018/05/06,888,0.2511261261261261,0.3063063063063063
2018/05/07,255,0.1607843137254902,0.2196078431372549
2018/05/08,2213,0.13827383642114777,0.07862629914143697
2018/05/09,1896,0.13818565400843882,0.0949367088607595
2018/05/10,2356,0.15067911714770799,0.12606112054329371
2018/05/11,2056,0.1892023346303502,0.0632295719844358
2018/05/12,369,0.23848238482384823,0.04878048780487805
2018/05/13,1642,0.08465286236297198,0.07247259439707673
2018/05/14,351,0.05698005698005698,0.04843304843304843
2018/05/15,2282,0.11919368974583698,0.10429447852760736
2018/05/16,1839,0.18760195758564438,0.10657966286025014
2018/05/17,1519,0.1586570111915734,0.03554970375246873
2018/05/18,1934,0.17166494312306102,0.08686659772492245
2018/05/19,1789,0.10061486864169927,0.08775852431525992
2018/05/20,2050,0.1024390243902439,0.1551219512195122
2018/05/21,371,0.13746630727762804,0.12129380053908356
2018/05/22,2665,0.08705440900562852,0.16735459662288932
2018/05/23,2331,0.10982410982410983,0.0827970827970828
2018/05/24,1741,0.14589316484778864,0.1183228029867892
2018/05/25,1796,0.12138084632516703,0.07628062360801782
2018/05/26,1634,0.14320685434516525,0.056303549571603426
2018/05/27,1870,0.1620320855614973,0.08074866310160428
2018/05/28,411,0.1070559610705596,0.09002433090024331
2018/05/29,1652,0.1694915254237288,0.04116222760290557
2018/05/30,1555,0.20836012861736333,0.10803858520900321
2018/05/31,1989,0.24132730015082957,0.16038210155857216
2018/06/01,1944,0.11625514403292181,0.14814814814814814
2018/06/02,2075,0.1908433734939759,0.11373493975903615
2018/06/03,2182,0.15536205316223647,0.17415215398716774
2018/06/04,492,0.3150406504065041,0.08739837398373984
2018/06/05,1737,0.26424870466321243,0.10362694300518134
2018/06/06,1708,0.1996487119437939,0.09543325526932084
2018/06/07,2091,0.23146819703491153,0.07077953132472502
2018/06/08,1894,0.21964097148891235,0.07391763463569166
2018/06/09,2249,0.16229435304579815,0.07692307692307693
2018/06/10,1995,0.13834586466165413,0.13533834586466165
2018/06/11,1130,0.22212389380530972,0.16991150442477876
2018/06/12,1736,0.17050691244239632,0.11059907834101383
2018/06/13,1720,0.11162790697674418,0.14244186046511628
2018/06/14,2156,0.13358070500927643,0.14749536178107606
2018/06/15,1693,0.18842291789722387,0.14648552864737152
2018/06/16,1522,0.1938239159001314,0.1911957950065703
2018/06/17,1859,0.2818719741796665,0.10112963959117806
2018/06/18,293,0.2696245733788396,0.11604095563139932
2018/06/19,1204,0.2217607973421927,0.11378737541528239
2018/06/20,1408,0.23011363636363635,0.10085227272727272
2018/06/21,1817,0.20913593835993396,0.04898183819482664
2018/06/22,1336,0.17365269461077845,0.13023952095808383
2018/06/23,1615,0.3851393188854489,0.07987616099071207
2018/06/24,1155,0.23896103896103896,0.1341991341991342
2018/06/25,353,0.26345609065155806,0.11048158640226628
2018/06/26,1012,0.07509881422924901,0.2015810276679842
2018/06/27,1212,0.14603960396039603,0.0891089108910891
2018/06/28,1054,0.0635673624288425,0.09013282732447818
2018/06/29,1089,0.11753902662993572,0.1652892561983471
2018/06/30,1743,0.12966150315547906,0.12794033275960986
2018/07/01,376,0.06382978723404255,0.10638297872340426
2018/07/02,201,0.1791044776119403,0.1890547263681592
2018/07/03,1001,0.43156843156843155,0.03296703296703297
2018/07/04,1320,0.12803030303030302,0.10681818181818181
2018/07/05,1179,0.22391857506361323,0.13146734520780323
2018/07/06,1321,0.17259651778955337,0.16124148372445118
2018/07/07,1311,0.19908466819221968,0.14721586575133486
2018/07/08,1063,0.17779868297271872,0.17403574788334902
2018/07/09,165,0.23030303030303031,0.19393939393939394
2018/07/10,1018,0.16404715127701375,0.0893909626719057
2018/07/11,834,0.13908872901678657,0.09832134292565947
2018/07/12,1130,0.2407079646017699,0.06814159292035399
2018/07/13,324,0.12037037037037036,0.12654320987654322
2018/07/14,410,0.22439024390243903,0.10975609756097561
2018/07/15,76,0.13157894736842105,0.13157894736842105
2018/07/16,93,0.16129032258064516,0.12903225806451613
2018/07/17,971,0.19258496395468588,0.09989701338825953
2018/07/18,1280,0.19609375,0.07578125
2018/07/19,1140,0.21403508771929824,0.11491228070175438
2018/07/20,1656,0.35205314009661837,0.24214975845410627
2018/07/21,1888,0.2616525423728814,0.2542372881355932
2018/07/22,1582,0.20670037926675094,0.1738305941845765
2018/07/23,197,0.17258883248730963,0.2131979695431472
2018/07/24,1305,0.1731800766283525,0.11417624521072797
2018/07/25,1204,0.20431893687707642,0.0946843853820598
2018/07/26,1179,0.17896522476675147,0.11195928753180662
2018/07/27,1932,0.13250517598343686,0.12267080745341614
2018/07/28,1801,0.17046085508051081,0.13825652415324818
2018/07/29,1357,0.18201915991156964,0.12453942520265292
2018/07/30,520,0.13846153846153847,0.35
2018/07/31,1842,0.25732899022801303,0.13300760043431054
2018/08/01,1545,0.315210355987055,0.17022653721682848
2018/08/02,1772,0.2229119638826185,0.16252821670428894
2018/08/03,318,0.21069182389937108,0.1918238993710692
2018/08/04,1294,0.1445131375579598,0.15301391035548687
2018/08/05,1368,0.15350877192982457,0.09576023391812866
2018/08/06,281,0.1708185053380783,0.10676156583629894
2018/08/07,1804,0.1574279379157428,0.12694013303769403
2018/08/08,1414,0.16831683168316833,0.09476661951909476
2018/08/09,1538,0.22496749024707413,0.10273081924577374
2018/08/10,1510,0.23509933774834438,0.0814569536423841
2018/08/11,1347,0.1759465478841871,0.11432813659985153
2018/08/12,1746,0.12943871706758306,0.16895761741122567
2018/08/13,329,0.19148936170212766,0.1094224924012158
2018/08/14,1543,0.1322099805573558,0.11082307193778354
2018/08/15,880,0.24772727272727274,0.1534090909090909
2018/08/16,1312,0.15625,0.12804878048780488
2018/08/17,133,0.2857142857142857,0.14285714285714285
2018/08/18,90,0.28888888888888886,0.17777777777777778
2018/08/19,81,0.16049382716049382,0.20987654320987653
2018/08/20,147,0.23809523809523808,0.17006802721088435
2018/08/21,151,0.11258278145695365,0.12582781456953643
2018/08/22,182,0.25274725274725274,0.10989010989010989
2018/08/23,87,0.22988505747126436,0.1839080459770115
2018/08/24,75,0.26666666666666666,0.10666666666666667
2018/08/25,88,0.22727272727272727,0.32954545454545453
2018/08/26,523,0.16252390057361377,0.21414913957934992
2018/08/27,201,0.19900497512437812,0.13930348258706468
2018/08/28,276,0.2536231884057971,0.23550724637681159
2018/08/29,110,0.15454545454545454,0.14545454545454545
2018/08/30,258,0.1434108527131783,0.24031007751937986
2018/08/31,176,0.30113636363636365,0.23295454545454544
2018/09/01,274,0.16058394160583941,0.145985401459854
2018/09/02,109,0.1834862385321101,0.1926605504587156
2018/09/03,141,0.2624113475177305,0.19858156028368795
2018/09/04,997,0.18756268806419257,0.12637913741223672
2018/09/05,1073,0.22180801491146318,0.09226467847157502
2018/09/06,864,0.15393518518518517,0.1840277777777778
2018/09/07,677,0.12998522895125553,0.12703101920236337
2018/09/08,706,0.17138810198300283,0.1529745042492918
2018/09/09,734,0.2956403269754768,0.09400544959128065
2018/09/10,786,0.14631043256997456,0.09033078880407125
2018/09/11,1166,0.11749571183533447,0.07204116638078903
2018/09/12,945,0.23174603174603176,0.14497354497354498
2018/09/13,926,0.3207343412526998,0.11987041036717062
2018/09/14,799,0.13141426783479349,0.13516896120150187
2018/09/15,892,0.18946188340807174,0.12780269058295965
2018/09/16,944,0.17690677966101695,0.0815677966101695
2018/09/17,164,0.2073170731707317,0.11585365853658537
2018/09/18,1026,0.2046783625730994,0.15204678362573099
2018/09/19,1537,0.26219908913467793,0.08132726089785296
2018/09/20,1058,0.20415879017013233,0.10302457466918714
2018/09/21,1311,0.13729977116704806,0.09992372234935164
2018/09/22,956,0.12552301255230125,0.17154811715481172
2018/09/23,1136,0.16109154929577466,0.11443661971830986
2018/09/24,119,0.1092436974789916,0.1092436974789916
2018/09/25,1266,0.160347551342812,0.16903633491311215
2018/09/26,1095,0.14794520547945206,0.1643835616438356
2018/09/27,1206,0.13266998341625208,0.13764510779436154
2018/09/28,1361,0.17560617193240263,0.1565025716385011
2018/09/29,1399,0.2930664760543245,0.2058613295210865
2018/09/30,1331,0.1487603305785124,0.1284748309541698
2018/10/01,211,0.2132701421800948,0.12796208530805686
2018/10/02,976,0.18442622950819673,0.03278688524590164
2018/10/03,1146,0.11780104712041885,0.02617801047120419
2018/10/04,891,0.04264870931537598,0.04040404040404041
2018/10/05,268,0.10820895522388059,0.15298507462686567
2018/10/06,1709,0.15038033937975423,0.14160327677004095
2018/10/07,666,0.05105105105105105,0.19519519519519518
2018/10/08,181,0.14917127071823205,0.11602209944751381
2018/10/09,2264,0.026943462897526502,0.02517667844522968
2018/10/10,1291,0.017815646785437646,0.0983733539891557
2018/10/11,700,0.03428571428571429,0.16285714285714287
2018/10/12,1114,0.010771992818671455,0.07450628366247755
2018/10/13,1357,0.05232129697862933,0.10906411201179071
2018/10/14,456,0.07236842105263158,0.24561403508771928
2018/10/15,333,0.0990990990990991,0.10510510510510511
2018/10/16,1238,0.027463651050080775,0.0395799676898223
2018/10/17,443,0.05191873589164785,0.056433408577878104
2018/10/18,393,0.07633587786259542,0.0916030534351145
2018/10/19,1996,0.061122244488977955,0.037575150300601205
2018/10/20,1388,0.02089337175792507,0.09005763688760807
2018/10/21,261,0.11877394636015326,0.210727969348659
2018/10/22,1569,0.030592734225621414,0.05672402804333971
2018/10/23,1672,0.025717703349282296,0.04425837320574163
2018/10/24,841,0.1272294887039239,0.06658739595719382
2018/10/25,402,0.13681592039800994,0.12189054726368159
2018/10/26,312,0.11538461538461539,0.05448717948717949
2018/10/27,900,0.07222222222222222,0.06666666666666667
2018/10/28,497,0.08651911468812877,0.05835010060362173
2018/10/29,230,0.22608695652173913,0.10434782608695652
2018/10/30,637,0.09419152276295134,0.054945054945054944
2018/10/31,704,0.03835227272727273,0.10085227272727272
2018/11/01,235,0.225531914893617,0.19574468085106383
2018/11/02,1758,0.04948805460750853,0.1149032992036405
2018/11/03,413,0.05811138014527845,0.4043583535108959
2018/11/04,954,0.039832285115303984,0.5440251572327044
2018/11/05,843,0.022538552787663108,0.49110320284697506
2018/11/06,226,0.11061946902654868,0.3141592920353982
2018/11/07,1130,0.012389380530973451,0.504424778761062
2018/11/08,293,0.14675767918088736,0.3924914675767918
2018/11/09,937,0.01814300960512273,0.5955176093916755
2018/11/10,971,0.024716786817713696,0.5890834191555098
2018/11/11,189,0.08465608465608465,0.2857142857142857
2018/11/12,2356,0.05135823429541596,0.35144312393887944
2018/11/13,781,0.06274007682458387,0.2407170294494238
2018/11/14,310,0.08064516129032258,0.08709677419354839
2018/11/15,300,0.10333333333333333,0.07333333333333333
2018/11/16,212,0.24056603773584906,0.06132075471698113
2018/11/17,193,0.15544041450777202,0.06735751295336788
2018/11/18,149,0.18120805369127516,0.04697986577181208
2018/11/19,364,0.11538461538461539,0.11813186813186813
2018/11/20,256,0.15234375,0.08984375
2018/11/21,366,0.25136612021857924,0.09562841530054644
2018/11/22,327,0.18960244648318042,0.10397553516819572
2018/11/23,302,0.2152317880794702,0.076158940397351
2018/11/24,123,0.13008130081300814,0.15447154471544716
2018/11/25,176,0.4602272727272727,0.0625
2018/11/26,176,0.23295454545454544,0.07386363636363637
2018/11/27,257,0.32684824902723736,0.1556420233463035
2018/11/28,269,0.25650557620817843,0.12639405204460966
2018/11/29,210,0.24285714285714285,0.10476190476190476
2018/11/30,245,0.16326530612244897,0.22448979591836735
2018/12/01,159,0.24528301886792453,0.09433962264150944
2018/12/02,103,0.23300970873786409,0.08737864077669903
2018/12/03,162,0.24691358024691357,0.12962962962962962
2018/12/04,217,0.16589861751152074,0.1336405529953917
2018/12/05,262,0.14885496183206107,0.08015267175572519
2018/12/06,123,0.17073170731707318,0.12195121951219512
2018/12/07,524,0.0648854961832061,0.10114503816793893
2018/12/08,235,0.13191489361702127,0.2425531914893617
2018/12/09,171,0.2982456140350877,0.11695906432748537
2018/12/10,411,0.10218978102189781,0.1873479318734793
2018/12/11,676,0.07544378698224852,0.3994082840236686
2018/12/12,233,0.13733905579399142,0.2017167381974249
2018/12/13,200,0.09,0.15
2018/12/14,178,0.21910112359550563,0.0898876404494382
2018/12/15,153,0.17647058823529413,0.13071895424836602
2018/12/16,115,0.21739130434782608,0.06086956521739131
2018/12/17,125,0.208,0.096
2018/12/18,110,0.17272727272727273,0.18181818181818182
2018/12/19,113,0.1504424778761062,0.08849557522123894
2018/12/20,118,0.11864406779661017,0.19491525423728814
2018/12/21,98,0.16326530612244897,0.11224489795918367
2018/12/22,56,0.16071428571428573,0.16071428571428573
2018/12/23,67,0.08955223880597014,0.07462686567164178
2018/12/24,78,0.16666666666666666,0.10256410256410256
2018/12/25,72,0.3194444444444444,0.05555555555555555
2018/12/26,126,0.11904761904761904,0.40476190476190477
2018/12/27,68,0.45588235294117646,0.22058823529411764
2018/12/28,88,0.2159090909090909,0.13636363636363635
2018/12/29,47,0.2553191489361702,0.02127659574468085
2018/12/30,51,0.19607843137254902,0.11764705882352941
2018/12/31,56,0.19642857142857142,0.17857142857142858
2019/01/01,44,0.29545454545454547,0.06818181818181818
2019/01/02,62,0.22580645161290322,0.12903225806451613
2019/01/03,52,0.1346153846153846,0.057692307692307696
2019/01/04,54,0.16666666666666666,0.09259259259259259
2019/01/05,45,0.4666666666666667,0.022222222222222223
2019/01/06,52,0.25,0.038461538461538464
2019/01/07,89,0.23595505617977527,0.033707865168539325
2019/01/08,86,0.11627906976744186,0.011627906976744186
2019/01/09,69,0.15942028985507245,0.043478260869565216
2019/01/10,73,0.0958904109589041,0.1095890410958904
2019/01/11,64,0.234375,0.15625
2019/01/12,34,0.29411764705882354,0.11764705882352941
2019/01/13,40,0.225,0.05
2019/01/14,64,0.359375,0.09375
2019/01/15,74,0.24324324324324326,0.16216216216216217
2019/01/16,77,0.2727272727272727,0.14285714285714285
2019/01/17,116,0.41379310344827586,
2019/01/18,69,0.15942028985507245,0.10144927536231885
2019/01/19,56,0.21428571428571427,0.03571428571428571
2019/01/20,59,0.288135593220339,0.1016949152542373
2019/01/21,36,0.19444444444444445,0.05555555555555555
2019/01/22,65,0.06153846153846154,0.06153846153846154
2019/01/23,48,0.20833333333333334,0.08333333333333333
2019/01/24,54,0.25925925925925924,0.09259259259259259
2019/01/25,92,0.11956521739130435,0.03260869565217391
2019/01/26,40,0.15,0.075
2019/01/27,53,0.1509433962264151,0.018867924528301886
2019/01/28,81,0.09876543209876543,0.06172839506172839
2019/01/29,172,0.09302325581395349,0.040697674418604654
2019/01/30,186,0.0913978494623656,0.06989247311827956
2019/01/31,114,0.3157894736842105,0.06140350877192982
2019/02/01,202,0.17326732673267325,0.09900990099009901
2019/02/02,64,0.21875,0.234375
2019/02/03,119,0.15966386554621848,0.35294117647058826
2019/02/04,46,0.17391304347826086,0.2608695652173913
2019/02/05,26,0.07692307692307693,0.15384615384615385
2019/02/06,45,0.2222222222222222,0.15555555555555556
2019/02/07,78,0.2564102564102564,0.16666666666666666
2019/02/08,86,0.16279069767441862,0.20930232558139536
2019/02/09,66,0.07575757575757576,0.15151515151515152
2019/02/10,57,0.22807017543859648,0.12280701754385964
2019/02/11,132,0.16666666666666666,0.08333333333333333
2019/02/12,119,0.33613445378151263,0.058823529411764705
2019/02/13,76,0.27631578947368424,0.11842105263157894
2019/02/14,178,0.10112359550561797,0.06741573033707865
2019/02/15,94,0.1702127659574468,0.2978723404255319
2019/02/16,107,0.3177570093457944,0.056074766355140186
2019/02/17,54,0.12962962962962962,0.16666666666666666
2019/02/18,120,0.08333333333333333,0.09166666666666666
2019/02/19,71,0.08450704225352113,0.08450704225352113
2019/02/20,114,0.02631578947368421,0.03508771929824561
2019/02/21,102,0.10784313725490197,0.058823529411764705
2019/02/22,71,0.18309859154929578,0.1267605633802817
2019/02/23,118,0.06779661016949153,0.0847457627118644
2019/02/24,131,0.5725190839694656,0.04580152671755725
2019/02/25,183,0.1366120218579235,0.04371584699453552
2019/02/26,118,0.17796610169491525,0.16101694915254236
2019/02/27,177,0.4745762711864407,0.10734463276836158
2019/02/28,185,0.08648648648648649,0.05405405405405406
2019/03/01,178,0.4550561797752809,0.028089887640449437
2019/03/02,181,0.3425414364640884,0.03867403314917127
2019/03/03,91,0.31868131868131866,0.10989010989010989
2019/03/04,322,0.37577639751552794,0.018633540372670808
2019/03/05,336,0.5238095238095238,0.026785714285714284
2019/03/06,134,0.291044776119403,0.04477611940298507
2019/03/07,133,0.39097744360902253,0.03759398496240601
2019/03/08,84,0.3333333333333333,0.07142857142857142
2019/03/09,72,0.3611111111111111,0.05555555555555555
2019/03/10,92,0.358695652173913,0.07608695652173914
2019/03/11,109,0.41284403669724773,0.06422018348623854
2019/03/12,326,0.2085889570552147,0.12269938650306748
2019/03/13,314,0.20382165605095542,0.14968152866242038
2019/03/14,311,0.17684887459807075,0.1157556270096463
2019/03/15,307,0.1563517915309446,0.04560260586319218
2019/03/16,564,0.15070921985815602,0.051418439716312055
2019/03/17,368,0.28804347826086957,0.04891304347826087
2019/03/18,190,0.11578947368421053,0.07894736842105263
2019/03/19,430,0.12325581395348838,0.05581395348837209
2019/03/20,315,0.13968253968253969,0.0380952380952381
2019/03/21,207,0.1932367149758454,0.10628019323671498
2019/03/22,257,0.15953307392996108,0.0933852140077821
2019/03/23,1893,0.17010036978341259,0.07501320655044902
2019/03/24,1647,0.1979356405585914,0.058287795992714025
2019/03/25,265,0.37358490566037733,0.052830188679245285
2019/03/26,1856,0.22952586206896552,0.057112068965517244
2019/03/27,2134,0.21790065604498593,0.1049671977507029
2019/03/28,1839,0.13648722131593258,0.07775965198477433
2019/03/29,1580,0.1930379746835443,0.11582278481012659
2019/03/30,1543,0.1607258587167855,0.09591704471808166
2019/03/31,1799,0.292384658143413,0.05225125069483046
2019/04/01,223,0.43946188340807174,0.08071748878923767
2019/04/02,1438,0.17524339360222532,0.10222531293463143
2019/04/03,1378,0.18505079825834542,0.06458635703918723
2019/04/04,2094,0.2531041069723018,0.06829035339063992
2019/04/05,1516,0.20514511873350924,0.07189973614775726
2019/04/06,1984,0.14717741935483872,0.05897177419354839
2019/04/07,1652,0.17312348668280872,0.0599273607748184
2019/04/08,180,0.2,0.044444444444444446
2019/04/09,285,0.15087719298245614,0.06666666666666667
2019/04/10,1585,0.2302839116719243,0.0750788643533123
2019/04/11,1409,0.19020581973030518,0.0830376153300213
2019/04/12,2096,0.14551526717557253,0.06297709923664122
2019/04/13,2005,0.25536159600997504,0.05785536159600998
2019/04/14,1778,0.16647919010123735,0.08548931383577053
2019/04/15,273,0.19047619047619047,0.13186813186813187
2019/04/16,2155,0.32668213457076567,0.08352668213457076
2019/04/17,2104,0.39306083650190116,0.1335551330798479
2019/04/18,2479,0.18959257765227913,0.04759983864461476
2019/04/19,2334,0.2365038560411311,0.0766923736075407
2019/04/20,1609,0.24238657551274084,0.08638906152889994
2019/04/21,1683,0.23291740938799763,0.052881758764111705
2019/04/22,263,0.2737642585551331,0.08745247148288973
2019/04/23,905,0.40331491712707185,0.19889502762430938
2019/04/24,1739,0.18113858539390454,0.044853364002300174
2019/04/25,938,0.1396588486140725,0.10021321961620469
2019/04/26,937,0.08964781216648879,0.20597652081109924
2019/04/27,1342,0.2429210134128167,0.07078986587183309
2019/04/28,1833,0.21112929623567922,0.1794871794871795
2019/04/29,465,0.26021505376344084,0.3032258064516129
2019/04/30,1762,0.46140749148694665,0.0681044267877412
2019/05/01,1622,0.23057953144266338,0.08508014796547472
2019/05/02,2026,0.24629812438302073,0.09180651530108588
2019/05/03,1976,0.2216599190283401,0.11639676113360324
2019/05/04,1837,0.24333151878062056,0.11268372346216658
2019/05/05,1339,0.23002240477968633,0.14115011202389843
2019/05/06,352,0.14488636363636365,0.1590909090909091
2019/05/07,2075,0.39036144578313253,0.08530120481927711
2019/05/08,1483,0.15778826702629806,0.14227916385704653
2019/05/09,1844,0.20498915401301518,0.09219088937093275
2019/05/10,1774,0.19673055242390078,0.12570462232243518
2019/05/11,1427,0.27960756832515765,0.10021023125437982
2019/05/12,1981,0.2407874810701666,0.05047955577990914
2019/05/13,295,0.27796610169491526,0.0847457627118644
2019/05/14,1571,0.17250159134309356,0.1705919796308084
2019/05/15,2107,0.3749406739439962,0.05885144755576649
2019/05/16,1902,0.2392218717139853,0.0583596214511041
2019/05/17,1476,0.15989159891598917,0.12262872628726287
2019/05/18,1763,0.1973908111174135,0.19909245604083947
2019/05/19,799,0.09011264080100125,0.04130162703379224
2019/05/20,266,0.22556390977443608,0.09022556390977443
2019/05/21,1668,0.1672661870503597,0.12529976019184652
2019/05/22,1874,0.17662753468516543,0.05869797225186766
2019/05/23,1794,0.2714604236343367,0.0875139353400223
2019/05/24,1964,0.22810590631364563,0.08961303462321792
2019/05/25,2007,0.20079720976581963,0.06178375685102142
2019/05/26,1581,0.1935483870967742,0.08032890575585072
2019/05/27,389,0.2133676092544987,0.04113110539845758
2019/05/28,1284,0.19314641744548286,0.08333333333333333
2019/05/29,1779,0.1967397414277684,0.13097245643620012
2019/05/30,2076,0.2138728323699422,0.05491329479768786
2019/05/31,1673,0.22594142259414227,0.0657501494321578
2019/06/01,1689,0.2143280047365305,0.07578448786264061
2019/06/02,1262,0.1648177496038035,0.08399366085578447
2019/06/03,311,0.1607717041800643,0.04501607717041801
2019/06/04,1656,0.1678743961352657,0.05314009661835749
2019/06/05,1793,0.22922476296709426,0.06469604015616286
2019/06/06,1366,0.29062957540263545,0.0314787701317716
2019/06/07,1985,0.25591939546599496,0.04987405541561713
2019/06/08,1322,0.29122541603630864,0.07337367624810892
2019/06/09,2056,0.3638132295719844,0.0325875486381323
2019/06/10,382,0.38481675392670156,0.06282722513089005
2019/06/11,1820,0.4543956043956044,0.06703296703296703
2019/06/12,1711,0.4272355347749854,0.05376972530683811
2019/06/13,1809,0.35268103924820343,0.050304035378662244
2019/06/14,1273,0.3472113118617439,0.1249018067556952
2019/06/15,1636,0.3966992665036675,0.1136919315403423
2019/06/16,1742,0.44087256027554533,0.13432835820895522
2019/06/17,246,0.4024390243902439,0.10569105691056911
2019/06/18,1280,0.2546875,0.16640625
2019/06/19,1321,0.27554882664647995,0.07797123391370174
2019/06/20,1906,0.22822665267576075,0.06348373557187828
2019/06/21,1870,0.379144385026738,0.059893048128342244
2019/06/22,1198,0.3021702838063439,0.0642737896494157
2019/06/23,1312,0.20655487804878048,0.09146341463414634
2019/06/24,249,0.3293172690763052,0.09236947791164658
2019/06/25,1579,0.2070930968967701,0.055098163394553513
2019/06/26,787,0.3519695044472681,0.01397712833545108
2019/06/27,1284,0.2881619937694704,0.0529595015576324
2019/06/28,1204,0.3496677740863787,0.061461794019933555
2019/06/29,562,0.09074733096085409,0.1708185053380783
2019/06/30,1154,0.23310225303292895,0.05805892547660312
2019/07/01,294,0.3197278911564626,0.04421768707482993
2019/07/02,963,0.28764278296988577,0.059190031152647975
2019/07/03,1055,0.2843601895734597,0.06255924170616113
2019/07/04,1170,0.27521367521367524,0.06837606837606838
2019/07/05,1051,0.2131303520456708,0.0960989533777355
2019/07/06,1201,0.15070774354704414,0.041631973355537054
2019/07/07,1744,0.3165137614678899,0.12155963302752294
2019/07/08,282,0.25177304964539005,0.07092198581560284
2019/07/09,1046,0.2237093690248566,0.08986615678776291
2019/07/10,292,0.5684931506849316,0.0547945205479452
2019/07/11,920,0.2902173913043478,0.10978260869565218
2019/07/12,1061,0.2224316682375118,0.08671065032987747
2019/07/13,1085,0.15207373271889402,0.11797235023041475
2019/07/14,1032,0.20445736434108527,0.12306201550387597
2019/07/15,169,0.3254437869822485,0.09467455621301775
2019/07/16,928,0.3577586206896552,0.07112068965517242
2019/07/17,870,0.29770114942528736,0.12413793103448276
2019/07/18,969,0.32094943240454077,0.0804953560371517
2019/07/19,331,0.18429003021148035,0.0634441087613293
2019/07/20,89,0.24719101123595505,0.033707865168539325
2019/07/21,807,0.4250309789343247,0.023543990086741014
2019/07/22,149,0.28859060402684567,0.03355704697986577
2019/07/23,171,0.25146198830409355,0.05263157894736842
2019/07/24,123,0.18699186991869918,0.032520325203252036
2019/07/25,154,0.42207792207792205,0.06493506493506493
2019/07/26,514,0.12840466926070038,0.033073929961089495
2019/07/27,677,0.29098966026587886,0.05465288035450517
2019/07/28,898,0.43875278396436523,0.015590200445434299
2019/07/29,259,0.4362934362934363,0.03088803088803089
2019/07/30,917,0.3053435114503817,0.05343511450381679
2019/07/31,982,0.20672097759674135,0.06008146639511202
2019/08/01,930,0.31827956989247314,0.12043010752688173
2019/08/02,157,0.31210191082802546,0.08917197452229299
2019/08/03,1012,0.4426877470355731,0.08596837944664032
2019/08/04,846,0.38534278959810875,0.09574468085106383
2019/08/05,143,0.2097902097902098,0.06993006993006994
2019/08/06,662,0.45770392749244715,0.1283987915407855
2019/08/07,961,0.23309053069719043,0.1425598335067638
2019/08/08,925,0.28216216216216217,0.05837837837837838
2019/08/09,992,0.41330645161290325,0.04233870967741935
2019/08/10,789,0.27629911280101394,0.07224334600760456
2019/08/11,772,0.22927461139896374,0.11787564766839378
2019/08/12,148,0.24324324324324326,0.08108108108108109
2019/08/13,1072,0.416044776119403,0.05317164179104478
2019/08/14,658,0.3130699088145897,0.0911854103343465
2019/08/15,516,0.06589147286821706,0.027131782945736434
2019/08/16,980,0.2683673469387755,0.12653061224489795
2019/08/17,753,0.19256308100929614,0.08100929614873838
2019/08/18,738,0.1978319783197832,0.0948509485094851
2019/08/19,141,0.2765957446808511,0.07801418439716312
2019/08/20,730,0.2958904109589041,0.07534246575342465
2019/08/21,530,0.4320754716981132,0.02830188679245283
2019/08/22,917,0.2159214830970556,0.06870229007633588
2019/08/23,678,0.3702064896755162,0.0943952802359882
2019/08/24,787,0.35578144853875476,0.053367217280813214
2019/08/25,659,0.30197268588770865,0.11532625189681335
2019/08/26,874,0.2414187643020595,0.08695652173913043
2019/08/27,807,0.27633209417596033,0.13506815365551425
2019/08/28,889,0.2530933633295838,0.18222722159730034
2019/08/29,665,0.1037593984962406,0.26165413533834586
2019/08/30,687,0.3231441048034934,0.14410480349344978
2019/08/31,888,0.39864864864864863,0.12612612612612611
2019/09/01,739,0.3761840324763194,0.13802435723951287
2019/09/02,141,0.2624113475177305,0.14184397163120568
2019/09/03,680,0.18676470588235294,0.13529411764705881
2019/09/04,377,0.10875331564986737,0.029177718832891247
2019/09/05,266,0.13533834586466165,0.02631578947368421
2019/09/06,406,0.30049261083743845,0.09359605911330049
2019/09/07,305,0.11147540983606558,0.03934426229508197
2019/09/08,707,0.4328147100424328,0.0891089108910891
2019/09/09,131,0.3053435114503817,0.06870229007633588
2019/09/10,475,0.4652631578947368,0.010526315789473684
2019/09/11,601,0.23294509151414308,0.07487520798668885
2019/09/12,523,0.4397705544933078,0.07265774378585087
2019/09/13,558,0.3888888888888889,0.07706093189964158
2019/09/14,823,0.24787363304981774,0.23572296476306198
2019/09/15,794,0.5428211586901763,0.08690176322418136
2019/09/16,667,0.4587706146926537,0.12293853073463268
2019/09/17,463,0.20086393088552915,0.028077753779697623
2019/09/18,552,0.4782608695652174,0.007246376811594203
2019/09/19,983,0.21668362156663276,0.24923702950152593
2019/09/20,613,0.0766721044045677,0.16150081566068517
2019/09/21,323,0.08359133126934984,0.29102167182662536
2019/09/22,1046,0.5822179732313576,0.26195028680688337
2019/09/23,391,0.49104859335038364,0.04603580562659847
2019/09/24,1242,0.18679549114331723,0.3027375201288245
2019/09/25,658,0.1717325227963526,0.2188449848024316
2019/09/26,642,0.34890965732087226,0.17289719626168223
2019/09/27,695,0.28345323741007195,0.06906474820143885
2019/09/28,1303,0.11435149654643131,0.2348426707597851
2019/09/29,970,0.36597938144329895,0.2927835051546392
2019/09/30,818,0.23838630806845965,0.13691931540342298
2019/10/01,2088,0.14942528735632185,0.39511494252873564
2019/10/02,446,0.32062780269058294,0.38565022421524664
2019/10/03,992,0.6733870967741935,0.06955645161290322
2019/10/04,268,0.5970149253731343,0.1044776119402985
2019/10/05,229,0.6244541484716157,0.07860262008733625
2019/10/06,1098,0.6967213114754098,0.06375227686703097
2019/10/07,1612,0.651985111662531,0.052109181141439205
2019/10/08,312,0.40384615384615385,0.12179487179487179
2019/10/09,933,0.6538049303322615,0.027867095391211148
2019/10/10,1695,0.5734513274336284,0.06548672566371681
2019/10/11,278,0.3920863309352518,0.07553956834532374
2019/10/12,175,0.3314285714285714,0.17714285714285713
2019/10/13,128,0.4296875,0.078125
2019/10/14,1040,0.051923076923076926,0.09134615384615384
2019/10/15,1068,0.04400749063670412,0.10299625468164794
2019/10/16,195,0.1641025641025641,0.18461538461538463
2019/10/17,783,0.06513409961685823,0.1277139208173691
2019/10/18,270,0.10740740740740741,0.2740740740740741
2019/10/19,216,0.09259259259259259,0.4351851851851852
2019/10/20,141,0.19858156028368795,0.3191489361702128
2019/10/21,190,0.07368421052631578,0.43157894736842106
2019/10/22,1618,0.05253399258343634,0.5160692212608158
2019/10/23,1560,0.04807692307692308,0.532051282051282
2019/10/24,289,0.08996539792387544,0.5743944636678201
2019/10/25,885,0.0327683615819209,0.6790960451977401
2019/10/26,1672,0.030502392344497607,0.6644736842105263
2019/10/27,281,0.05693950177935943,0.5302491103202847
2019/10/28,211,0.09004739336492891,0.47393364928909953
2019/10/29,207,0.14492753623188406,0.3526570048309179
2019/10/30,197,0.14720812182741116,0.4263959390862944
2019/10/31,173,0.18497109826589594,0.24277456647398843
2019/11/01,202,0.22772277227722773,0.1782178217821782
2019/11/02,143,0.25874125874125875,0.22377622377622378
2019/11/03,182,0.14835164835164835,0.18681318681318682
2019/11/04,296,0.13175675675675674,0.10472972972972973
2019/11/05,203,0.17733990147783252,0.07881773399014778
2019/11/06,340,0.13529411764705881,0.15
2019/11/07,320,0.128125,0.175
2019/11/08,205,0.16585365853658537,0.12682926829268293
2019/11/09,132,0.23484848484848486,0.06818181818181818
2019/11/10,78,0.15384615384615385,0.07692307692307693
2019/11/11,336,0.125,0.16964285714285715
2019/11/12,268,0.1865671641791045,0.11940298507462686
2019/11/13,202,0.07920792079207921,0.06435643564356436
2019/11/14,157,0.2484076433121019,0.07643312101910828
2019/11/15,271,0.23616236162361623,0.0996309963099631
2019/11/16,410,0.1902439024390244,0.21707317073170732
2019/11/17,518,0.19884169884169883,0.2625482625482625
2019/11/18,149,0.16778523489932887,0.12080536912751678
2019/11/19,151,0.2052980132450331,0.13245033112582782
2019/11/20,836,0.2942583732057416,0.11244019138755981
2019/11/21,955,0.18848167539267016,0.041884816753926704
2019/11/22,494,0.3319838056680162,0.06072874493927125
2019/11/23,265,0.13584905660377358,0.04150943396226415
2019/11/24,298,0.22483221476510068,0.050335570469798654
2019/11/25,334,0.4431137724550898,0.08982035928143713
2019/11/26,201,0.3582089552238806,0.0945273631840796
2019/11/27,167,0.2754491017964072,0.0718562874251497
2019/11/28,146,0.19863013698630136,0.08904109589041095
2019/11/29,145,0.21379310344827587,0.06206896551724138
2019/11/30,74,0.2702702702702703,0.06756756756756757
2019/12/01,100,0.31,0.08
2019/12/02,84,0.19047619047619047,0.17857142857142858
2019/12/03,118,0.2457627118644068,0.1864406779661017
2019/12/04,108,0.14814814814814814,0.16666666666666666
2019/12/05,240,0.3375,0.3541666666666667
2019/12/06,117,0.3162393162393162,0.09401709401709402
2019/12/07,91,0.26373626373626374,0.14285714285714285
2019/12/08,85,0.10588235294117647,0.5058823529411764
2019/12/09,134,0.26119402985074625,0.20149253731343283
2019/12/10,112,0.20535714285714285,0.03571428571428571
2019/12/11,124,0.33064516129032256,0.10483870967741936
2019/12/12,154,0.16233766233766234,0.07792207792207792
2019/12/13,141,0.1347517730496454,0.06382978723404255
2019/12/14,137,0.145985401459854,0.058394160583941604
2019/12/15,137,0.34306569343065696,0.145985401459854
2019/12/16,27,0.25925925925925924,0.14814814814814814
