date,search,team
2017/03/01,0.39975,두산
2017/03/02,0.46286,두산
2017/03/03,0.35224,두산
2017/03/04,0.32799,두산
2017/03/05,0.33325,두산
2017/03/06,0.67436,두산
2017/03/07,0.7333,두산
2017/03/08,0.67546,두산
2017/03/09,0.74801,두산
2017/03/10,2.58625,두산
2017/03/11,0.78141,두산
2017/03/12,0.61532,두산
2017/03/13,0.80953,두산
2017/03/14,1.11307,두산
2017/03/15,0.92393,두산
2017/03/16,0.93626,두산
2017/03/17,0.79721,두산
2017/03/18,0.83428,두산
2017/03/19,0.79363,두산
2017/03/20,0.89869,두산
2017/03/21,44.19278,두산
2017/03/22,3.27006,두산
2017/03/23,1.35161,두산
2017/03/24,0.71163,두산
2017/03/25,0.8155,두산
2017/03/26,0.87394,두산
2017/03/27,0.7826,두산
2017/03/28,1.09886,두산
2017/03/29,1.13812,두산
2017/03/30,0.847,두산
2017/03/31,2.20051,두산
2017/04/01,5.29584,두산
2017/04/02,6.0539,두산
2017/04/03,1.39803,두산
2017/04/04,2.28509,두산
2017/04/05,1.32229,두산
2017/04/06,1.69739,두산
2017/04/07,1.99199,두산
2017/04/08,2.92596,두산
2017/04/09,3.48017,두산
2017/04/10,1.16366,두산
2017/04/11,1.79082,두산
2017/04/12,1.94239,두산
2017/04/13,1.8272,두산
2017/04/14,1.50696,두산
2017/04/15,1.49454,두산
2017/04/16,1.4028,두산
2017/04/17,1.63597,두산
2017/04/18,9.22924,두산
2017/04/19,5.19029,두산
2017/04/20,2.11841,두산
2017/04/21,2.1204,두산
2017/04/22,1.72095,두산
2017/04/23,1.65893,두산
2017/04/24,1.02094,두산
2017/04/25,5.95103,두산
2017/04/26,3.03609,두산
2017/04/27,4.10643,두산
2017/04/28,1.76418,두산
2017/04/29,4.61601,두산
2017/04/30,2.49809,두산
2017/05/01,0.92115,두산
2017/05/02,1.58657,두산
2017/05/03,1.55477,두산
2017/05/04,1.64034,두산
2017/05/05,1.97976,두산
2017/05/06,1.85731,두산
2017/05/07,2.23122,두산
2017/05/08,1.01329,두산
2017/05/09,1.19915,두산
2017/05/10,1.22837,두산
2017/05/11,1.39167,두산
2017/05/12,1.30589,두산
2017/05/13,1.37288,두산
2017/05/14,1.50696,두산
2017/05/15,0.91042,두산
2017/05/16,1.9907,두산
2017/05/17,4.48769,두산
2017/05/18,1.51849,두산
2017/05/19,1.70684,두산
2017/05/20,1.53201,두산
2017/05/21,1.60228,두산
2017/05/22,0.9291,두산
2017/05/23,1.25948,두산
2017/05/24,1.68268,두산
2017/05/25,3.01422,두산
2017/05/26,3.0832,두산
2017/05/27,2.70353,두산
2017/05/28,2.48656,두산
2017/05/29,1.1082,두산
2017/05/30,1.57733,두산
2017/05/31,1.37417,두산
2017/06/01,1.31215,두산
2017/06/02,2.60682,두산
2017/06/03,2.96691,두산
2017/06/04,2.3326,두산
2017/06/05,1.55844,두산
2017/06/06,3.03589,두산
2017/06/07,4.3731,두산
2017/06/08,2.676,두산
2017/06/09,1.45746,두산
2017/06/10,1.62285,두산
2017/06/11,1.43868,두산
2017/06/12,0.86808,두산
2017/06/13,2.01912,두산
2017/06/14,4.43253,두산
2017/06/15,3.40801,두산
2017/06/16,1.56292,두산
2017/06/17,1.6643,두산
2017/06/18,1.76607,두산
2017/06/19,1.00096,두산
2017/06/20,1.3041,두산
2017/06/21,1.37129,두산
2017/06/22,1.39594,두산
2017/06/23,1.41622,두산
2017/06/24,1.63428,두산
2017/06/25,1.51342,두산
2017/06/26,0.83548,두산
2017/06/27,1.24854,두산
2017/06/28,1.25073,두산
2017/06/29,1.27637,두산
2017/06/30,1.25779,두산
2017/07/01,2.24126,두산
2017/07/02,100.0,두산
2017/07/03,2.28271,두산
2017/07/04,1.87481,두산
2017/07/05,1.50845,두산
2017/07/06,1.21545,두산
2017/07/07,1.07779,두산
2017/07/08,0.89133,두산
2017/07/09,1.01428,두산
2017/07/10,0.60548,두산
2017/07/11,2.38697,두산
2017/07/12,5.94765,두산
2017/07/13,1.19259,두산
2017/07/14,0.73797,두산
2017/07/15,0.48472,두산
2017/07/16,0.44368,두산
2017/07/17,0.51941,두산
2017/07/18,2.60294,두산
2017/07/19,4.57168,두산
2017/07/20,1.24795,두산
2017/07/21,1.2557,두산
2017/07/22,1.33909,두산
2017/07/23,1.46184,두산
2017/07/24,0.93387,두산
2017/07/25,1.19507,두산
2017/07/26,1.43053,두산
2017/07/27,1.55964,두산
2017/07/28,2.01872,두산
2017/07/29,3.61186,두산
2017/07/30,1.5493,두산
2017/07/31,0.93984,두산
2017/08/01,1.23851,두산
2017/08/02,1.47655,두산
2017/08/03,1.41005,두산
2017/08/04,1.60794,두산
2017/08/05,1.70495,두산
2017/08/06,1.80523,두산
2017/08/07,1.77919,두산
2017/08/08,2.91493,두산
2017/08/09,1.99934,두산
2017/08/10,1.62265,두산
2017/08/11,1.48331,두산
2017/08/12,1.43679,두산
2017/08/13,2.00908,두산
2017/08/14,1.30212,두산
2017/08/15,1.46164,두산
2017/08/16,5.29167,두산
2017/08/17,2.37653,두산
2017/08/18,1.72771,두산
2017/08/19,2.94147,두산
2017/08/20,1.70793,두산
2017/08/21,0.89064,두산
2017/08/22,1.82392,두산
2017/08/23,2.42016,두산
2017/08/24,3.49776,두산
2017/08/25,2.5119,두산
2017/08/26,2.58525,두산
2017/08/27,2.67749,두산
2017/08/28,1.3869,두산
2017/08/29,3.15665,두산
2017/08/30,2.75173,두산
2017/08/31,1.82471,두산
2017/09/01,1.67503,두산
2017/09/02,2.07379,두산
2017/09/03,1.76309,두산
2017/09/04,0.89899,두산
2017/09/05,1.37527,두산
2017/09/06,1.51094,두산
2017/09/07,1.79818,두산
2017/09/08,1.56689,두산
2017/09/09,1.67771,두산
2017/09/10,1.5983,두산
2017/09/11,0.88785,두산
2017/09/12,3.53513,두산
2017/09/13,2.18182,두산
2017/09/14,3.80955,두산
2017/09/15,1.88902,두산
2017/09/16,1.55348,두산
2017/09/17,1.75424,두산
2017/09/18,0.95196,두산
2017/09/19,1.48579,두산
2017/09/20,2.32018,두산
2017/09/21,1.5008,두산
2017/09/22,1.90999,두산
2017/09/23,11.52577,두산
2017/09/24,7.19321,두산
2017/09/25,1.50696,두산
2017/09/26,1.94975,두산
2017/09/27,5.15351,두산
2017/09/28,1.76319,두산
2017/09/29,2.35844,두산
2017/09/30,1.63557,두산
2017/10/01,2.56746,두산
2017/10/02,2.13571,두산
2017/10/03,4.28325,두산
2017/10/04,0.79204,두산
2017/10/05,0.80158,두산
2017/10/06,0.71571,두산
2017/10/07,0.54048,두산
2017/10/08,0.8311,두산
2017/10/09,0.8796,두산
2017/10/10,0.6679,두산
2017/10/11,0.83388,두산
2017/10/12,0.68768,두산
2017/10/13,0.93954,두산
2017/10/14,0.72167,두산
2017/10/15,2.10261,두산
2017/10/16,2.03562,두산
2017/10/17,4.42717,두산
2017/10/18,4.53878,두산
2017/10/19,1.69511,두산
2017/10/20,2.4465,두산
2017/10/21,3.38962,두산
2017/10/22,1.55646,두산
2017/10/23,1.77392,두산
2017/10/24,1.11407,두산
2017/10/25,3.4096,두산
2017/10/26,3.47768,두산
2017/10/27,1.32716,두산
2017/10/28,2.54599,두산
2017/10/29,2.8543,두산
2017/10/30,4.40997,두산
2017/10/31,1.87918,두산
2017/11/01,0.63828,두산
2017/11/02,0.52428,두산
2017/11/03,0.45431,두산
2017/11/04,0.37798,두산
2017/11/05,0.33484,두산
2017/11/06,0.34856,두산
2017/11/07,0.39835,두산
2017/11/08,0.40173,두산
2017/11/09,0.30185,두산
2017/11/10,0.26875,두산
2017/11/11,0.24996,두산
2017/11/12,0.25921,두산
2017/11/13,0.30562,두산
2017/11/14,0.24658,두산
2017/11/15,0.29698,두산
2017/11/16,0.3414,두산
2017/11/17,0.25622,두산
2017/11/18,0.22174,두산
2017/11/19,0.27143,두산
2017/11/20,0.27014,두산
2017/11/21,0.52965,두산
2017/11/22,0.62208,두산
2017/11/23,0.39637,두산
2017/11/24,0.47657,두산
2017/11/25,0.44646,두산
2017/11/26,0.53601,두산
2017/11/27,0.51096,두산
2017/11/28,1.3704,두산
2017/11/29,2.20041,두산
2017/11/30,0.45998,두산
2017/12/01,0.50261,두산
2017/12/02,0.40064,두산
2017/12/03,0.53174,두산
2017/12/04,0.37043,두산
2017/12/05,0.51872,두산
2017/12/06,0.31218,두산
2017/12/07,0.28574,두산
2017/12/08,0.27282,두산
2017/12/09,0.24947,두산
2017/12/10,0.3414,두산
2017/12/11,0.65826,두산
2017/12/12,0.375,두산
2017/12/13,0.31019,두산
2017/12/14,0.25046,두산
2017/12/15,0.23148,두산
2017/12/16,0.24102,두산
2017/12/17,0.2115,두산
2017/12/18,0.24748,두산
2017/12/19,2.45644,두산
2017/12/20,0.38235,두산
2017/12/21,0.30592,두산
2017/12/22,0.35631,두산
2017/12/23,0.24261,두산
2017/12/24,0.20554,두산
2017/12/25,0.22054,두산
2017/12/26,0.22591,두산
2017/12/27,0.32649,두산
2017/12/28,0.25334,두산
2017/12/29,0.19808,두산
2017/12/30,0.19073,두산
2017/12/31,0.1789,두산
2018/01/01,0.18357,두산
2018/01/02,0.21587,두산
2018/01/03,0.2118,두산
2018/01/04,0.45878,두산
2018/01/05,0.31526,두산
2018/01/06,0.22959,두산
2018/01/07,0.22999,두산
2018/01/08,0.2438,두산
2018/01/09,0.23873,두산
2018/01/10,0.23575,두산
2018/01/11,0.2433,두산
2018/01/12,0.28227,두산
2018/01/13,0.22412,두산
2018/01/14,0.22392,두산
2018/01/15,0.38007,두산
2018/01/16,0.26944,두산
2018/01/17,0.36565,두산
2018/01/18,0.2598,두산
2018/01/19,0.22502,두산
2018/01/20,0.2121,두산
2018/01/21,0.2115,두산
2018/01/22,0.25811,두산
2018/01/23,0.24728,두산
2018/01/24,0.23724,두산
2018/01/25,0.24122,두산
2018/01/26,0.24181,두산
2018/01/27,0.19629,두산
2018/01/28,0.20156,두산
2018/01/29,0.24807,두산
2018/01/30,0.2933,두산
2018/01/31,0.33812,두산
2018/02/01,0.36237,두산
2018/02/02,0.27203,두산
2018/02/03,0.2444,두산
2018/02/04,0.23466,두산
2018/02/05,0.25285,두산
2018/02/06,0.28873,두산
2018/02/07,0.26646,두산
2018/02/08,0.24072,두산
2018/02/09,0.20862,두산
2018/02/10,0.2279,두산
2018/02/11,0.20961,두산
2018/02/12,0.23078,두산
2018/02/13,0.21617,두산
2018/02/14,0.21925,두산
2018/02/15,0.17343,두산
2018/02/16,0.18208,두산
2018/02/17,0.2121,두산
2018/02/18,0.26646,두산
2018/02/19,0.30791,두산
2018/02/20,0.29469,두산
2018/02/21,0.29529,두산
2018/02/22,0.39716,두산
2018/02/23,0.37967,두산
2018/02/24,0.28475,두산
2018/02/25,0.29161,두산
2018/02/26,0.46554,두산
2018/02/27,0.60767,두산
2018/02/28,0.44696,두산
2018/03/01,0.44646,두산
2018/03/02,0.46584,두산
2018/03/03,0.41386,두산
2018/03/04,0.44805,두산
2018/03/05,0.8639,두산
2018/03/06,0.83468,두산
2018/03/07,11.91915,두산
2018/03/08,1.19388,두산
2018/03/09,0.76491,두산
2018/03/10,0.58123,두산
2018/03/11,0.59952,두산
2018/03/12,1.09091,두산
2018/03/13,1.49305,두산
2018/03/14,1.11297,두산
2018/03/15,0.87603,두산
2018/03/16,15.5186,두산
2018/03/17,2.76853,두산
2018/03/18,2.87736,두산
2018/03/19,0.91052,두산
2018/03/20,1.03972,두산
2018/03/21,0.84422,두산
2018/03/22,0.94073,두산
2018/03/23,1.18901,두산
2018/03/24,4.05256,두산
2018/03/25,3.52082,두산
2018/03/26,1.66688,두산
2018/03/27,4.65209,두산
2018/03/28,2.46519,두산
2018/03/29,2.4138,두산
2018/03/30,3.65371,두산
2018/03/31,3.20336,두산
2018/04/01,2.3006,두산
2018/04/02,1.12252,두산
2018/04/03,2.45803,두산
2018/04/04,2.35486,두산
2018/04/05,1.70773,두산
2018/04/06,1.61848,두산
2018/04/07,3.59824,두산
2018/04/08,2.84953,두산
2018/04/09,1.76697,두산
2018/04/10,4.47318,두산
2018/04/11,13.97217,두산
2018/04/12,3.8666,두산
2018/04/13,2.30447,두산
2018/04/14,2.28738,두산
2018/04/15,2.18699,두산
2018/04/16,1.30877,두산
2018/04/17,2.57382,두산
2018/04/18,3.38068,두산
2018/04/19,2.62024,두산
2018/04/20,2.52969,두산
2018/04/21,4.05495,두산
2018/04/22,2.91006,두산
2018/04/23,3.87147,두산
2018/04/24,2.38498,두산
2018/04/25,2.2839,두산
2018/04/26,2.37673,두산
2018/04/27,1.78118,두산
2018/04/28,1.81149,두산
2018/04/29,1.78386,두산
2018/04/30,1.08365,두산
2018/05/01,1.94498,두산
2018/05/02,8.45369,두산
2018/05/03,2.43299,두산
2018/05/04,2.25577,두산
2018/05/05,4.05544,두산
2018/05/06,2.39502,두산
2018/05/07,1.77363,두산
2018/05/08,2.12925,두산
2018/05/09,2.11513,두산
2018/05/10,2.2999,두산
2018/05/11,2.18282,두산
2018/05/12,1.48331,두산
2018/05/13,2.11911,두산
2018/05/14,1.3702,두산
2018/05/15,3.70151,두산
2018/05/16,4.0133,두산
2018/05/17,2.35427,두산
2018/05/18,1.9092,두산
2018/05/19,2.96681,두산
2018/05/20,3.73779,두산
2018/05/21,1.36334,두산
2018/05/22,3.5246,두산
2018/05/23,2.99007,두산
2018/05/24,2.3977,두산
2018/05/25,2.42126,두산
2018/05/26,2.38677,두산
2018/05/27,2.48348,두산
2018/05/28,1.59462,두산
2018/05/29,3.60918,두산
2018/05/30,2.91344,두산
2018/05/31,2.84198,두산
2018/06/01,2.55196,두산
2018/06/02,4.49485,두산
2018/06/03,6.68185,두산
2018/06/04,1.468,두산
2018/06/05,2.22764,두산
2018/06/06,2.42146,두산
2018/06/07,2.15111,두산
2018/06/08,2.22039,두산
2018/06/09,2.42563,두산
2018/06/10,3.15248,두산
2018/06/11,1.5664,두산
2018/06/12,2.23579,두산
2018/06/13,2.49759,두산
2018/06/14,2.56915,두산
2018/06/15,2.39273,두산
2018/06/16,2.55355,두산
2018/06/17,2.56806,두산
2018/06/18,1.18851,두산
2018/06/19,2.96184,두산
2018/06/20,6.71475,두산
2018/06/21,2.47234,두산
2018/06/22,2.18252,두산
2018/06/23,1.9566,두산
2018/06/24,1.96505,두산
2018/06/25,1.10304,두산
2018/06/26,2.00441,두산
2018/06/27,2.09754,두산
2018/06/28,1.67553,두산
2018/06/29,2.03771,두산
2018/06/30,2.76763,두산
2018/07/01,1.80931,두산
2018/07/02,1.00573,두산
2018/07/03,1.44484,두산
2018/07/04,1.60735,두산
2018/07/05,1.74321,두산
2018/07/06,15.17948,두산
2018/07/07,2.26501,두산
2018/07/08,2.35586,두산
2018/07/09,1.11019,두산
2018/07/10,1.83555,두산
2018/07/11,1.54662,두산
2018/07/12,1.70793,두산
2018/07/13,1.07451,두산
2018/07/14,0.75099,두산
2018/07/15,0.58948,두산
2018/07/16,0.7172,두산
2018/07/17,3.05766,두산
2018/07/18,3.71364,두산
2018/07/19,1.70167,두산
2018/07/20,1.96555,두산
2018/07/21,2.69995,두산
2018/07/22,2.49312,두산
2018/07/23,1.32438,두산
2018/07/24,1.63816,두산
2018/07/25,1.55198,두산
2018/07/26,1.67334,두산
2018/07/27,2.10509,두산
2018/07/28,2.25945,두산
2018/07/29,1.89379,두산
2018/07/30,1.22389,두산
2018/07/31,1.69063,두산
2018/08/01,1.93196,두산
2018/08/02,2.04228,두산
2018/08/03,1.42238,두산
2018/08/04,1.57345,두산
2018/08/05,1.97579,두산
2018/08/06,1.02283,두산
2018/08/07,1.62623,두산
2018/08/08,1.66261,두산
2018/08/09,1.51253,두산
2018/08/10,1.52247,두산
2018/08/11,1.54403,두산
2018/08/12,2.039,두산
2018/08/13,1.06904,두산
2018/08/14,1.54264,두산
2018/08/15,1.71499,두산
2018/08/16,1.52306,두산
2018/08/17,0.85197,두산
2018/08/18,0.51017,두산
2018/08/19,0.4392,두산
2018/08/20,0.42936,두산
2018/08/21,0.40968,두산
2018/08/22,0.35482,두산
2018/08/23,0.3581,두산
2018/08/24,0.45391,두산
2018/08/25,4.70963,두산
2018/08/26,0.5208,두산
2018/08/27,0.36635,두산
2018/08/28,0.33961,두산
2018/08/29,0.32073,두산
2018/08/30,0.39617,두산
2018/08/31,0.33961,두산
2018/09/01,0.44825,두산
2018/09/02,0.40342,두산
2018/09/03,0.58899,두산
2018/09/04,1.34764,두산
2018/09/05,1.81646,두산
2018/09/06,1.36145,두산
2018/09/07,1.19646,두산
2018/09/08,1.29019,두산
2018/09/09,1.16267,두산
2018/09/10,0.92324,두산
2018/09/11,1.16913,두산
2018/09/12,1.33611,두산
2018/09/13,1.42735,두산
2018/09/14,1.34167,두산
2018/09/15,1.57842,두산
2018/09/16,1.41552,두산
2018/09/17,0.85943,두산
2018/09/18,1.29506,두산
2018/09/19,2.12289,두산
2018/09/20,1.63021,두산
2018/09/21,1.48321,두산
2018/09/22,1.52873,두산
2018/09/23,1.4348,두산
2018/09/24,0.89014,두산
2018/09/25,3.79514,두산
2018/09/26,3.92057,두산
2018/09/27,1.91248,두산
2018/09/28,1.63915,두산
2018/09/29,2.21274,두산
2018/09/30,2.91762,두산
2018/10/01,1.17599,두산
2018/10/02,1.26365,두산
2018/10/03,5.78117,두산
2018/10/04,0.92791,두산
2018/10/05,1.10602,두산
2018/10/06,2.31163,두산
2018/10/07,1.8099,두산
2018/10/08,0.83677,두산
2018/10/09,1.16148,두산
2018/10/10,1.56928,두산
2018/10/11,1.52425,두산
2018/10/12,1.48728,두산
2018/10/13,1.83903,두산
2018/10/14,1.38471,두산
2018/10/15,0.81878,두산
2018/10/16,0.98078,두산
2018/10/17,0.76888,두산
2018/10/18,0.6035,두산
2018/10/19,1.08564,두산
2018/10/20,1.0439,두산
2018/10/21,0.70905,두산
2018/10/22,1.02392,두산
2018/10/23,1.24666,두산
2018/10/24,1.02561,두산
2018/10/25,0.61224,두산
2018/10/26,0.54873,두산
2018/10/27,0.74901,두산
2018/10/28,0.85098,두산
2018/10/29,0.65429,두산
2018/10/30,0.85635,두산
2018/10/31,0.9615,두산
2018/11/01,0.88974,두산
2018/11/02,2.46101,두산
2018/11/03,2.38577,두산
2018/11/04,4.42965,두산
2018/11/05,3.06988,두산
2018/11/06,1.36066,두산
2018/11/07,2.60473,두산
2018/11/08,1.42983,두산
2018/11/09,2.40605,두산
2018/11/10,2.5121,두산
2018/11/11,1.05245,두산
2018/11/12,4.77633,두산
2018/11/13,2.60622,두산
2018/11/14,0.73658,두산
2018/11/15,0.5385,두산
2018/11/16,0.43513,두산
2018/11/17,0.37818,두산
2018/11/18,0.34508,두산
2018/11/19,0.39338,두산
2018/11/20,0.38722,두산
2018/11/21,0.34806,두산
2018/11/22,0.32063,두산
2018/11/23,0.31526,두산
2018/11/24,0.26686,두산
2018/11/25,0.27531,두산
2018/11/26,0.28157,두산
2018/11/27,0.33107,두산
2018/11/28,0.28714,두산
2018/11/29,0.24678,두산
2018/11/30,0.55629,두산
2018/12/01,0.37261,두산
2018/12/02,0.28077,두산
2018/12/03,0.26726,두산
2018/12/04,0.24907,두산
2018/12/05,0.25841,두산
2018/12/06,0.26606,두산
2018/12/07,0.25265,두산
2018/12/08,0.23585,두산
2018/12/09,0.21975,두산
2018/12/10,0.30781,두산
2018/12/11,2.78871,두산
2018/12/12,0.48651,두산
2018/12/13,0.31864,두산
2018/12/14,0.22571,두산
2018/12/15,0.24251,두산
2018/12/16,0.2112,두산
2018/12/17,0.25304,두산
2018/12/18,0.2933,두산
2018/12/19,0.23009,두산
2018/12/20,0.24599,두산
2018/12/21,0.20603,두산
2018/12/22,0.18307,두산
2018/12/23,0.17781,두산
2018/12/24,0.18079,두산
2018/12/25,0.18437,두산
2018/12/26,0.25334,두산
2018/12/27,0.22044,두산
2018/12/28,0.18605,두산
2018/12/29,0.15783,두산
2018/12/30,0.17353,두산
2018/12/31,0.16876,두산
2019/01/01,0.17612,두산
2019/01/02,0.20464,두산
2019/01/03,0.20524,두산
2019/01/04,0.19798,두산
2019/01/05,0.18824,두산
2019/01/06,0.18735,두산
2019/01/07,0.2275,두산
2019/01/08,0.23287,두산
2019/01/09,0.25891,두산
2019/01/10,0.22114,두산
2019/01/11,0.24539,두산
2019/01/12,0.19669,두산
2019/01/13,0.21557,두산
2019/01/14,0.24161,두산
2019/01/15,0.44278,두산
2019/01/16,0.32053,두산
2019/01/17,0.26756,두산
2019/01/18,0.27968,두산
2019/01/19,0.27392,두산
2019/01/20,0.22054,두산
2019/01/21,0.26577,두산
2019/01/22,0.25672,두산
2019/01/23,0.2439,두산
2019/01/24,0.30105,두산
2019/01/25,0.21736,두산
2019/01/26,0.19321,두산
2019/01/27,0.18476,두산
2019/01/28,0.23327,두산
2019/01/29,0.24241,두산
2019/01/30,0.27282,두산
2019/01/31,0.28952,두산
2019/02/01,0.2772,두산
2019/02/02,0.24002,두산
2019/02/03,0.36625,두산
2019/02/04,0.309,두산
2019/02/05,0.28445,두산
2019/02/06,0.28197,두산
2019/02/07,0.38961,두산
2019/02/08,0.37211,두산
2019/02/09,0.29827,두산
2019/02/10,0.30204,두산
2019/02/11,0.35055,두산
2019/02/12,0.33773,두산
2019/02/13,0.31049,두산
2019/02/14,0.31218,두산
2019/02/15,0.32639,두산
2019/02/16,0.28704,두산
2019/02/17,0.29489,두산
2019/02/18,0.36665,두산
2019/02/19,0.35462,두산
2019/02/20,0.3743,두산
2019/02/21,0.32838,두산
2019/02/22,0.32848,두산
2019/02/23,0.30721,두산
2019/02/24,0.36715,두산
2019/02/25,0.5385,두산
2019/02/26,0.74066,두산
2019/02/27,39.18875,두산
2019/02/28,0.98526,두산
2019/03/01,0.54257,두산
2019/03/02,0.46534,두산
2019/03/03,0.43871,두산
2019/03/04,0.54138,두산
2019/03/05,0.56742,두산
2019/03/06,0.53601,두산
2019/03/07,0.4893,두산
2019/03/08,0.56155,두산
2019/03/09,0.4555,두산
2019/03/10,0.55678,두산
2019/03/11,0.64375,두산
2019/03/12,1.06179,두산
2019/03/13,3.52817,두산
2019/03/14,1.25401,두산
2019/03/15,0.74682,두산
2019/03/16,0.88338,두산
2019/03/17,0.81669,두산
2019/03/18,0.80307,두산
2019/03/19,0.82136,두산
2019/03/20,0.77902,두산
2019/03/21,0.7829,두산
2019/03/22,1.13733,두산
2019/03/23,3.48126,두산
2019/03/24,2.64628,두산
2019/03/25,1.36066,두산
2019/03/26,2.33757,두산
2019/03/27,2.43189,두산
2019/03/28,2.32346,두산
2019/03/29,1.91834,두산
2019/03/30,2.09247,두산
2019/03/31,2.08134,두산
2019/04/01,1.06586,두산
2019/04/02,1.89598,두산
2019/04/03,2.17159,두산
2019/04/04,2.29215,두산
2019/04/05,2.28728,두산
2019/04/06,2.32197,두산
2019/04/07,2.34512,두산
2019/04/08,1.0439,두산
2019/04/09,1.44971,두산
2019/04/10,1.4346,두산
2019/04/11,1.63408,두산
2019/04/12,1.90055,두산
2019/04/13,2.05291,두산
2019/04/14,1.94537,두산
2019/04/15,1.01905,두산
2019/04/16,1.91238,두산
2019/04/17,2.54878,두산
2019/04/18,2.29612,두산
2019/04/19,2.05013,두산
2019/04/20,1.89747,두산
2019/04/21,1.8593,두산
2019/04/22,1.08465,두산
2019/04/23,1.90601,두산
2019/04/24,2.08999,두산
2019/04/25,2.24524,두산
2019/04/26,2.02439,두산
2019/04/27,2.11285,두산
2019/04/28,2.49749,두산
2019/04/29,1.46124,두산
2019/04/30,1.80354,두산
2019/05/01,1.81328,두산
2019/05/02,2.0874,두산
2019/05/03,2.27903,두산
2019/05/04,2.46608,두산
2019/05/05,2.20568,두산
2019/05/06,1.03396,두산
2019/05/07,1.95332,두산
2019/05/08,1.91218,두산
2019/05/09,1.9895,두산
2019/05/10,1.97718,두산
2019/05/11,1.73785,두산
2019/05/12,1.69113,두산
2019/05/13,0.95574,두산
2019/05/14,1.85483,두산
2019/05/15,1.8764,두산
2019/05/16,1.94448,두산
2019/05/17,1.8099,두산
2019/05/18,2.25547,두산
2019/05/19,1.74749,두산
2019/05/20,0.97184,두산
2019/05/21,1.96774,두산
2019/05/22,1.83525,두산
2019/05/23,1.84747,두산
2019/05/24,2.2024,두산
2019/05/25,2.40863,두산
2019/05/26,2.01485,두산
2019/05/27,1.08067,두산
2019/05/28,1.7294,두산
2019/05/29,1.84151,두산
2019/05/30,1.84201,두산
2019/05/31,1.56371,두산
2019/06/01,1.73715,두산
2019/06/02,1.70833,두산
2019/06/03,0.87285,두산
2019/06/04,1.51392,두산
2019/06/05,1.72035,두산
2019/06/06,1.76528,두산
2019/06/07,1.6304,두산
2019/06/08,1.8107,두산
2019/06/09,1.71012,두산
2019/06/10,0.87086,두산
2019/06/11,1.40667,두산
2019/06/12,1.40349,두산
2019/06/13,1.3707,두산
2019/06/14,1.57663,두산
2019/06/15,1.78257,두산
2019/06/16,1.71528,두산
2019/06/17,0.80904,두산
2019/06/18,1.61043,두산
2019/06/19,1.51044,두산
2019/06/20,1.53201,두산
2019/06/21,1.50895,두산
2019/06/22,1.321,두산
2019/06/23,1.38213,두산
2019/06/24,0.82703,두산
2019/06/25,1.43759,두산
2019/06/26,1.15303,두산
2019/06/27,1.1737,두산
2019/06/28,1.32378,두산
2019/06/29,1.46263,두산
2019/06/30,1.40648,두산
2019/07/01,0.67983,두산
2019/07/02,1.19885,두산
2019/07/03,1.19368,두산
2019/07/04,1.18344,두산
2019/07/05,1.44216,두산
2019/07/06,1.46263,두산
2019/07/07,1.80305,두산
2019/07/08,0.89382,두산
2019/07/09,1.25719,두산
2019/07/10,0.9458,두산
2019/07/11,1.18006,두산
2019/07/12,1.34972,두산
2019/07/13,1.32199,두산
2019/07/14,1.29953,두산
2019/07/15,0.72525,두산
2019/07/16,1.30162,두산
2019/07/17,1.53986,두산
2019/07/18,1.41522,두산
2019/07/19,0.87424,두산
2019/07/20,0.49297,두산
2019/07/21,0.49774,두산
2019/07/22,0.44586,두산
2019/07/23,0.46534,두산
2019/07/24,0.47558,두산
2019/07/25,0.44745,두산
2019/07/26,0.95087,두산
2019/07/27,1.13504,두산
2019/07/28,1.12212,두산
2019/07/29,0.59525,두산
2019/07/30,0.9452,두산
2019/07/31,0.95574,두산
2019/08/01,1.0923,두산
2019/08/02,0.80059,두산
2019/08/03,0.87652,두산
2019/08/04,1.06984,두산
2019/08/05,0.68649,두산
2019/08/06,1.12301,두산
2019/08/07,1.21097,두산
2019/08/08,1.10512,두산
2019/08/09,1.12659,두산
2019/08/10,1.11317,두산
2019/08/11,1.14428,두산
2019/08/12,0.65458,두산
2019/08/13,1.05861,두산
2019/08/14,1.14478,두산
2019/08/15,1.1089,두산
2019/08/16,1.18116,두산
2019/08/17,1.33283,두산
2019/08/18,1.32607,두산
2019/08/19,0.68907,두산
2019/08/20,1.00106,두산
2019/08/21,1.02293,두산
2019/08/22,1.08147,두산
2019/08/23,1.23662,두산
2019/08/24,1.27439,두산
2019/08/25,1.23821,두산
2019/08/26,0.91827,두산
2019/08/27,1.31702,두산
2019/08/28,1.56053,두산
2019/08/29,1.65803,두산
2019/08/30,1.39336,두산
2019/08/31,1.64561,두산
2019/09/01,1.57723,두산
2019/09/02,0.87265,두산
2019/09/03,1.26415,두산
2019/09/04,0.91896,두산
2019/09/05,0.76262,두산
2019/09/06,1.10741,두산
2019/09/07,0.74314,두산
2019/09/08,1.13693,두산
2019/09/09,0.61244,두산
2019/09/10,0.93308,두산
2019/09/11,1.20839,두산
2019/09/12,1.27627,두산
2019/09/13,1.22181,두산
2019/09/14,1.5502,두산
2019/09/15,1.47197,두산
2019/09/16,1.43957,두산
2019/09/17,1.11814,두산
2019/09/18,1.03346,두산
2019/09/19,2.15658,두산
2019/09/20,1.87143,두산
2019/09/21,1.96436,두산
2019/09/22,2.17208,두산
2019/09/23,1.00712,두산
2019/09/24,1.92768,두산
2019/09/25,2.11493,두산
2019/09/26,2.12308,두산
2019/09/27,1.38521,두산
2019/09/28,3.32502,두산
2019/09/29,3.34142,두산
2019/09/30,2.29503,두산
2019/10/01,9.18034,두산
2017/03/01,3.18471,LG
2017/03/02,0,LG
2017/03/03,0,LG
2017/03/04,0,LG
2017/03/05,3.18471,LG
2017/03/06,4.45859,LG
2017/03/07,8.91719,LG
2017/03/08,3.18471,LG
2017/03/09,31.21019,LG
2017/03/10,12.73885,LG
2017/03/11,4.45859,LG
2017/03/12,5.09554,LG
2017/03/13,8.91719,LG
2017/03/14,14.01273,LG
2017/03/15,12.73885,LG
2017/03/16,10.82802,LG
2017/03/17,5.09554,LG
2017/03/18,7.64331,LG
2017/03/19,6.36942,LG
2017/03/20,5.09554,LG
2017/03/21,19.74522,LG
2017/03/22,19.10828,LG
2017/03/23,8.91719,LG
2017/03/24,17.19745,LG
2017/03/25,13.37579,LG
2017/03/26,21.65605,LG
2017/03/27,12.73885,LG
2017/03/28,7.00636,LG
2017/03/29,13.37579,LG
2017/03/30,11.46496,LG
2017/03/31,33.75796,LG
2017/04/01,30.57324,LG
2017/04/02,38.21656,LG
2017/04/03,31.21019,LG
2017/04/04,63.69426,LG
2017/04/05,46.49681,LG
2017/04/06,63.05732,LG
2017/04/07,64.33121,LG
2017/04/08,74.52229,LG
2017/04/09,56.05095,LG
2017/04/10,31.21019,LG
2017/04/11,40.12738,LG
2017/04/12,38.8535,LG
2017/04/13,40.76433,LG
2017/04/14,47.7707,LG
2017/04/15,68.7898,LG
2017/04/16,50.95541,LG
2017/04/17,26.75159,LG
2017/04/18,54.77707,LG
2017/04/19,46.49681,LG
2017/04/20,36.30573,LG
2017/04/21,57.32484,LG
2017/04/22,57.32484,LG
2017/04/23,57.32484,LG
2017/04/24,35.03184,LG
2017/04/25,46.49681,LG
2017/04/26,33.75796,LG
2017/04/27,43.3121,LG
2017/04/28,49.68152,LG
2017/04/29,45.22292,LG
2017/04/30,38.8535,LG
2017/05/01,26.75159,LG
2017/05/02,42.67515,LG
2017/05/03,53.50318,LG
2017/05/04,64.33121,LG
2017/05/05,54.77707,LG
2017/05/06,57.32484,LG
2017/05/07,48.40764,LG
2017/05/08,34.3949,LG
2017/05/09,42.03821,LG
2017/05/10,40.76433,LG
2017/05/11,53.50318,LG
2017/05/12,66.24203,LG
2017/05/13,59.23566,LG
2017/05/14,52.86624,LG
2017/05/15,25.4777,LG
2017/05/16,45.85987,LG
2017/05/17,40.12738,LG
2017/05/18,49.68152,LG
2017/05/19,48.40764,LG
2017/05/20,45.22292,LG
2017/05/21,43.3121,LG
2017/05/22,27.38853,LG
2017/05/23,36.30573,LG
2017/05/24,39.49044,LG
2017/05/25,42.67515,LG
2017/05/26,38.21656,LG
2017/05/27,56.05095,LG
2017/05/28,61.78343,LG
2017/05/29,31.84713,LG
2017/05/30,64.96815,LG
2017/05/31,48.40764,LG
2017/06/01,42.03821,LG
2017/06/02,41.40127,LG
2017/06/03,40.76433,LG
2017/06/04,45.85987,LG
2017/06/05,32.48407,LG
2017/06/06,22.92993,LG
2017/06/07,26.11464,LG
2017/06/08,35.66878,LG
2017/06/09,33.75796,LG
2017/06/10,50.95541,LG
2017/06/11,54.14012,LG
2017/06/12,20.38216,LG
2017/06/13,42.67515,LG
2017/06/14,37.57961,LG
2017/06/15,45.22292,LG
2017/06/16,49.04458,LG
2017/06/17,33.12101,LG
2017/06/18,52.86624,LG
2017/06/19,28.66242,LG
2017/06/20,46.49681,LG
2017/06/21,58.59872,LG
2017/06/22,46.49681,LG
2017/06/23,38.21656,LG
2017/06/24,22.92993,LG
2017/06/25,26.75159,LG
2017/06/26,15.28662,LG
2017/06/27,33.75796,LG
2017/06/28,64.33121,LG
2017/06/29,28.66242,LG
2017/06/30,33.12101,LG
2017/07/01,31.21019,LG
2017/07/02,43.94904,LG
2017/07/03,22.92993,LG
2017/07/04,22.92993,LG
2017/07/05,21.65605,LG
2017/07/06,20.38216,LG
2017/07/07,26.75159,LG
2017/07/08,39.49044,LG
2017/07/09,43.94904,LG
2017/07/10,26.11464,LG
2017/07/11,33.75796,LG
2017/07/12,21.65605,LG
2017/07/13,27.38853,LG
2017/07/14,19.74522,LG
2017/07/15,10.82802,LG
2017/07/16,12.10191,LG
2017/07/17,12.73885,LG
2017/07/18,41.40127,LG
2017/07/19,30.57324,LG
2017/07/20,20.38216,LG
2017/07/21,30.57324,LG
2017/07/22,19.10828,LG
2017/07/23,21.65605,LG
2017/07/24,17.83439,LG
2017/07/25,26.11464,LG
2017/07/26,28.02547,LG
2017/07/27,24.84076,LG
2017/07/28,26.11464,LG
2017/07/29,22.29299,LG
2017/07/30,29.9363,LG
2017/07/31,24.84076,LG
2017/08/01,32.48407,LG
2017/08/02,31.21019,LG
2017/08/03,33.12101,LG
2017/08/04,31.21019,LG
2017/08/05,38.21656,LG
2017/08/06,35.03184,LG
2017/08/07,29.29936,LG
2017/08/08,26.11464,LG
2017/08/09,29.29936,LG
2017/08/10,30.57324,LG
2017/08/11,32.48407,LG
2017/08/12,26.75159,LG
2017/08/13,19.74522,LG
2017/08/14,20.38216,LG
2017/08/15,22.29299,LG
2017/08/16,14.64968,LG
2017/08/17,29.9363,LG
2017/08/18,22.29299,LG
2017/08/19,29.9363,LG
2017/08/20,15.92356,LG
2017/08/21,12.73885,LG
2017/08/22,25.4777,LG
2017/08/23,15.92356,LG
2017/08/24,25.4777,LG
2017/08/25,18.47133,LG
2017/08/26,29.29936,LG
2017/08/27,31.21019,LG
2017/08/28,12.73885,LG
2017/08/29,24.20382,LG
2017/08/30,22.29299,LG
2017/08/31,22.92993,LG
2017/09/01,34.3949,LG
2017/09/02,32.48407,LG
2017/09/03,18.47133,LG
2017/09/04,17.19745,LG
2017/09/05,22.29299,LG
2017/09/06,14.64968,LG
2017/09/07,20.38216,LG
2017/09/08,28.02547,LG
2017/09/09,33.75796,LG
2017/09/10,28.66242,LG
2017/09/11,14.01273,LG
2017/09/12,27.38853,LG
2017/09/13,15.92356,LG
2017/09/14,29.9363,LG
2017/09/15,33.12101,LG
2017/09/16,31.21019,LG
2017/09/17,29.9363,LG
2017/09/18,17.83439,LG
2017/09/19,28.66242,LG
2017/09/20,38.8535,LG
2017/09/21,32.48407,LG
2017/09/22,28.66242,LG
2017/09/23,32.48407,LG
2017/09/24,35.66878,LG
2017/09/25,21.65605,LG
2017/09/26,33.12101,LG
2017/09/27,14.01273,LG
2017/09/28,22.29299,LG
2017/09/29,36.30573,LG
2017/09/30,37.57961,LG
2017/10/01,22.29299,LG
2017/10/02,7.64331,LG
2017/10/03,47.13375,LG
2017/10/04,23.56687,LG
2017/10/05,16.5605,LG
2017/10/06,12.73885,LG
2017/10/07,15.92356,LG
2017/10/08,12.73885,LG
2017/10/09,20.38216,LG
2017/10/10,8.91719,LG
2017/10/11,6.36942,LG
2017/10/12,3.18471,LG
2017/10/13,8.91719,LG
2017/10/14,11.46496,LG
2017/10/15,10.82802,LG
2017/10/16,6.36942,LG
2017/10/17,10.19108,LG
2017/10/18,6.36942,LG
2017/10/19,14.64968,LG
2017/10/20,28.66242,LG
2017/10/21,14.01273,LG
2017/10/22,7.64331,LG
2017/10/23,4.45859,LG
2017/10/24,5.09554,LG
2017/10/25,7.00636,LG
2017/10/26,15.28662,LG
2017/10/27,5.73248,LG
2017/10/28,6.36942,LG
2017/10/29,6.36942,LG
2017/10/30,19.10828,LG
2017/10/31,10.19108,LG
2017/11/01,11.46496,LG
2017/11/02,12.73885,LG
2017/11/03,0,LG
2017/11/04,0,LG
2017/11/05,5.09554,LG
2017/11/06,11.46496,LG
2017/11/07,7.00636,LG
2017/11/08,5.09554,LG
2017/11/09,4.45859,LG
2017/11/10,0,LG
2017/11/11,7.00636,LG
2017/11/12,4.45859,LG
2017/11/13,10.19108,LG
2017/11/14,3.18471,LG
2017/11/15,0,LG
2017/11/16,4.45859,LG
2017/11/17,0,LG
2017/11/18,5.73248,LG
2017/11/19,8.28025,LG
2017/11/20,8.28025,LG
2017/11/21,12.73885,LG
2017/11/22,60.50955,LG
2017/11/23,17.19745,LG
2017/11/24,10.19108,LG
2017/11/25,10.82802,LG
2017/11/26,22.29299,LG
2017/11/27,13.37579,LG
2017/11/28,29.9363,LG
2017/11/29,9.55414,LG
2017/11/30,10.82802,LG
2017/12/01,5.73248,LG
2017/12/02,5.09554,LG
2017/12/03,7.64331,LG
2017/12/04,8.91719,LG
2017/12/05,6.36942,LG
2017/12/06,5.09554,LG
2017/12/07,3.82165,LG
2017/12/08,5.09554,LG
2017/12/09,5.73248,LG
2017/12/10,4.45859,LG
2017/12/11,9.55414,LG
2017/12/12,6.36942,LG
2017/12/13,3.82165,LG
2017/12/14,3.18471,LG
2017/12/15,0,LG
2017/12/16,0,LG
2017/12/17,0,LG
2017/12/18,0,LG
2017/12/19,29.9363,LG
2017/12/20,6.36942,LG
2017/12/21,6.36942,LG
2017/12/22,26.11464,LG
2017/12/23,15.92356,LG
2017/12/24,10.82802,LG
2017/12/25,7.00636,LG
2017/12/26,5.09554,LG
2017/12/27,7.64331,LG
2017/12/28,0,LG
2017/12/29,3.82165,LG
2017/12/30,0,LG
2017/12/31,0,LG
2018/01/01,3.18471,LG
2018/01/02,3.18471,LG
2018/01/03,0,LG
2018/01/04,5.09554,LG
2018/01/05,7.64331,LG
2018/01/06,0,LG
2018/01/07,0,LG
2018/01/08,0,LG
2018/01/09,0,LG
2018/01/10,0,LG
2018/01/11,3.18471,LG
2018/01/12,0,LG
2018/01/13,0,LG
2018/01/14,0,LG
2018/01/15,0,LG
2018/01/16,0,LG
2018/01/17,0,LG
2018/01/18,3.82165,LG
2018/01/19,0,LG
2018/01/20,0,LG
2018/01/21,0,LG
2018/01/22,0,LG
2018/01/23,0,LG
2018/01/24,0,LG
2018/01/25,0,LG
2018/01/26,0,LG
2018/01/27,0,LG
2018/01/28,3.82165,LG
2018/01/29,0,LG
2018/01/30,0,LG
2018/01/31,0,LG
2018/02/01,0,LG
2018/02/02,3.18471,LG
2018/02/03,0,LG
2018/02/04,0,LG
2018/02/05,0,LG
2018/02/06,3.82165,LG
2018/02/07,3.18471,LG
2018/02/08,3.18471,LG
2018/02/09,0,LG
2018/02/10,0,LG
2018/02/11,0,LG
2018/02/12,7.64331,LG
2018/02/13,0,LG
2018/02/14,0,LG
2018/02/15,0,LG
2018/02/16,0,LG
2018/02/17,0,LG
2018/02/18,0,LG
2018/02/19,3.18471,LG
2018/02/20,0,LG
2018/02/21,0,LG
2018/02/22,9.55414,LG
2018/02/23,3.82165,LG
2018/02/24,0,LG
2018/02/25,0,LG
2018/02/26,3.18471,LG
2018/02/27,0,LG
2018/02/28,3.82165,LG
2018/03/01,5.09554,LG
2018/03/02,0,LG
2018/03/03,5.09554,LG
2018/03/04,0,LG
2018/03/05,4.45859,LG
2018/03/06,17.19745,LG
2018/03/07,5.09554,LG
2018/03/08,0,LG
2018/03/09,0,LG
2018/03/10,0,LG
2018/03/11,3.82165,LG
2018/03/12,10.19108,LG
2018/03/13,9.55414,LG
2018/03/14,0,LG
2018/03/15,3.18471,LG
2018/03/16,3.82165,LG
2018/03/17,8.91719,LG
2018/03/18,7.00636,LG
2018/03/19,3.18471,LG
2018/03/20,7.64331,LG
2018/03/21,13.37579,LG
2018/03/22,10.19108,LG
2018/03/23,8.28025,LG
2018/03/24,17.83439,LG
2018/03/25,15.92356,LG
2018/03/26,8.28025,LG
2018/03/27,21.0191,LG
2018/03/28,17.19745,LG
2018/03/29,17.19745,LG
2018/03/30,17.19745,LG
2018/03/31,32.48407,LG
2018/04/01,48.40764,LG
2018/04/02,28.02547,LG
2018/04/03,31.84713,LG
2018/04/04,34.3949,LG
2018/04/05,18.47133,LG
2018/04/06,28.02547,LG
2018/04/07,27.38853,LG
2018/04/08,28.66242,LG
2018/04/09,17.83439,LG
2018/04/10,33.75796,LG
2018/04/11,29.9363,LG
2018/04/12,40.12738,LG
2018/04/13,27.38853,LG
2018/04/14,36.94267,LG
2018/04/15,47.7707,LG
2018/04/16,34.3949,LG
2018/04/17,38.21656,LG
2018/04/18,50.31847,LG
2018/04/19,98.08917,LG
2018/04/20,46.49681,LG
2018/04/21,39.49044,LG
2018/04/22,51.59235,LG
2018/04/23,31.21019,LG
2018/04/24,57.96178,LG
2018/04/25,76.43312,LG
2018/04/26,61.78343,LG
2018/04/27,51.59235,LG
2018/04/28,66.24203,LG
2018/04/29,63.05732,LG
2018/04/30,37.57961,LG
2018/05/01,67.51592,LG
2018/05/02,50.95541,LG
2018/05/03,48.40764,LG
2018/05/04,61.14649,LG
2018/05/05,64.96815,LG
2018/05/06,59.23566,LG
2018/05/07,35.03184,LG
2018/05/08,77.07006,LG
2018/05/09,66.87898,LG
2018/05/10,49.68152,LG
2018/05/11,59.87261,LG
2018/05/12,29.9363,LG
2018/05/13,35.66878,LG
2018/05/14,35.66878,LG
2018/05/15,49.04458,LG
2018/05/16,32.48407,LG
2018/05/17,27.38853,LG
2018/05/18,64.33121,LG
2018/05/19,59.87261,LG
2018/05/20,53.50318,LG
2018/05/21,40.12738,LG
2018/05/22,48.40764,LG
2018/05/23,51.59235,LG
2018/05/24,44.58598,LG
2018/05/25,48.40764,LG
2018/05/26,28.66242,LG
2018/05/27,26.11464,LG
2018/05/28,22.29299,LG
2018/05/29,39.49044,LG
2018/05/30,38.8535,LG
2018/05/31,46.49681,LG
2018/06/01,52.86624,LG
2018/06/02,61.14649,LG
2018/06/03,64.33121,LG
2018/06/04,37.57961,LG
2018/06/05,85.98726,LG
2018/06/06,63.69426,LG
2018/06/07,66.24203,LG
2018/06/08,52.86624,LG
2018/06/09,54.14012,LG
2018/06/10,68.7898,LG
2018/06/11,26.11464,LG
2018/06/12,47.7707,LG
2018/06/13,47.13375,LG
2018/06/14,50.95541,LG
2018/06/15,49.68152,LG
2018/06/16,49.04458,LG
2018/06/17,62.42038,LG
2018/06/18,28.02547,LG
2018/06/19,36.94267,LG
2018/06/20,40.12738,LG
2018/06/21,49.04458,LG
2018/06/22,61.14649,LG
2018/06/23,66.87898,LG
2018/06/24,73.88535,LG
2018/06/25,31.21019,LG
2018/06/26,36.30573,LG
2018/06/27,40.76433,LG
2018/06/28,25.4777,LG
2018/06/29,35.66878,LG
2018/06/30,41.40127,LG
2018/07/01,26.11464,LG
2018/07/02,10.82802,LG
2018/07/03,57.32484,LG
2018/07/04,32.48407,LG
2018/07/05,30.57324,LG
2018/07/06,38.21656,LG
2018/07/07,33.75796,LG
2018/07/08,29.29936,LG
2018/07/09,21.0191,LG
2018/07/10,31.84713,LG
2018/07/11,31.21019,LG
2018/07/12,38.8535,LG
2018/07/13,17.83439,LG
2018/07/14,11.46496,LG
2018/07/15,15.92356,LG
2018/07/16,15.28662,LG
2018/07/17,38.8535,LG
2018/07/18,29.29936,LG
2018/07/19,33.12101,LG
2018/07/20,25.4777,LG
2018/07/21,48.40764,LG
2018/07/22,44.58598,LG
2018/07/23,16.5605,LG
2018/07/24,23.56687,LG
2018/07/25,17.83439,LG
2018/07/26,29.29936,LG
2018/07/27,35.03184,LG
2018/07/28,31.21019,LG
2018/07/29,33.75796,LG
2018/07/30,24.84076,LG
2018/07/31,22.92993,LG
2018/08/01,46.49681,LG
2018/08/02,48.40764,LG
2018/08/03,37.57961,LG
2018/08/04,36.30573,LG
2018/08/05,28.66242,LG
2018/08/06,18.47133,LG
2018/08/07,36.94267,LG
2018/08/08,47.7707,LG
2018/08/09,57.32484,LG
2018/08/10,56.68789,LG
2018/08/11,40.76433,LG
2018/08/12,42.03821,LG
2018/08/13,27.38853,LG
2018/08/14,36.94267,LG
2018/08/15,31.21019,LG
2018/08/16,26.11464,LG
2018/08/17,14.64968,LG
2018/08/18,10.82802,LG
2018/08/19,5.09554,LG
2018/08/20,6.36942,LG
2018/08/21,3.18471,LG
2018/08/22,7.64331,LG
2018/08/23,3.82165,LG
2018/08/24,3.18471,LG
2018/08/25,0,LG
2018/08/26,8.28025,LG
2018/08/27,8.91719,LG
2018/08/28,6.36942,LG
2018/08/29,5.09554,LG
2018/08/30,0,LG
2018/08/31,0,LG
2018/09/01,0,LG
2018/09/02,0,LG
2018/09/03,8.91719,LG
2018/09/04,15.28662,LG
2018/09/05,13.37579,LG
2018/09/06,15.28662,LG
2018/09/07,8.28025,LG
2018/09/08,9.55414,LG
2018/09/09,37.57961,LG
2018/09/10,40.76433,LG
2018/09/11,18.47133,LG
2018/09/12,18.47133,LG
2018/09/13,15.92356,LG
2018/09/14,12.10191,LG
2018/09/15,12.73885,LG
2018/09/16,12.73885,LG
2018/09/17,14.01273,LG
2018/09/18,21.0191,LG
2018/09/19,25.4777,LG
2018/09/20,29.9363,LG
2018/09/21,33.75796,LG
2018/09/22,28.02547,LG
2018/09/23,29.9363,LG
2018/09/24,12.73885,LG
2018/09/25,28.02547,LG
2018/09/26,31.84713,LG
2018/09/27,34.3949,LG
2018/09/28,33.75796,LG
2018/09/29,72.61146,LG
2018/09/30,100.0,LG
2018/10/01,38.21656,LG
2018/10/02,51.59235,LG
2018/10/03,54.77707,LG
2018/10/04,27.38853,LG
2018/10/05,7.64331,LG
2018/10/06,31.21019,LG
2018/10/07,26.75159,LG
2018/10/08,13.37579,LG
2018/10/09,21.0191,LG
2018/10/10,14.01273,LG
2018/10/11,7.64331,LG
2018/10/12,7.00636,LG
2018/10/13,16.5605,LG
2018/10/14,15.92356,LG
2018/10/15,10.19108,LG
2018/10/16,8.91719,LG
2018/10/17,5.09554,LG
2018/10/18,0,LG
2018/10/19,23.56687,LG
2018/10/20,5.09554,LG
2018/10/21,10.19108,LG
2018/10/22,11.46496,LG
2018/10/23,14.64968,LG
2018/10/24,14.64968,LG
2018/10/25,11.46496,LG
2018/10/26,3.18471,LG
2018/10/27,0,LG
2018/10/28,4.45859,LG
2018/10/29,6.36942,LG
2018/10/30,3.18471,LG
2018/10/31,3.18471,LG
2018/11/01,4.45859,LG
2018/11/02,8.28025,LG
2018/11/03,7.64331,LG
2018/11/04,10.82802,LG
2018/11/05,8.28025,LG
2018/11/06,8.28025,LG
2018/11/07,5.73248,LG
2018/11/08,7.00636,LG
2018/11/09,3.82165,LG
2018/11/10,0,LG
2018/11/11,4.45859,LG
2018/11/12,12.10191,LG
2018/11/13,8.28025,LG
2018/11/14,7.64331,LG
2018/11/15,3.18471,LG
2018/11/16,3.82165,LG
2018/11/17,0,LG
2018/11/18,3.18471,LG
2018/11/19,0,LG
2018/11/20,3.18471,LG
2018/11/21,5.73248,LG
2018/11/22,0,LG
2018/11/23,0,LG
2018/11/24,0,LG
2018/11/25,0,LG
2018/11/26,0,LG
2018/11/27,0,LG
2018/11/28,0,LG
2018/11/29,3.18471,LG
2018/11/30,3.82165,LG
2018/12/01,3.18471,LG
2018/12/02,0,LG
2018/12/03,3.18471,LG
2018/12/04,5.09554,LG
2018/12/05,0,LG
2018/12/06,3.18471,LG
2018/12/07,0,LG
2018/12/08,0,LG
2018/12/09,7.00636,LG
2018/12/10,3.18471,LG
2018/12/11,0,LG
2018/12/12,0,LG
2018/12/13,0,LG
2018/12/14,0,LG
2018/12/15,0,LG
2018/12/16,0,LG
2018/12/17,0,LG
2018/12/18,0,LG
2018/12/19,0,LG
2018/12/20,0,LG
2018/12/21,0,LG
2018/12/22,0,LG
2018/12/23,0,LG
2018/12/24,0,LG
2018/12/25,0,LG
2018/12/26,0,LG
2018/12/27,0,LG
2018/12/28,0,LG
2018/12/29,0,LG
2018/12/30,0,LG
2018/12/31,0,LG
2019/01/01,0,LG
2019/01/02,0,LG
2019/01/03,0,LG
2019/01/04,0,LG
2019/01/05,0,LG
2019/01/06,0,LG
2019/01/07,0,LG
2019/01/08,3.82165,LG
2019/01/09,0,LG
2019/01/10,0,LG
2019/01/11,0,LG
2019/01/12,0,LG
2019/01/13,0,LG
2019/01/14,0,LG
2019/01/15,0,LG
2019/01/16,4.45859,LG
2019/01/17,0,LG
2019/01/18,0,LG
2019/01/19,4.45859,LG
2019/01/20,0,LG
2019/01/21,3.82165,LG
2019/01/22,3.82165,LG
2019/01/23,0,LG
2019/01/24,0,LG
2019/01/25,0,LG
2019/01/26,0,LG
2019/01/27,0,LG
2019/01/28,0,LG
2019/01/29,0,LG
2019/01/30,0,LG
2019/01/31,0,LG
2019/02/01,0,LG
2019/02/02,0,LG
2019/02/03,0,LG
2019/02/04,0,LG
2019/02/05,0,LG
2019/02/06,0,LG
2019/02/07,4.45859,LG
2019/02/08,0,LG
2019/02/09,0,LG
2019/02/10,0,LG
2019/02/11,3.82165,LG
2019/02/12,19.74522,LG
2019/02/13,3.18471,LG
2019/02/14,0,LG
2019/02/15,0,LG
2019/02/16,0,LG
2019/02/17,0,LG
2019/02/18,0,LG
2019/02/19,0,LG
2019/02/20,0,LG
2019/02/21,0,LG
2019/02/22,0,LG
2019/02/23,0,LG
2019/02/24,11.46496,LG
2019/02/25,4.45859,LG
2019/02/26,7.00636,LG
2019/02/27,7.64331,LG
2019/02/28,4.45859,LG
2019/03/01,0,LG
2019/03/02,0,LG
2019/03/03,3.18471,LG
2019/03/04,0,LG
2019/03/05,4.45859,LG
2019/03/06,0,LG
2019/03/07,0,LG
2019/03/08,0,LG
2019/03/09,0,LG
2019/03/10,3.18471,LG
2019/03/11,0,LG
2019/03/12,3.18471,LG
2019/03/13,0,LG
2019/03/14,11.46496,LG
2019/03/15,3.18471,LG
2019/03/16,0,LG
2019/03/17,4.45859,LG
2019/03/18,3.82165,LG
2019/03/19,11.46496,LG
2019/03/20,0,LG
2019/03/21,3.18471,LG
2019/03/22,5.09554,LG
2019/03/23,24.84076,LG
2019/03/24,23.56687,LG
2019/03/25,13.37579,LG
2019/03/26,22.92993,LG
2019/03/27,21.0191,LG
2019/03/28,23.56687,LG
2019/03/29,43.3121,LG
2019/03/30,38.21656,LG
2019/03/31,46.49681,LG
2019/04/01,28.02547,LG
2019/04/02,35.66878,LG
2019/04/03,24.84076,LG
2019/04/04,41.40127,LG
2019/04/05,45.85987,LG
2019/04/06,31.21019,LG
2019/04/07,29.9363,LG
2019/04/08,15.92356,LG
2019/04/09,19.74522,LG
2019/04/10,31.84713,LG
2019/04/11,42.03821,LG
2019/04/12,41.40127,LG
2019/04/13,43.94904,LG
2019/04/14,29.29936,LG
2019/04/15,31.84713,LG
2019/04/16,33.12101,LG
2019/04/17,37.57961,LG
2019/04/18,33.12101,LG
2019/04/19,35.03184,LG
2019/04/20,34.3949,LG
2019/04/21,13.37579,LG
2019/04/22,30.57324,LG
2019/04/23,47.13375,LG
2019/04/24,44.58598,LG
2019/04/25,30.57324,LG
2019/04/26,19.74522,LG
2019/04/27,31.21019,LG
2019/04/28,51.59235,LG
2019/04/29,29.9363,LG
2019/04/30,61.14649,LG
2019/05/01,56.05095,LG
2019/05/02,78.98089,LG
2019/05/03,68.7898,LG
2019/05/04,53.50318,LG
2019/05/05,44.58598,LG
2019/05/06,17.83439,LG
2019/05/07,53.50318,LG
2019/05/08,43.94904,LG
2019/05/09,38.21656,LG
2019/05/10,51.59235,LG
2019/05/11,39.49044,LG
2019/05/12,41.40127,LG
2019/05/13,22.92993,LG
2019/05/14,42.67515,LG
2019/05/15,44.58598,LG
2019/05/16,40.12738,LG
2019/05/17,46.49681,LG
2019/05/18,38.8535,LG
2019/05/19,18.47133,LG
2019/05/20,15.28662,LG
2019/05/21,29.29936,LG
2019/05/22,29.29936,LG
2019/05/23,31.84713,LG
2019/05/24,37.57961,LG
2019/05/25,42.67515,LG
2019/05/26,17.83439,LG
2019/05/27,10.82802,LG
2019/05/28,17.83439,LG
2019/05/29,13.37579,LG
2019/05/30,21.0191,LG
2019/05/31,26.11464,LG
2019/06/01,46.49681,LG
2019/06/02,35.66878,LG
2019/06/03,12.73885,LG
2019/06/04,40.12738,LG
2019/06/05,25.4777,LG
2019/06/06,46.49681,LG
2019/06/07,37.57961,LG
2019/06/08,30.57324,LG
2019/06/09,31.21019,LG
2019/06/10,12.10191,LG
2019/06/11,42.03821,LG
2019/06/12,34.3949,LG
2019/06/13,47.13375,LG
2019/06/14,28.02547,LG
2019/06/15,36.94267,LG
2019/06/16,38.8535,LG
2019/06/17,21.65605,LG
2019/06/18,25.4777,LG
2019/06/19,26.75159,LG
2019/06/20,35.03184,LG
2019/06/21,50.95541,LG
2019/06/22,39.49044,LG
2019/06/23,45.22292,LG
2019/06/24,17.83439,LG
2019/06/25,42.67515,LG
2019/06/26,40.76433,LG
2019/06/27,33.12101,LG
2019/06/28,22.92993,LG
2019/06/29,29.9363,LG
2019/06/30,29.29936,LG
2019/07/01,17.19745,LG
2019/07/02,28.66242,LG
2019/07/03,41.40127,LG
2019/07/04,31.21019,LG
2019/07/05,32.48407,LG
2019/07/06,26.75159,LG
2019/07/07,34.3949,LG
2019/07/08,19.10828,LG
2019/07/09,47.7707,LG
2019/07/10,20.38216,LG
2019/07/11,34.3949,LG
2019/07/12,40.76433,LG
2019/07/13,14.01273,LG
2019/07/14,16.5605,LG
2019/07/15,8.91719,LG
2019/07/16,14.01273,LG
2019/07/17,16.5605,LG
2019/07/18,19.10828,LG
2019/07/19,11.46496,LG
2019/07/20,5.09554,LG
2019/07/21,3.18471,LG
2019/07/22,8.91719,LG
2019/07/23,7.00636,LG
2019/07/24,5.73248,LG
2019/07/25,7.64331,LG
2019/07/26,16.5605,LG
2019/07/27,8.28025,LG
2019/07/28,25.4777,LG
2019/07/29,15.92356,LG
2019/07/30,11.46496,LG
2019/07/31,26.11464,LG
2019/08/01,14.01273,LG
2019/08/02,20.38216,LG
2019/08/03,26.75159,LG
2019/08/04,22.29299,LG
2019/08/05,17.83439,LG
2019/08/06,13.37579,LG
2019/08/07,19.74522,LG
2019/08/08,17.19745,LG
2019/08/09,21.65605,LG
2019/08/10,16.5605,LG
2019/08/11,19.74522,LG
2019/08/12,10.19108,LG
2019/08/13,15.92356,LG
2019/08/14,16.5605,LG
2019/08/15,14.01273,LG
2019/08/16,14.64968,LG
2019/08/17,19.10828,LG
2019/08/18,12.10191,LG
2019/08/19,5.73248,LG
2019/08/20,21.0191,LG
2019/08/21,21.65605,LG
2019/08/22,19.10828,LG
2019/08/23,21.0191,LG
2019/08/24,22.29299,LG
2019/08/25,17.83439,LG
2019/08/26,17.19745,LG
2019/08/27,17.19745,LG
2019/08/28,21.0191,LG
2019/08/29,22.92993,LG
2019/08/30,22.29299,LG
2019/08/31,21.0191,LG
2019/09/01,21.65605,LG
2019/09/02,12.10191,LG
2019/09/03,22.92993,LG
2019/09/04,5.09554,LG
2019/09/05,10.19108,LG
2019/09/06,11.46496,LG
2019/09/07,12.73885,LG
2019/09/08,21.65605,LG
2019/09/09,5.73248,LG
2019/09/10,12.10191,LG
2019/09/11,7.00636,LG
2019/09/12,17.83439,LG
2019/09/13,18.47133,LG
2019/09/14,26.11464,LG
2019/09/15,22.92993,LG
2019/09/16,20.38216,LG
2019/09/17,16.5605,LG
2019/09/18,14.64968,LG
2019/09/19,9.55414,LG
2019/09/20,8.91719,LG
2019/09/21,11.46496,LG
2019/09/22,25.4777,LG
2019/09/23,27.38853,LG
2019/09/24,16.5605,LG
2019/09/25,22.29299,LG
2019/09/26,24.20382,LG
2019/09/27,29.29936,LG
2019/09/28,26.11464,LG
2019/09/29,26.75159,LG
2019/09/30,36.30573,LG
2019/10/01,21.0191,LG
