date,weekday,datename,weekend,행정구,맑음,눈/비,min_c,max_c,MSRSTE_NM,NO2,O3,CO,SO2,PM10,PM25
2017/01/01,Sunday,신정,1.0,송파구,1.0,0.0,-2.0,7.0,송파구,0.04,0.004,1.2,0.005,64.0,49.0
2017/01/02,Monday,,,송파구,0.0,1.0,2.0,9.0,송파구,0.037000000000000005,0.017,1.0,0.005,93.0,64.0
2017/01/03,Tuesday,,,송파구,1.0,0.0,-2.0,8.0,송파구,0.038,0.017,0.9,0.006,76.0,47.0
2017/01/04,Wednesday,,,송파구,1.0,0.0,1.0,9.0,송파구,0.047,0.008,1.1,0.006,55.0,33.0
2017/01/05,Thursday,,,송파구,1.0,0.0,0.0,7.0,송파구,0.032,0.014,0.8,0.006,31.0,19.0
2017/01/06,Friday,,,송파구,1.0,0.0,3.0,11.0,송파구,0.032,0.016,0.6,0.005,22.0,13.0
2017/01/07,Saturday,,1.0,송파구,1.0,0.0,0.0,11.0,송파구,0.044,0.005,1.0,0.006,48.0,31.0
2017/01/08,Sunday,,1.0,송파구,0.0,1.0,4.0,11.0,송파구,0.032,0.017,0.7,0.004,28.0,20.0
2017/01/09,Monday,,,송파구,0.0,1.0,-3.0,4.0,송파구,0.02,0.032,0.7,0.005,57.0,41.0
2017/01/10,Tuesday,,,송파구,1.0,0.0,-7.0,1.0,송파구,0.018000000000000002,0.027000000000000003,0.4,0.005,30.0,13.0
2017/01/11,Wednesday,,,송파구,1.0,0.0,-9.0,2.0,송파구,0.026,0.019,0.4,0.004,24.0,10.0
2017/01/12,Thursday,,,송파구,0.0,1.0,-6.0,1.0,송파구,0.028,0.018000000000000002,0.6,0.005,33.0,14.0
2017/01/13,Friday,,,송파구,0.0,1.0,-9.0,-1.0,송파구,0.018000000000000002,0.026,0.4,0.004,40.0,11.0
2017/01/14,Saturday,,1.0,송파구,1.0,0.0,-11.0,-5.0,송파구,0.012,0.028,0.3,0.005,47.0,10.0
2017/01/15,Sunday,,1.0,송파구,1.0,0.0,-12.0,-1.0,송파구,0.021,0.018000000000000002,0.4,0.004,27.0,13.0
2017/01/16,Monday,,,송파구,1.0,0.0,-9.0,4.0,송파구,0.042,0.006,1.0,0.006,58.0,31.0
2017/01/17,Tuesday,,,송파구,1.0,0.0,-7.0,3.0,송파구,0.057,0.003,1.4,0.008,66.0,43.0
2017/01/18,Wednesday,,,송파구,0.0,1.0,-3.0,3.0,송파구,0.065,0.003,1.6,0.008,94.0,68.0
2017/01/19,Thursday,,,송파구,1.0,0.0,-5.0,5.0,송파구,0.058,0.004,1.3,0.006,105.0,65.0
2017/01/20,Friday,,,송파구,0.0,1.0,-8.0,-1.0,송파구,0.035,0.017,0.6,0.005,53.0,32.0
2017/01/21,Saturday,,1.0,송파구,0.0,1.0,-10.0,-1.0,송파구,0.044,0.006999999999999999,0.8,0.005,54.0,36.0
2017/01/22,Sunday,,1.0,송파구,0.0,1.0,-11.0,-3.0,송파구,0.014,0.032,0.5,0.006,78.0,23.0
2017/01/23,Monday,,,송파구,1.0,0.0,-13.0,-4.0,송파구,0.025,0.024,0.5,0.005,45.0,30.0
2017/01/24,Tuesday,,,송파구,1.0,0.0,-12.0,-1.0,송파구,0.045,0.011,0.8,0.006,43.0,29.0
2017/01/25,Wednesday,,,송파구,1.0,0.0,-10.0,1.0,송파구,0.058,0.006999999999999999,1.1,0.006,54.0,39.0
2017/01/26,Thursday,,,송파구,0.0,1.0,-8.0,3.0,송파구,0.058,0.01,1.2,0.006999999999999999,64.0,45.0
2017/01/27,Friday,설날,1.0,송파구,0.0,1.0,-6.0,3.0,송파구,0.016,0.03,0.5,0.004,126.0,17.0
2017/01/28,Saturday,설날,1.0,송파구,1.0,0.0,-8.0,4.0,송파구,0.031,0.012,0.6,0.005,36.0,12.0
2017/01/29,Sunday,설날,1.0,송파구,0.0,1.0,-1.0,3.0,송파구,0.035,0.005,0.7,0.005,24.0,13.0
2017/01/30,Monday,대체공휴일,1.0,송파구,0.0,1.0,-8.0,-1.0,송파구,0.017,0.029,0.5,0.005,49.0,30.0
2017/01/31,Tuesday,,,송파구,1.0,0.0,-10.0,0.0,송파구,0.042,0.006999999999999999,0.7,0.004,34.0,20.0
2017/02/01,Wednesday,,,송파구,1.0,0.0,-8.0,1.0,송파구,0.035,0.016,0.9,0.005,39.0,20.0
2017/02/02,Thursday,,,송파구,1.0,0.0,-9.0,3.0,송파구,0.036000000000000004,0.015,0.6,0.004,35.0,15.0
2017/02/03,Friday,,,송파구,1.0,0.0,-2.0,7.0,송파구,0.045,0.02,0.9,0.006,64.0,40.0
2017/02/04,Saturday,,1.0,송파구,1.0,0.0,-3.0,3.0,송파구,0.06,0.004,1.3,0.005,94.0,63.0
2017/02/05,Sunday,,1.0,송파구,0.0,1.0,-2.0,2.0,송파구,0.037000000000000005,0.018000000000000002,0.9,0.005,60.0,46.0
2017/02/06,Monday,,,송파구,1.0,0.0,-4.0,3.0,송파구,0.022,0.032,0.5,0.005,40.0,24.0
2017/02/07,Tuesday,,,송파구,1.0,0.0,-6.0,3.0,송파구,0.044,0.008,0.7,0.005,43.0,22.0
2017/02/08,Wednesday,,,송파구,1.0,0.0,-5.0,1.0,송파구,0.048,0.008,0.9,0.006,61.0,32.0
2017/02/09,Thursday,,,송파구,1.0,0.0,-7.0,-2.0,송파구,0.017,0.03,0.4,0.004,54.0,16.0
2017/02/10,Friday,,,송파구,1.0,0.0,-9.0,-3.0,송파구,0.014,0.032,0.4,0.004,33.0,15.0
2017/02/11,Saturday,,1.0,송파구,1.0,0.0,-9.0,1.0,송파구,0.017,0.028,0.3,0.005,29.0,14.0
2017/02/12,Sunday,,1.0,송파구,1.0,0.0,-7.0,4.0,송파구,0.028,0.02,0.6,0.005,31.0,17.0
2017/02/13,Monday,,,송파구,1.0,0.0,-5.0,6.0,송파구,0.05,0.006999999999999999,0.9,0.005,47.0,26.0
2017/02/14,Tuesday,,,송파구,1.0,0.0,-4.0,7.0,송파구,0.045,0.013,0.8,0.005,51.0,29.0
2017/02/15,Wednesday,,,송파구,1.0,0.0,-4.0,8.0,송파구,0.061,0.008,1.1,0.008,66.0,40.0
2017/02/16,Thursday,,,송파구,0.0,1.0,-2.0,10.0,송파구,0.054000000000000006,0.015,1.1,0.006999999999999999,69.0,44.0
2017/02/17,Friday,,,송파구,0.0,1.0,-5.0,9.0,송파구,0.021,0.029,0.4,0.004,48.0,18.0
2017/02/18,Saturday,,1.0,송파구,1.0,0.0,-7.0,3.0,송파구,0.023,0.03,0.4,0.004,32.0,18.0
2017/02/19,Sunday,,1.0,송파구,0.0,1.0,-3.0,6.0,송파구,0.033,0.022,0.6,0.005,42.0,27.0
2017/02/20,Monday,,,송파구,0.0,1.0,-5.0,5.0,송파구,0.018000000000000002,0.034,0.4,0.004,44.0,26.0
2017/02/21,Tuesday,,,송파구,1.0,0.0,-8.0,7.0,송파구,0.04,0.016,0.6,0.005,47.0,33.0
2017/02/22,Wednesday,,,송파구,0.0,1.0,-1.0,3.0,송파구,0.043,0.008,0.8,0.005,40.0,29.0
2017/02/23,Thursday,,,송파구,1.0,0.0,-4.0,2.0,송파구,0.017,0.037000000000000005,0.4,0.005,35.0,24.0
2017/02/24,Friday,,,송파구,1.0,0.0,-6.0,4.0,송파구,0.027000000000000003,0.028,0.5,0.005,27.0,18.0
2017/02/25,Saturday,,1.0,송파구,1.0,0.0,-3.0,8.0,송파구,0.038,0.021,0.7,0.005,42.0,33.0
2017/02/26,Sunday,,1.0,송파구,1.0,0.0,-2.0,10.0,송파구,0.031,0.023,0.7,0.005,40.0,28.0
2017/02/27,Monday,,,송파구,1.0,0.0,-2.0,11.0,송파구,0.044,0.014,0.8,0.006,45.0,29.0
2017/02/28,Tuesday,,,송파구,1.0,0.0,-1.0,12.0,송파구,0.053,0.017,0.8,0.006999999999999999,51.0,31.0
2017/03/01,Wednesday,삼일절,1.0,송파구,0.0,1.0,2.0,11.0,송파구,0.046,0.024,0.8,0.006,57.0,40.0
2017/03/02,Thursday,,,송파구,0.0,1.0,-1.0,7.0,송파구,0.024,0.032,0.5,0.004,31.0,23.0
2017/03/03,Friday,,,송파구,1.0,0.0,-3.0,10.0,송파구,0.038,0.022,0.6,0.005,46.0,27.0
2017/03/04,Saturday,,1.0,송파구,1.0,0.0,0.0,13.0,송파구,0.049,0.014,0.8,0.006,54.0,33.0
2017/03/05,Sunday,,1.0,송파구,0.0,1.0,1.0,10.0,송파구,0.044,0.024,0.8,0.005,61.0,47.0
2017/03/06,Monday,,,송파구,1.0,0.0,-3.0,4.0,송파구,0.016,0.038,0.4,0.004,35.0,26.0
2017/03/07,Tuesday,,,송파구,0.0,1.0,-4.0,3.0,송파구,0.015,0.038,0.4,0.004,33.0,23.0
2017/03/08,Wednesday,,,송파구,0.0,1.0,-5.0,5.0,송파구,0.02,0.033,0.5,0.005,46.0,23.0
2017/03/09,Thursday,,,송파구,1.0,0.0,-3.0,11.0,송파구,0.026,0.031,0.5,0.005,49.0,24.0
2017/03/10,Friday,,,송파구,1.0,0.0,-1.0,12.0,송파구,0.04,0.023,0.7,0.006,48.0,30.0
2017/03/11,Saturday,,1.0,송파구,1.0,0.0,0.0,17.0,송파구,0.054000000000000006,0.018000000000000002,0.8,0.008,71.0,41.0
2017/03/12,Sunday,,1.0,송파구,0.0,1.0,4.0,14.0,송파구,0.054000000000000006,0.026,0.9,0.006999999999999999,89.0,74.0
2017/03/13,Monday,,,송파구,1.0,0.0,2.0,12.0,송파구,0.024,0.038,0.6,0.005,63.0,46.0
2017/03/14,Tuesday,,,송파구,1.0,0.0,1.0,11.0,송파구,0.025,0.033,0.7,0.005,45.0,27.0
2017/03/15,Wednesday,,,송파구,1.0,0.0,0.0,13.0,송파구,0.034,0.024,0.5,0.004,46.0,29.0
2017/03/16,Thursday,,,송파구,1.0,0.0,1.0,13.0,송파구,0.055,0.019,0.7,0.006,71.0,49.0
2017/03/17,Friday,,,송파구,1.0,0.0,1.0,16.0,송파구,0.055,0.022,0.8,0.006,69.0,61.0
2017/03/18,Saturday,,1.0,송파구,1.0,0.0,6.0,16.0,송파구,0.051,0.03,0.8,0.006999999999999999,71.0,48.0
2017/03/19,Sunday,,1.0,송파구,1.0,0.0,3.0,19.0,송파구,0.044,0.028,0.8,0.005,78.0,55.0
2017/03/20,Monday,,,송파구,1.0,0.0,6.0,16.0,송파구,0.064,0.008,0.9,0.006,106.0,74.0
2017/03/21,Tuesday,,,송파구,1.0,0.0,4.0,13.0,송파구,0.038,0.03,0.7,0.006,105.0,70.0
2017/03/22,Wednesday,,,송파구,1.0,0.0,2.0,14.0,송파구,0.033,0.031,0.6,0.005,60.0,35.0
2017/03/23,Thursday,,,송파구,1.0,0.0,5.0,15.0,송파구,0.048,0.024,0.7,0.006,82.0,38.0
2017/03/24,Friday,,,송파구,1.0,0.0,4.0,15.0,송파구,0.045,0.019,0.6,0.005,66.0,34.0
2017/03/25,Saturday,,1.0,송파구,1.0,0.0,5.0,13.0,송파구,0.041,0.024,0.6,0.005,69.0,39.0
2017/03/26,Sunday,,1.0,송파구,1.0,0.0,5.0,12.0,송파구,0.031,0.035,0.6,0.006,63.0,39.0
2017/03/27,Monday,,,송파구,0.0,1.0,4.0,11.0,송파구,0.03,0.038,0.8,0.005,71.0,49.0
2017/03/28,Tuesday,,,송파구,1.0,0.0,3.0,13.0,송파구,0.041,0.021,0.8,0.005,78.0,47.0
2017/03/29,Wednesday,,,송파구,1.0,0.0,5.0,14.0,송파구,0.034,0.037000000000000005,0.6,0.005,59.0,36.0
2017/03/30,Thursday,,,송파구,1.0,0.0,4.0,17.0,송파구,0.049,0.024,0.7,0.005,77.0,41.0
2017/03/31,Friday,,,송파구,0.0,1.0,5.0,12.0,송파구,0.038,0.021,0.6,0.004,47.0,27.0
2017/04/01,Saturday,,1.0,송파구,0.0,1.0,5.0,15.0,송파구,0.022,0.033,0.5,0.004,22.0,14.0
2017/04/02,Sunday,,1.0,송파구,1.0,0.0,3.0,16.0,송파구,0.025,0.037000000000000005,0.5,0.005,50.0,30.0
2017/04/03,Monday,,,송파구,1.0,0.0,4.0,19.0,송파구,0.048,0.032,0.7,0.005,83.0,50.0
2017/04/04,Tuesday,,,송파구,1.0,0.0,7.0,22.0,송파구,0.049,0.033,0.7,0.006999999999999999,78.0,37.0
2017/04/05,Wednesday,,,송파구,0.0,1.0,11.0,14.0,송파구,0.045,0.025,0.6,0.005,50.0,27.0
2017/04/06,Thursday,,,송파구,0.0,1.0,9.0,12.0,송파구,0.027000000000000003,0.028,0.5,0.005,26.0,15.0
2017/04/07,Friday,,,송파구,1.0,0.0,9.0,24.0,송파구,0.043,0.02,0.6,0.004,44.0,23.0
2017/04/08,Saturday,,1.0,송파구,0.0,1.0,9.0,20.0,송파구,0.045,0.021,0.7,0.005,60.0,34.0
2017/04/09,Sunday,,1.0,송파구,0.0,1.0,11.0,21.0,송파구,0.02,0.034,0.5,0.004,37.0,18.0
2017/04/10,Monday,,,송파구,1.0,0.0,10.0,23.0,송파구,0.016,0.044,0.4,0.004,25.0,12.0
2017/04/11,Tuesday,,,송파구,1.0,0.0,12.0,20.0,송파구,0.025,0.039,0.4,0.004,61.0,19.0
2017/04/12,Wednesday,,,송파구,1.0,0.0,9.0,16.0,송파구,0.015,0.043,0.4,0.004,81.0,11.0
2017/04/13,Thursday,,,송파구,0.0,1.0,6.0,20.0,송파구,0.026,0.04,0.5,0.006,78.0,22.0
2017/04/14,Friday,,,송파구,0.0,1.0,10.0,18.0,송파구,0.023,0.051,0.5,0.006,64.0,22.0
2017/04/15,Saturday,,1.0,송파구,1.0,0.0,11.0,24.0,송파구,0.026,0.044,0.6,0.005,70.0,28.0
2017/04/16,Sunday,,1.0,송파구,1.0,0.0,13.0,24.0,송파구,0.038,0.029,0.7,0.006,70.0,30.0
2017/04/17,Monday,,,송파구,0.0,1.0,11.0,18.0,송파구,0.037000000000000005,0.021,0.6,0.005,58.0,24.0
2017/04/18,Tuesday,,,송파구,0.0,1.0,9.0,17.0,송파구,0.027000000000000003,0.026,0.5,0.004,43.0,20.0
2017/04/19,Wednesday,,,송파구,1.0,0.0,7.0,18.0,송파구,0.021,0.032,0.4,0.005,102.0,17.0
2017/04/20,Thursday,,,송파구,0.0,1.0,10.0,18.0,송파구,0.032,0.027000000000000003,0.5,0.005,99.0,21.0
2017/04/21,Friday,,,송파구,1.0,0.0,8.0,19.0,송파구,0.038,0.025,0.6,0.004,81.0,22.0
2017/04/22,Saturday,,1.0,송파구,1.0,0.0,9.0,23.0,송파구,0.027000000000000003,0.032,0.5,0.004,64.0,21.0
2017/04/23,Sunday,,1.0,송파구,1.0,0.0,9.0,22.0,송파구,0.024,0.046,0.5,0.006,58.0,22.0
2017/04/24,Monday,,,송파구,1.0,0.0,8.0,21.0,송파구,0.031,0.036000000000000004,0.5,0.005,53.0,20.0
2017/04/25,Tuesday,,,송파구,1.0,0.0,13.0,20.0,송파구,0.036000000000000004,0.041,0.5,0.006,67.0,46.0
2017/04/26,Wednesday,,,송파구,1.0,0.0,11.0,20.0,송파구,0.017,0.042,0.5,0.004,49.0,15.0
2017/04/27,Thursday,,,송파구,1.0,0.0,8.0,20.0,송파구,0.021,0.04,0.5,0.005,52.0,14.0
2017/04/28,Friday,,,송파구,1.0,0.0,9.0,22.0,송파구,0.026,0.045,0.7,0.006,75.0,23.0
2017/04/29,Saturday,,1.0,송파구,1.0,0.0,10.0,24.0,송파구,0.03,0.037000000000000005,0.6,0.006,70.0,25.0
2017/04/30,Sunday,,1.0,송파구,1.0,0.0,14.0,28.0,송파구,0.023,0.07400000000000001,0.7,0.006,103.0,50.0
2017/05/01,Monday,,,송파구,1.0,0.0,13.0,28.0,송파구,0.029,0.056,0.7,0.005,95.0,46.0
2017/05/02,Tuesday,,,송파구,1.0,0.0,15.0,28.0,송파구,0.046,0.041,0.7,0.006,106.0,46.0
2017/05/03,Wednesday,석가탄신일,1.0,송파구,1.0,0.0,15.0,30.0,송파구,0.044,0.049,0.7,0.006,86.0,35.0
2017/05/04,Thursday,,,송파구,1.0,0.0,15.0,28.0,송파구,0.041,0.032,0.6,0.005,73.0,33.0
2017/05/05,Friday,어린이날,1.0,송파구,1.0,0.0,16.0,27.0,송파구,0.021,0.038,0.4,0.005,65.0,26.0
2017/05/06,Saturday,,1.0,송파구,1.0,0.0,10.0,19.0,송파구,0.013,0.046,0.4,0.005,243.0,24.0
2017/05/07,Sunday,,1.0,송파구,1.0,0.0,11.0,23.0,송파구,0.019,0.045,0.4,0.005,112.0,16.0
2017/05/08,Monday,,,송파구,1.0,0.0,11.0,24.0,송파구,0.035,0.042,0.6,0.006,194.0,42.0
2017/05/09,Tuesday,대통령선거일,1.0,송파구,0.0,1.0,15.0,23.0,송파구,0.035,0.022,0.5,0.006,136.0,33.0
2017/05/10,Wednesday,,,송파구,0.0,1.0,14.0,21.0,송파구,0.023,0.029,0.4,0.004,42.0,19.0
2017/05/11,Thursday,,,송파구,0.0,1.0,13.0,25.0,송파구,0.039,0.028,0.6,0.005,75.0,35.0
2017/05/12,Friday,,,송파구,1.0,0.0,17.0,21.0,송파구,0.042,0.029,0.7,0.006,78.0,46.0
2017/05/13,Saturday,,1.0,송파구,0.0,1.0,12.0,23.0,송파구,0.025,0.038,0.5,0.004,59.0,28.0
2017/05/14,Sunday,,1.0,송파구,1.0,0.0,11.0,21.0,송파구,0.014,0.043,0.4,0.004,70.0,17.0
2017/05/15,Monday,,,송파구,0.0,1.0,12.0,20.0,송파구,0.023,0.033,0.4,0.004,51.0,13.0
2017/05/16,Tuesday,,,송파구,1.0,0.0,13.0,22.0,송파구,0.028,0.032,0.5,0.004,39.0,17.0
2017/05/17,Wednesday,,,송파구,1.0,0.0,12.0,26.0,송파구,0.036000000000000004,0.031,0.5,0.005,44.0,19.0
2017/05/18,Thursday,,,송파구,1.0,0.0,14.0,27.0,송파구,0.034,0.047,0.5,0.004,55.0,28.0
2017/05/19,Friday,,,송파구,1.0,0.0,15.0,28.0,송파구,0.034,0.042,0.5,0.005,57.0,27.0
2017/05/20,Saturday,,1.0,송파구,1.0,0.0,15.0,27.0,송파구,0.038,0.035,0.5,0.005,48.0,23.0
2017/05/21,Sunday,,1.0,송파구,1.0,0.0,16.0,28.0,송파구,0.023,0.04,0.4,0.005,33.0,19.0
2017/05/22,Monday,,,송파구,1.0,0.0,16.0,28.0,송파구,0.031,0.032,0.5,0.005,51.0,30.0
2017/05/23,Tuesday,,,송파구,0.0,1.0,17.0,24.0,송파구,0.029,0.02,0.4,0.005,41.0,22.0
2017/05/24,Wednesday,,,송파구,0.0,1.0,17.0,28.0,송파구,0.026,0.022,0.5,0.004,29.0,15.0
2017/05/25,Thursday,,,송파구,1.0,0.0,14.0,24.0,송파구,0.025,0.037000000000000005,0.4,0.004,45.0,15.0
2017/05/26,Friday,,,송파구,1.0,0.0,12.0,23.0,송파구,0.018000000000000002,0.037000000000000005,0.3,0.004,29.0,7.0
2017/05/27,Saturday,,1.0,송파구,1.0,0.0,14.0,26.0,송파구,0.029,0.037000000000000005,0.4,0.004,40.0,14.0
2017/05/28,Sunday,,1.0,송파구,1.0,0.0,14.0,28.0,송파구,0.025,0.05,0.5,0.005,53.0,22.0
2017/05/29,Monday,,,송파구,1.0,0.0,18.0,29.0,송파구,0.027000000000000003,0.057,0.6,0.006999999999999999,79.0,33.0
2017/05/30,Tuesday,,,송파구,1.0,0.0,19.0,30.0,송파구,0.029,0.044,0.5,0.006,56.0,22.0
2017/05/31,Wednesday,,,송파구,1.0,0.0,18.0,30.0,송파구,0.038,0.027000000000000003,0.5,0.006,45.0,20.0
2017/06/01,Thursday,,,송파구,1.0,0.0,20.0,27.0,송파구,0.017,0.038,0.4,0.004,46.0,18.0
2017/06/02,Friday,,,송파구,0.0,1.0,16.0,26.0,송파구,0.016,0.038,0.3,0.004,33.0,9.0
2017/06/03,Saturday,,1.0,송파구,1.0,0.0,16.0,27.0,송파구,0.015,0.04,0.4,0.004,35.0,12.0
2017/06/04,Sunday,,1.0,송파구,1.0,0.0,15.0,28.0,송파구,0.022,0.036000000000000004,0.4,0.004,34.0,14.0
2017/06/05,Monday,,,송파구,0.0,1.0,16.0,30.0,송파구,0.021,0.047,0.4,0.003,29.0,14.0
2017/06/06,Tuesday,현충일,1.0,송파구,0.0,1.0,15.0,24.0,송파구,0.013,0.045,0.4,0.004,20.0,10.0
2017/06/07,Wednesday,,,송파구,0.0,1.0,15.0,19.0,송파구,0.022,0.024,0.5,0.003,17.0,9.0
2017/06/08,Thursday,,,송파구,1.0,0.0,15.0,26.0,송파구,0.022,0.055,0.6,0.005,44.0,27.0
2017/06/09,Friday,,,송파구,0.0,1.0,18.0,26.0,송파구,0.025,0.057,0.5,0.005,61.0,34.0
2017/06/10,Saturday,,1.0,송파구,0.0,1.0,17.0,28.0,송파구,0.022,0.043,0.5,0.004,52.0,22.0
2017/06/11,Sunday,,1.0,송파구,1.0,0.0,15.0,30.0,송파구,0.02,0.036000000000000004,0.3,0.004,31.0,11.0
2017/06/12,Monday,,,송파구,1.0,0.0,17.0,28.0,송파구,0.017,0.049,0.3,0.004,33.0,11.0
2017/06/13,Tuesday,,,송파구,0.0,1.0,18.0,26.0,송파구,0.024,0.03,0.4,0.004,40.0,16.0
2017/06/14,Wednesday,,,송파구,1.0,0.0,18.0,27.0,송파구,0.024,0.04,0.5,0.004,51.0,20.0
2017/06/15,Thursday,,,송파구,1.0,0.0,18.0,30.0,송파구,0.026,0.048,0.5,0.005,56.0,23.0
2017/06/16,Friday,,,송파구,1.0,0.0,20.0,33.0,송파구,0.028,0.064,0.6,0.006,75.0,28.0
2017/06/17,Saturday,,1.0,송파구,1.0,0.0,21.0,30.0,송파구,0.028,0.064,0.5,0.006,56.0,24.0
2017/06/18,Sunday,,1.0,송파구,1.0,0.0,19.0,32.0,송파구,0.03,0.045,0.5,0.005,50.0,24.0
2017/06/19,Monday,,,송파구,1.0,0.0,20.0,30.0,송파구,0.038,0.034,0.5,0.005,57.0,25.0
2017/06/20,Tuesday,,,송파구,0.0,1.0,20.0,33.0,송파구,0.042,0.044,0.6,0.004,63.0,22.0
2017/06/21,Wednesday,,,송파구,0.0,1.0,22.0,32.0,송파구,0.028,0.04,0.5,0.005,65.0,23.0
2017/06/22,Thursday,,,송파구,1.0,0.0,21.0,30.0,송파구,0.023,0.042,0.4,0.004,43.0,24.0
2017/06/23,Friday,,,송파구,1.0,0.0,21.0,34.0,송파구,0.037000000000000005,0.041,0.5,0.005,51.0,23.0
2017/06/24,Saturday,,1.0,송파구,0.0,1.0,22.0,28.0,송파구,0.048,0.017,0.6,0.005,49.0,22.0
2017/06/25,Sunday,,1.0,송파구,0.0,1.0,21.0,28.0,송파구,0.026,0.032,0.6,0.003,36.0,18.0
2017/06/26,Monday,,,송파구,0.0,1.0,20.0,30.0,송파구,0.02,0.037000000000000005,0.5,0.004,27.0,13.0
2017/06/27,Tuesday,,,송파구,0.0,1.0,21.0,31.0,송파구,0.023,0.04,0.5,0.004,33.0,17.0
2017/06/28,Wednesday,,,송파구,1.0,0.0,23.0,31.0,송파구,0.029,0.041,0.6,0.003,51.0,26.0
2017/06/29,Thursday,,,송파구,1.0,0.0,22.0,32.0,송파구,0.03,0.041,0.6,0.005,50.0,31.0
2017/06/30,Friday,,,송파구,1.0,0.0,22.0,31.0,송파구,0.03,0.04,0.6,0.004,50.0,34.0
2017/07/01,Saturday,,1.0,송파구,0.0,1.0,22.0,31.0,송파구,0.028,0.031,0.6,0.004,36.0,26.0
2017/07/02,Sunday,,1.0,송파구,0.0,1.0,22.0,27.0,송파구,0.016,0.016,0.4,0.003,19.0,11.0
2017/07/03,Monday,,,송파구,0.0,1.0,22.0,27.0,송파구,0.018000000000000002,0.027000000000000003,0.5,0.004,19.0,13.0
2017/07/04,Tuesday,,,송파구,0.0,1.0,24.0,32.0,송파구,0.024,0.033,0.6,0.003,27.0,21.0
2017/07/05,Wednesday,,,송파구,1.0,0.0,23.0,33.0,송파구,0.026,0.043,0.7,0.005,35.0,24.0
2017/07/06,Thursday,,,송파구,0.0,1.0,24.0,35.0,송파구,0.034,0.038,0.7,0.004,41.0,28.0
2017/07/07,Friday,,,송파구,0.0,1.0,24.0,28.0,송파구,0.023,0.016,0.5,0.004,18.0,10.0
2017/07/08,Saturday,,1.0,송파구,0.0,1.0,25.0,28.0,송파구,0.019,0.018000000000000002,0.5,0.004,22.0,13.0
2017/07/09,Sunday,,1.0,송파구,0.0,1.0,24.0,30.0,송파구,0.019,0.018000000000000002,0.6,0.004,23.0,13.0
2017/07/10,Monday,,,송파구,0.0,1.0,23.0,25.0,송파구,0.023,0.012,0.4,0.005,15.0,7.0
2017/07/11,Tuesday,,,송파구,0.0,1.0,22.0,31.0,송파구,0.021,0.035,0.5,0.004,33.0,21.0
2017/07/12,Wednesday,,,송파구,0.0,1.0,25.0,31.0,송파구,0.023,0.039,0.6,0.004,43.0,27.0
2017/07/13,Thursday,,,송파구,1.0,0.0,23.0,32.0,송파구,0.029,0.037000000000000005,0.7,0.004,48.0,31.0
2017/07/14,Friday,,,송파구,0.0,1.0,26.0,33.0,송파구,0.026,0.034,0.6,0.005,42.0,28.0
2017/07/15,Saturday,,1.0,송파구,0.0,1.0,23.0,27.0,송파구,0.019,0.02,0.4,0.004,17.0,11.0
2017/07/16,Sunday,,1.0,송파구,0.0,1.0,23.0,29.0,송파구,0.016,0.019,0.4,0.004,15.0,9.0
2017/07/17,Monday,제헌절,1.0,송파구,0.0,1.0,24.0,29.0,송파구,0.018000000000000002,0.018000000000000002,0.4,0.004,21.0,12.0
2017/07/18,Tuesday,,,송파구,0.0,1.0,24.0,31.0,송파구,0.027000000000000003,0.022,0.6,0.005,24.0,19.0
2017/07/19,Wednesday,,,송파구,1.0,0.0,25.0,34.0,송파구,0.024,0.043,0.6,0.004,34.0,24.0
2017/07/20,Thursday,,,송파구,1.0,0.0,26.0,35.0,송파구,0.028,0.043,0.7,0.006,48.0,34.0
2017/07/21,Friday,,,송파구,1.0,0.0,27.0,32.0,송파구,0.022,0.052000000000000005,0.7,0.006999999999999999,54.0,40.0
2017/07/22,Saturday,,1.0,송파구,0.0,1.0,28.0,33.0,송파구,0.022,0.038,0.7,0.006,48.0,39.0
2017/07/23,Sunday,,1.0,송파구,0.0,1.0,26.0,28.0,송파구,0.019,0.029,0.6,0.006,37.0,29.0
2017/07/24,Monday,,,송파구,0.0,1.0,26.0,27.0,송파구,0.029,0.014,0.7,0.003,31.0,21.0
2017/07/25,Tuesday,,,송파구,1.0,0.0,25.0,35.0,송파구,0.017,0.024,0.5,0.004,21.0,13.0
2017/07/26,Wednesday,,,송파구,1.0,0.0,24.0,33.0,송파구,0.013,0.04,0.4,0.003,15.0,9.0
2017/07/27,Thursday,,,송파구,0.0,1.0,25.0,30.0,송파구,0.025,0.03,0.4,0.004,25.0,14.0
2017/07/28,Friday,,,송파구,0.0,1.0,25.0,27.0,송파구,0.026,0.013,0.6,0.004,19.0,14.0
2017/07/29,Saturday,,1.0,송파구,0.0,1.0,25.0,30.0,송파구,0.014,0.026,0.5,0.004,14.0,7.0
2017/07/30,Sunday,,1.0,송파구,1.0,0.0,25.0,33.0,송파구,0.015,0.038,0.5,0.004,19.0,15.0
2017/07/31,Monday,,,송파구,0.0,1.0,25.0,27.0,송파구,0.028,0.011,0.6,0.003,18.0,12.0
2017/08/01,Tuesday,,,송파구,0.0,1.0,24.0,33.0,송파구,0.023,0.022,0.5,0.004,20.0,11.0
2017/08/02,Wednesday,,,송파구,1.0,0.0,27.0,33.0,송파구,0.031,0.026,0.6,0.004,32.0,20.0
2017/08/03,Thursday,,,송파구,1.0,0.0,27.0,34.0,송파구,0.017,0.035,0.5,0.004,21.0,12.0
2017/08/04,Friday,,,송파구,1.0,0.0,26.0,35.0,송파구,0.017,0.043,0.5,0.004,25.0,17.0
2017/08/05,Saturday,,1.0,송파구,1.0,0.0,28.0,35.0,송파구,0.025,0.035,0.5,0.005,29.0,19.0
2017/08/06,Sunday,,1.0,송파구,0.0,1.0,28.0,34.0,송파구,0.021,0.023,0.5,0.003,24.0,17.0
2017/08/07,Monday,,,송파구,1.0,0.0,26.0,34.0,송파구,0.02,0.044,0.5,0.004,30.0,21.0
2017/08/08,Tuesday,,,송파구,1.0,0.0,26.0,31.0,송파구,0.022,0.052000000000000005,0.6,0.005,37.0,25.0
2017/08/09,Wednesday,,,송파구,0.0,1.0,25.0,32.0,송파구,0.022,0.032,0.5,0.004,30.0,14.0
2017/08/10,Thursday,,,송파구,0.0,1.0,24.0,26.0,송파구,0.016,0.027000000000000003,0.5,0.003,8.0,5.0
2017/08/11,Friday,,,송파구,0.0,1.0,24.0,32.0,송파구,0.004,0.018000000000000002,0.7,0.003,11.0,5.0
2017/08/12,Saturday,,1.0,송파구,1.0,0.0,23.0,33.0,송파구,0.01,0.022,0.4,0.003,9.0,4.0
2017/08/13,Sunday,,1.0,송파구,0.0,1.0,24.0,28.0,송파구,0.011,0.021,0.3,0.004,8.0,5.0
2017/08/14,Monday,,,송파구,0.0,1.0,23.0,27.0,송파구,0.014,0.011,0.3,0.004,8.0,4.0
2017/08/15,Tuesday,광복절,1.0,송파구,0.0,1.0,21.0,24.0,송파구,0.012,0.011,0.3,0.003,6.0,3.0
2017/08/16,Wednesday,,,송파구,0.0,1.0,21.0,27.0,송파구,0.014,0.011,0.4,0.004,7.0,4.0
2017/08/17,Thursday,,,송파구,0.0,1.0,21.0,28.0,송파구,0.016,0.013,0.5,0.003,11.0,5.0
2017/08/18,Friday,,,송파구,0.0,1.0,24.0,31.0,송파구,0.028,0.014,0.6,0.004,25.0,15.0
2017/08/19,Saturday,,1.0,송파구,0.0,1.0,23.0,29.0,송파구,0.019,0.021,0.6,0.003,22.0,11.0
2017/08/20,Sunday,,1.0,송파구,0.0,1.0,22.0,26.0,송파구,0.01,0.025,0.4,0.003,9.0,5.0
2017/08/21,Monday,,,송파구,0.0,1.0,24.0,29.0,송파구,0.017,0.017,0.4,0.004,12.0,6.0
2017/08/22,Tuesday,,,송파구,1.0,0.0,23.0,32.0,송파구,0.02,0.023,0.5,0.005,18.0,10.0
2017/08/23,Wednesday,,,송파구,0.0,1.0,25.0,30.0,송파구,0.018000000000000002,0.006999999999999999,0.5,0.004,17.0,8.0
2017/08/24,Thursday,,,송파구,0.0,1.0,24.0,28.0,송파구,0.015,0.016,0.5,0.005,18.0,7.0
2017/08/25,Friday,,,송파구,1.0,0.0,22.0,31.0,송파구,0.028,0.022,0.6,0.004,22.0,10.0
2017/08/26,Saturday,,1.0,송파구,1.0,0.0,19.0,29.0,송파구,0.027000000000000003,0.023,0.5,0.005,24.0,10.0
2017/08/27,Sunday,,1.0,송파구,0.0,1.0,19.0,27.0,송파구,0.024,0.016,0.5,0.004,23.0,12.0
2017/08/28,Monday,,,송파구,0.0,1.0,18.0,27.0,송파구,0.031,0.016,0.5,0.005,28.0,15.0
2017/08/29,Tuesday,,,송파구,1.0,0.0,17.0,24.0,송파구,0.012,0.022,0.4,0.003,14.0,8.0
2017/08/30,Wednesday,,,송파구,1.0,0.0,16.0,24.0,송파구,0.035,0.014,0.4,0.005,26.0,9.0
2017/08/31,Thursday,,,송파구,1.0,0.0,17.0,28.0,송파구,0.026,0.027000000000000003,0.4,0.004,33.0,18.0
2017/09/01,Friday,,,송파구,1.0,0.0,17.0,30.0,송파구,0.02,0.026,0.3,0.004,20.0,10.0
2017/09/02,Saturday,,1.0,송파구,1.0,0.0,19.0,30.0,송파구,0.024,0.023,0.4,0.004,24.0,13.0
2017/09/03,Sunday,,1.0,송파구,1.0,0.0,19.0,29.0,송파구,0.024,0.031,0.4,0.003,26.0,17.0
2017/09/04,Monday,,,송파구,1.0,0.0,20.0,30.0,송파구,0.03,0.021,0.3,0.005,27.0,14.0
2017/09/05,Tuesday,,,송파구,0.0,1.0,20.0,24.0,송파구,0.03,0.009000000000000001,0.4,0.004,25.0,13.0
2017/09/06,Wednesday,,,송파구,0.0,1.0,19.0,24.0,송파구,0.034,0.006999999999999999,0.5,0.004,26.0,16.0
2017/09/07,Thursday,,,송파구,1.0,0.0,18.0,28.0,송파구,0.029,0.023,0.5,0.003,34.0,22.0
2017/09/08,Friday,,,송파구,1.0,0.0,20.0,30.0,송파구,0.037000000000000005,0.025,0.7,0.004,41.0,25.0
2017/09/09,Saturday,,1.0,송파구,1.0,0.0,19.0,28.0,송파구,0.041,0.027000000000000003,0.7,0.005,53.0,34.0
2017/09/10,Sunday,,1.0,송파구,0.0,1.0,20.0,26.0,송파구,0.029,0.019,0.6,0.004,47.0,30.0
2017/09/11,Monday,,,송파구,0.0,1.0,19.0,25.0,송파구,0.021,0.027000000000000003,0.4,0.004,19.0,13.0
2017/09/12,Tuesday,,,송파구,1.0,0.0,18.0,28.0,송파구,0.023,0.023,0.4,0.004,25.0,11.0
2017/09/13,Wednesday,,,송파구,1.0,0.0,16.0,28.0,송파구,0.032,0.02,0.4,0.004,26.0,8.0
2017/09/14,Thursday,,,송파구,1.0,0.0,15.0,30.0,송파구,0.027000000000000003,0.024,0.4,0.004,27.0,13.0
2017/09/15,Friday,,,송파구,1.0,0.0,18.0,28.0,송파구,0.014,0.03,0.3,0.003,16.0,8.0
2017/09/16,Saturday,,1.0,송파구,1.0,0.0,17.0,28.0,송파구,0.013,0.025,0.2,0.004,10.0,5.0
2017/09/17,Sunday,,1.0,송파구,1.0,0.0,19.0,29.0,송파구,0.01,0.028,0.2,0.004,8.0,4.0
2017/09/18,Monday,,,송파구,1.0,0.0,16.0,28.0,송파구,0.023,0.023,0.3,0.004,20.0,10.0
2017/09/19,Tuesday,,,송파구,0.0,1.0,20.0,26.0,송파구,0.027000000000000003,0.04,0.6,0.005,59.0,39.0
2017/09/20,Wednesday,,,송파구,1.0,0.0,14.0,25.0,송파구,0.019,0.027000000000000003,0.3,0.004,21.0,9.0
2017/09/21,Thursday,,,송파구,1.0,0.0,14.0,27.0,송파구,0.033,0.026,0.4,0.004,26.0,14.0
2017/09/22,Friday,,,송파구,1.0,0.0,15.0,27.0,송파구,0.031,0.033,0.4,0.004,28.0,18.0
2017/09/23,Saturday,,1.0,송파구,0.0,1.0,18.0,27.0,송파구,0.031,0.03,0.5,0.004,53.0,25.0
2017/09/24,Sunday,,1.0,송파구,0.0,1.0,19.0,28.0,송파구,0.022,0.035,0.6,0.004,57.0,35.0
2017/09/25,Monday,,,송파구,1.0,0.0,17.0,30.0,송파구,0.031,0.025,0.8,0.005,44.0,24.0
2017/09/26,Tuesday,,,송파구,0.0,1.0,19.0,31.0,송파구,0.033,0.026,0.6,0.004,43.0,23.0
2017/09/27,Wednesday,,,송파구,0.0,1.0,20.0,27.0,송파구,0.033,0.018000000000000002,0.5,0.004,34.0,18.0
2017/09/28,Thursday,,,송파구,1.0,0.0,14.0,25.0,송파구,0.016,0.03,0.3,0.004,22.0,7.0
2017/09/29,Friday,,,송파구,1.0,0.0,11.0,24.0,송파구,0.024,0.025,0.4,0.005,23.0,8.0
2017/09/30,Saturday,,1.0,송파구,1.0,0.0,15.0,26.0,송파구,0.029,0.027000000000000003,0.5,0.005,33.0,16.0
2017/10/01,Sunday,,1.0,송파구,0.0,1.0,16.0,21.0,송파구,0.025,0.013,0.6,0.004,29.0,17.0
2017/10/02,Monday,임시공휴일,1.0,송파구,0.0,1.0,16.0,29.0,송파구,0.015,0.029,0.4,0.004,15.0,9.0
2017/10/03,Tuesday,개천절,1.0,송파구,1.0,0.0,13.0,24.0,송파구,0.013,0.025,0.3,0.004,33.0,11.0
2017/10/04,Wednesday,추석,1.0,송파구,1.0,0.0,11.0,24.0,송파구,0.01,0.028,0.3,0.003,20.0,8.0
2017/10/05,Thursday,추석,1.0,송파구,1.0,0.0,14.0,23.0,송파구,0.013,0.023,0.3,0.004,15.0,7.0
2017/10/06,Friday,대체공휴일,1.0,송파구,0.0,1.0,16.0,23.0,송파구,0.011,0.026,0.3,0.003,10.0,6.0
2017/10/07,Saturday,,1.0,송파구,0.0,1.0,17.0,29.0,송파구,0.015,0.021,0.3,0.004,9.0,5.0
2017/10/08,Sunday,,1.0,송파구,1.0,0.0,19.0,29.0,송파구,0.02,0.023,0.5,0.004,18.0,12.0
2017/10/09,Monday,한글날,1.0,송파구,0.0,1.0,20.0,28.0,송파구,0.027000000000000003,0.025,0.6,0.005,25.0,17.0
2017/10/10,Tuesday,,,송파구,0.0,1.0,19.0,25.0,송파구,0.029,0.011,0.6,0.005,27.0,16.0
2017/10/11,Wednesday,,,송파구,0.0,1.0,12.0,22.0,송파구,0.014,0.021,0.4,0.004,9.0,6.0
2017/10/12,Thursday,,,송파구,1.0,0.0,9.0,14.0,송파구,0.024,0.011,0.4,0.003,19.0,9.0
2017/10/13,Friday,,,송파구,1.0,0.0,6.0,19.0,송파구,0.026,0.012,0.4,0.003,25.0,13.0
2017/10/14,Saturday,,1.0,송파구,1.0,0.0,9.0,21.0,송파구,0.023,0.019,0.4,0.004,21.0,10.0
2017/10/15,Sunday,,1.0,송파구,1.0,0.0,9.0,23.0,송파구,0.021,0.021,0.4,0.004,21.0,11.0
2017/10/16,Monday,,,송파구,1.0,0.0,14.0,22.0,송파구,0.027000000000000003,0.016,0.4,0.004,27.0,14.0
2017/10/17,Tuesday,,,송파구,1.0,0.0,9.0,24.0,송파구,0.034,0.014,0.5,0.004,36.0,18.0
2017/10/18,Wednesday,,,송파구,0.0,1.0,14.0,19.0,송파구,0.025,0.018000000000000002,0.3,0.004,22.0,12.0
2017/10/19,Thursday,,,송파구,1.0,0.0,12.0,23.0,송파구,0.024,0.02,0.3,0.004,16.0,8.0
2017/10/20,Friday,,,송파구,1.0,0.0,11.0,24.0,송파구,0.036000000000000004,0.012,0.5,0.005,26.0,12.0
2017/10/21,Saturday,,1.0,송파구,1.0,0.0,11.0,25.0,송파구,0.034,0.013,0.5,0.004,35.0,17.0
2017/10/22,Sunday,,1.0,송파구,1.0,0.0,11.0,24.0,송파구,0.017,0.027000000000000003,0.3,0.004,20.0,10.0
2017/10/23,Monday,,,송파구,1.0,0.0,9.0,21.0,송파구,0.024,0.025,0.3,0.003,26.0,9.0
2017/10/24,Tuesday,,,송파구,1.0,0.0,10.0,21.0,송파구,0.035,0.012,0.4,0.004,31.0,13.0
2017/10/25,Wednesday,,,송파구,1.0,0.0,10.0,21.0,송파구,0.04,0.014,0.5,0.004,39.0,20.0
2017/10/26,Thursday,,,송파구,1.0,0.0,11.0,18.0,송파구,0.046,0.009000000000000001,0.7,0.005,47.0,25.0
2017/10/27,Friday,,,송파구,1.0,0.0,12.0,24.0,송파구,0.043,0.017,0.7,0.005,54.0,29.0
2017/10/28,Saturday,,1.0,송파구,1.0,0.0,11.0,25.0,송파구,0.041,0.016,0.6,0.004,44.0,24.0
2017/10/29,Sunday,,1.0,송파구,1.0,0.0,6.0,17.0,송파구,0.024,0.02,0.5,0.005,62.0,21.0
2017/10/30,Monday,,,송파구,1.0,0.0,3.0,13.0,송파구,0.022,0.022,0.3,0.004,36.0,14.0
2017/10/31,Tuesday,,,송파구,1.0,0.0,4.0,16.0,송파구,0.042,0.011,0.6,0.005,35.0,16.0
2017/11/01,Wednesday,,,송파구,1.0,0.0,12.0,18.0,송파구,0.037000000000000005,0.019,0.5,0.004,35.0,19.0
2017/11/02,Thursday,,,송파구,0.0,1.0,14.0,18.0,송파구,0.034,0.023,0.5,0.004,42.0,25.0
2017/11/03,Friday,,,송파구,0.0,1.0,6.0,17.0,송파구,0.025,0.027000000000000003,0.4,0.003,33.0,23.0
2017/11/04,Saturday,,1.0,송파구,1.0,0.0,5.0,14.0,송파구,0.02,0.024,0.4,0.004,46.0,36.0
2017/11/05,Sunday,,1.0,송파구,1.0,0.0,3.0,15.0,송파구,0.033,0.012,0.6,0.004,42.0,30.0
2017/11/06,Monday,,,송파구,1.0,0.0,8.0,17.0,송파구,0.04,0.01,0.5,0.005,30.0,19.0
2017/11/07,Tuesday,,,송파구,0.0,1.0,9.0,18.0,송파구,0.046,0.006999999999999999,0.6,0.005,39.0,22.0
2017/11/08,Wednesday,,,송파구,0.0,1.0,7.0,17.0,송파구,0.022,0.031,0.4,0.004,56.0,26.0
2017/11/09,Thursday,,,송파구,1.0,0.0,4.0,17.0,송파구,0.041,0.01,0.5,0.005,50.0,24.0
2017/11/10,Friday,,,송파구,0.0,1.0,5.0,16.0,송파구,0.033,0.015,0.6,0.006,44.0,20.0
2017/11/11,Saturday,,1.0,송파구,1.0,0.0,3.0,11.0,송파구,0.02,0.018000000000000002,0.4,0.004,74.0,14.0
2017/11/12,Sunday,,1.0,송파구,1.0,0.0,0.0,11.0,송파구,0.033,0.009000000000000001,0.6,0.005,32.0,18.0
2017/11/13,Monday,,,송파구,0.0,1.0,3.0,12.0,송파구,0.042,0.005,0.6,0.005,37.0,22.0
2017/11/14,Tuesday,,,송파구,1.0,0.0,3.0,11.0,송파구,0.021,0.019,0.4,0.004,39.0,14.0
2017/11/15,Wednesday,,,송파구,1.0,0.0,-1.0,7.0,송파구,0.019,0.021,0.4,0.004,25.0,12.0
2017/11/16,Thursday,,,송파구,1.0,0.0,-3.0,6.0,송파구,0.028,0.014,0.4,0.005,29.0,17.0
2017/11/17,Friday,,,송파구,0.0,1.0,-2.0,6.0,송파구,0.045,0.004,0.7,0.006,51.0,29.0
2017/11/18,Saturday,,1.0,송파구,1.0,0.0,-5.0,3.0,송파구,0.013,0.024,0.4,0.004,42.0,26.0
2017/11/19,Sunday,,1.0,송파구,1.0,0.0,-7.0,4.0,송파구,0.017,0.021,0.4,0.004,27.0,13.0
2017/11/20,Monday,,,송파구,0.0,1.0,-4.0,4.0,송파구,0.036000000000000004,0.01,0.6,0.005,41.0,23.0
2017/11/21,Tuesday,,,송파구,1.0,0.0,-4.0,8.0,송파구,0.047,0.005,0.8,0.005,58.0,35.0
2017/11/22,Wednesday,,,송파구,0.0,1.0,1.0,11.0,송파구,0.037000000000000005,0.012,0.7,0.005,70.0,34.0
2017/11/23,Thursday,,,송파구,0.0,1.0,-3.0,5.0,송파구,0.024,0.016,0.4,0.005,28.0,13.0
2017/11/24,Friday,,,송파구,0.0,1.0,-3.0,3.0,송파구,0.026,0.012,0.5,0.004,22.0,14.0
2017/11/25,Saturday,,1.0,송파구,0.0,1.0,-3.0,7.0,송파구,0.037000000000000005,0.006,0.6,0.005,25.0,17.0
2017/11/26,Sunday,,1.0,송파구,1.0,0.0,0.0,8.0,송파구,0.027000000000000003,0.012,0.6,0.004,29.0,19.0
2017/11/27,Monday,,,송파구,1.0,0.0,-3.0,10.0,송파구,0.043,0.005,0.8,0.005,49.0,30.0
2017/11/28,Tuesday,,,송파구,0.0,1.0,1.0,11.0,송파구,0.054000000000000006,0.004,1.1,0.006999999999999999,68.0,46.0
2017/11/29,Wednesday,,,송파구,0.0,1.0,-2.0,8.0,송파구,0.031,0.011,0.5,0.004,64.0,25.0
2017/11/30,Thursday,,,송파구,1.0,0.0,-5.0,3.0,송파구,0.017,0.026,0.3,0.004,25.0,10.0
2017/12/01,Friday,,,송파구,0.0,1.0,-8.0,3.0,송파구,0.031,0.013,0.5,0.004,25.0,13.0
2017/12/02,Saturday,,1.0,송파구,1.0,0.0,-5.0,8.0,송파구,0.041,0.006,0.8,0.004,43.0,26.0
2017/12/03,Sunday,,1.0,송파구,0.0,1.0,3.0,8.0,송파구,0.035,0.006,0.6,0.005,43.0,29.0
2017/12/04,Monday,,,송파구,0.0,1.0,-6.0,5.0,송파구,0.02,0.018000000000000002,0.5,0.004,41.0,22.0
2017/12/05,Tuesday,,,송파구,0.0,1.0,-8.0,0.0,송파구,0.02,0.019,0.3,0.004,22.0,13.0
2017/12/06,Wednesday,,,송파구,0.0,1.0,-5.0,6.0,송파구,0.032,0.009000000000000001,0.5,0.004,28.0,21.0
2017/12/07,Thursday,,,송파구,1.0,0.0,-4.0,5.0,송파구,0.028,0.01,0.8,0.004,36.0,26.0
2017/12/08,Friday,,,송파구,1.0,0.0,-7.0,-1.0,송파구,0.023,0.016,0.6,0.005,31.0,24.0
2017/12/09,Saturday,,1.0,송파구,1.0,0.0,-6.0,5.0,송파구,0.041,0.005,0.7,0.006,40.0,25.0
2017/12/10,Sunday,,1.0,송파구,0.0,1.0,-3.0,7.0,송파구,0.029,0.012,0.5,0.004,34.0,23.0
2017/12/11,Monday,,,송파구,1.0,0.0,-11.0,-3.0,송파구,0.012,0.019,0.3,0.004,52.0,11.0
2017/12/12,Tuesday,,,송파구,1.0,0.0,-12.0,-5.0,송파구,0.019,0.016,0.4,0.005,33.0,18.0
2017/12/13,Wednesday,,,송파구,1.0,0.0,-12.0,-4.0,송파구,0.03,0.01,0.5,0.005,41.0,23.0
2017/12/14,Thursday,,,송파구,1.0,0.0,-11.0,-2.0,송파구,0.042,0.004,0.7,0.006,54.0,36.0
2017/12/15,Friday,,,송파구,0.0,1.0,-8.0,1.0,송파구,0.057,0.003,1.1,0.006999999999999999,76.0,55.0
2017/12/16,Saturday,,1.0,송파구,1.0,0.0,-8.0,-3.0,송파구,0.025,0.015,0.8,0.004,54.0,43.0
2017/12/17,Sunday,,1.0,송파구,1.0,0.0,-11.0,-2.0,송파구,0.016,0.023,0.5,0.005,39.0,14.0
2017/12/18,Monday,,,송파구,0.0,1.0,-6.0,3.0,송파구,0.043,0.004,0.8,0.006,51.0,35.0
2017/12/19,Tuesday,,,송파구,1.0,0.0,-7.0,-1.0,송파구,0.022,0.015,0.3,0.004,47.0,19.0
2017/12/20,Wednesday,,,송파구,0.0,1.0,-9.0,0.0,송파구,0.042,0.005,0.8,0.005,43.0,29.0
2017/12/21,Thursday,,,송파구,1.0,0.0,-6.0,5.0,송파구,0.047,0.005,0.6,0.005,46.0,35.0
2017/12/22,Friday,,,송파구,1.0,0.0,-2.0,7.0,송파구,0.052000000000000005,0.004,1.1,0.006,56.0,45.0
2017/12/23,Saturday,,1.0,송파구,1.0,0.0,5.0,9.0,송파구,0.046,0.011,0.8,0.005,90.0,65.0
2017/12/24,Sunday,,1.0,송파구,0.0,1.0,-1.0,6.0,송파구,0.038,0.012,0.8,0.004,66.0,54.0
2017/12/25,Monday,기독탄신일,1.0,송파구,1.0,0.0,-5.0,1.0,송파구,0.018000000000000002,0.023,0.4,0.004,36.0,16.0
2017/12/26,Tuesday,,,송파구,1.0,0.0,-8.0,-1.0,송파구,0.02,0.018000000000000002,0.4,0.004,34.0,15.0
2017/12/27,Wednesday,,,송파구,1.0,0.0,-10.0,-3.0,송파구,0.022,0.016,0.4,0.005,31.0,14.0
2017/12/28,Thursday,,,송파구,0.0,1.0,-7.0,1.0,송파구,0.044,0.004,0.9,0.006,61.0,30.0
2017/12/29,Friday,,,송파구,0.0,1.0,0.0,6.0,송파구,0.051,0.006,0.8,0.006999999999999999,102.0,61.0
2017/12/30,Saturday,,1.0,송파구,0.0,1.0,-1.0,5.0,송파구,0.048,0.006,1.1,0.005,134.0,88.0
2017/12/31,Sunday,,1.0,송파구,0.0,1.0,-3.0,3.0,송파구,0.018000000000000002,0.024,0.5,0.004,71.0,34.0
2018/01/01,Monday,1월1일,1.0,송파구,1.0,0.0,-5.0,4.0,송파구,0.028,0.013,0.7,0.004,52.0,23.0
2018/01/02,Tuesday,,,송파구,1.0,0.0,-4.0,2.0,송파구,0.033,0.011,0.9,0.005,53.0,27.0
2018/01/03,Wednesday,,,송파구,1.0,0.0,-7.0,0.0,송파구,0.022,0.016,0.4,0.004,40.0,20.0
2018/01/04,Thursday,,,송파구,1.0,0.0,-9.0,-1.0,송파구,0.029,0.013,0.6,0.005,57.0,26.0
2018/01/05,Friday,,,송파구,1.0,0.0,-6.0,2.0,송파구,0.038,0.008,0.7,0.006,65.0,36.0
2018/01/06,Saturday,,1.0,송파구,1.0,0.0,-7.0,3.0,송파구,0.04,0.009000000000000001,0.7,0.005,60.0,29.0
2018/01/07,Sunday,,1.0,송파구,1.0,0.0,-6.0,3.0,송파구,0.041,0.005,0.9,0.005,57.0,31.0
2018/01/08,Monday,,,송파구,0.0,1.0,-1.0,4.0,송파구,0.043,0.006999999999999999,0.8,0.006,54.0,36.0
2018/01/09,Tuesday,,,송파구,0.0,1.0,-6.0,-1.0,송파구,0.015,0.026,0.3,0.004,48.0,21.0
2018/01/10,Wednesday,,,송파구,0.0,1.0,-10.0,-5.0,송파구,0.015,0.022,0.3,0.004,36.0,11.0
2018/01/11,Thursday,,,송파구,1.0,0.0,-14.0,-7.0,송파구,0.015,0.021,0.4,0.005,35.0,19.0
2018/01/12,Friday,,,송파구,0.0,1.0,-15.0,-5.0,송파구,0.026,0.017,0.5,0.005,25.0,14.0
2018/01/13,Saturday,,1.0,송파구,0.0,1.0,-7.0,-1.0,송파구,0.044,0.004,0.7,0.005,48.0,25.0
2018/01/14,Sunday,,1.0,송파구,1.0,0.0,-4.0,5.0,송파구,0.034,0.013,0.8,0.005,65.0,37.0
2018/01/15,Monday,,,송파구,0.0,1.0,2.0,8.0,송파구,0.045,0.011,0.8,0.005,62.0,44.0
2018/01/16,Tuesday,,,송파구,0.0,1.0,0.0,7.0,송파구,0.056,0.004,1.1,0.006999999999999999,104.0,72.0
2018/01/17,Wednesday,,,송파구,1.0,0.0,2.0,9.0,송파구,0.057,0.006,1.0,0.006,123.0,89.0
2018/01/18,Thursday,,,송파구,0.0,1.0,0.0,5.0,송파구,0.037000000000000005,0.015,0.7,0.005,99.0,57.0
2018/01/19,Friday,,,송파구,1.0,0.0,-3.0,6.0,송파구,0.034,0.017,0.5,0.006,76.0,29.0
2018/01/20,Saturday,,1.0,송파구,1.0,0.0,-1.0,7.0,송파구,0.043,0.014,0.9,0.006999999999999999,120.0,64.0
2018/01/21,Sunday,,1.0,송파구,1.0,0.0,-4.0,6.0,송파구,0.033,0.015,0.6,0.004,84.0,38.0
2018/01/22,Monday,,,송파구,0.0,1.0,-5.0,4.0,송파구,0.042,0.005,0.8,0.006,63.0,29.0
2018/01/23,Tuesday,,,송파구,1.0,0.0,-15.0,-5.0,송파구,0.013,0.029,0.2,0.005,26.0,11.0
2018/01/24,Wednesday,,,송파구,1.0,0.0,-16.0,-11.0,송파구,0.014,0.028,0.3,0.004,33.0,9.0
2018/01/25,Thursday,,,송파구,1.0,0.0,-16.0,-10.0,송파구,0.015,0.027000000000000003,0.3,0.004,25.0,11.0
2018/01/26,Friday,,,송파구,1.0,0.0,-18.0,-11.0,송파구,0.018000000000000002,0.024,0.3,0.005,34.0,19.0
2018/01/27,Saturday,,1.0,송파구,1.0,0.0,-16.0,-4.0,송파구,0.038,0.009000000000000001,0.7,0.005,48.0,26.0
2018/01/28,Sunday,,1.0,송파구,1.0,0.0,-9.0,-1.0,송파구,0.027000000000000003,0.02,0.5,0.005,36.0,20.0
2018/01/29,Monday,,,송파구,1.0,0.0,-12.0,-5.0,송파구,0.016,0.027000000000000003,0.3,0.005,51.0,16.0
2018/01/30,Tuesday,,,송파구,0.0,1.0,-11.0,-1.0,송파구,0.038,0.009000000000000001,0.6,0.005,46.0,22.0
2018/01/31,Wednesday,,,송파구,0.0,1.0,-5.0,0.0,송파구,0.04,0.006999999999999999,0.5,0.005,45.0,21.0
2018/02/01,Thursday,,,송파구,1.0,0.0,-9.0,1.0,송파구,0.038,0.011,0.8,0.006,44.0,24.0
2018/02/02,Friday,,,송파구,1.0,0.0,-8.0,4.0,송파구,0.047,0.006999999999999999,0.9,0.005,59.0,32.0
2018/02/03,Saturday,,1.0,송파구,0.0,1.0,-10.0,-2.0,송파구,0.017,0.025,0.4,0.005,40.0,20.0
2018/02/04,Sunday,,1.0,송파구,1.0,0.0,-13.0,-5.0,송파구,0.012,0.031,0.3,0.005,34.0,22.0
2018/02/05,Monday,,,송파구,1.0,0.0,-12.0,-5.0,송파구,0.015,0.028,0.3,0.004,27.0,14.0
2018/02/06,Tuesday,,,송파구,1.0,0.0,-13.0,-6.0,송파구,0.014,0.028,0.3,0.004,32.0,19.0
2018/02/07,Wednesday,,,송파구,1.0,0.0,-13.0,-2.0,송파구,0.037000000000000005,0.011,0.5,0.005,46.0,26.0
2018/02/08,Thursday,,,송파구,1.0,0.0,-10.0,2.0,송파구,0.052000000000000005,0.006,1.0,0.006,58.0,35.0
2018/02/09,Friday,,,송파구,1.0,0.0,-5.0,6.0,송파구,0.055,0.006999999999999999,1.0,0.006999999999999999,68.0,43.0
2018/02/10,Saturday,,1.0,송파구,1.0,0.0,-7.0,3.0,송파구,0.033,0.02,0.7,0.005,80.0,42.0
2018/02/11,Sunday,,1.0,송파구,0.0,1.0,-10.0,-2.0,송파구,0.013,0.031,0.4,0.005,61.0,15.0
2018/02/12,Monday,,,송파구,0.0,1.0,-10.0,-2.0,송파구,0.018000000000000002,0.028,0.3,0.005,57.0,15.0
2018/02/13,Tuesday,,,송파구,1.0,0.0,-7.0,4.0,송파구,0.032,0.016,0.7,0.006,47.0,12.0
2018/02/14,Wednesday,,,송파구,1.0,0.0,-1.0,9.0,송파구,0.028,0.028,0.7,0.006,73.0,28.0
2018/02/15,Thursday,설날,1.0,송파구,1.0,0.0,-4.0,4.0,송파구,0.015,0.031,0.6,0.005,43.0,15.0
2018/02/16,Friday,설날,1.0,송파구,1.0,0.0,-6.0,5.0,송파구,0.035,0.008,0.6,0.004,52.0,24.0
2018/02/17,Saturday,설날,1.0,송파구,1.0,0.0,-7.0,1.0,,,,,,,
2018/02/18,Sunday,,1.0,송파구,1.0,0.0,-5.0,5.0,송파구,0.023,0.022,0.6,0.004,42.0,17.0
2018/02/19,Monday,,,송파구,1.0,0.0,-2.0,7.0,송파구,0.044,0.01,1.0,0.006,65.0,37.0
2018/02/20,Tuesday,,,송파구,1.0,0.0,-2.0,6.0,송파구,0.036000000000000004,0.019,1.0,0.005,71.0,42.0
2018/02/21,Wednesday,,,송파구,1.0,0.0,-5.0,4.0,송파구,0.022,0.027000000000000003,0.6,0.005,43.0,19.0
2018/02/22,Thursday,,,송파구,0.0,1.0,-4.0,5.0,송파구,0.033,0.022,0.7,0.005,53.0,28.0
2018/02/23,Friday,,,송파구,0.0,1.0,0.0,9.0,송파구,0.034,0.022,1.0,0.005,92.0,62.0
2018/02/24,Saturday,,1.0,송파구,1.0,0.0,-1.0,7.0,송파구,0.031,0.024,0.8,0.004,84.0,53.0
2018/02/25,Sunday,,1.0,송파구,1.0,0.0,-2.0,8.0,송파구,0.037000000000000005,0.016,0.8,0.006,51.0,31.0
2018/02/26,Monday,,,송파구,1.0,0.0,-3.0,10.0,송파구,0.056,0.009000000000000001,1.1,0.006,70.0,44.0
2018/02/27,Tuesday,,,송파구,1.0,0.0,1.0,7.0,송파구,0.073,0.003,1.4,0.009000000000000001,104.0,65.0
2018/02/28,Wednesday,,,송파구,0.0,1.0,2.0,8.0,송파구,0.042,0.013,0.9,0.005,62.0,36.0
2018/03/01,Thursday,삼일절,1.0,송파구,0.0,1.0,-4.0,3.0,송파구,0.017,0.036000000000000004,0.6,0.004,44.0,31.0
2018/03/02,Friday,,,송파구,1.0,0.0,-7.0,5.0,송파구,0.036000000000000004,0.02,0.8,0.005,76.0,31.0
2018/03/03,Saturday,,1.0,송파구,0.0,1.0,0.0,16.0,송파구,0.043,0.016,0.8,0.006,66.0,26.0
2018/03/04,Sunday,,1.0,송파구,0.0,1.0,8.0,12.0,송파구,0.033,0.013,0.9,0.004,25.0,17.0
2018/03/05,Monday,,,송파구,0.0,1.0,1.0,11.0,송파구,0.012,0.036000000000000004,0.4,0.004,9.0,5.0
2018/03/06,Tuesday,,,송파구,1.0,0.0,-1.0,11.0,송파구,0.03,0.019,0.6,0.004,35.0,17.0
2018/03/07,Wednesday,,,송파구,0.0,1.0,2.0,11.0,송파구,0.017,0.031,0.6,0.004,28.0,14.0
2018/03/08,Thursday,,,송파구,0.0,1.0,3.0,10.0,송파구,0.021,0.027000000000000003,0.6,0.004,32.0,24.0
2018/03/09,Friday,,,송파구,1.0,0.0,1.0,10.0,송파구,0.034,0.018000000000000002,0.9,0.004,48.0,33.0
2018/03/10,Saturday,,1.0,송파구,1.0,0.0,1.0,10.0,송파구,0.036000000000000004,0.021,0.9,0.005,50.0,31.0
2018/03/11,Sunday,,1.0,송파구,1.0,0.0,3.0,12.0,송파구,0.026,0.032,0.7,0.005,53.0,30.0
2018/03/12,Monday,,,송파구,1.0,0.0,2.0,16.0,송파구,0.051,0.019,1.1,0.006,103.0,58.0
2018/03/13,Tuesday,,,송파구,1.0,0.0,5.0,19.0,송파구,0.038,0.023,1.1,0.006999999999999999,42.0,22.0
2018/03/14,Wednesday,,,송파구,1.0,0.0,14.0,22.0,송파구,0.023,0.03,0.5,0.005,25.0,11.0
2018/03/15,Thursday,,,송파구,0.0,1.0,8.0,17.0,송파구,0.032,0.012,0.6,0.004,26.0,17.0
2018/03/16,Friday,,,송파구,1.0,0.0,4.0,12.0,송파구,0.012,0.037000000000000005,0.4,0.004,14.0,6.0
2018/03/17,Saturday,,1.0,송파구,1.0,0.0,1.0,14.0,송파구,0.03,0.019,0.6,0.004,33.0,17.0
2018/03/18,Sunday,,1.0,송파구,0.0,1.0,5.0,13.0,송파구,0.05,0.011,0.9,0.005,54.0,37.0
2018/03/19,Monday,,,송파구,0.0,1.0,6.0,10.0,송파구,0.02,0.033,0.6,0.003,22.0,13.0
2018/03/20,Tuesday,,,송파구,1.0,0.0,2.0,9.0,송파구,0.009000000000000001,0.044,0.5,0.003,23.0,9.0
2018/03/21,Wednesday,,,송파구,0.0,1.0,1.0,5.0,,,,,,,
2018/03/22,Thursday,,,송파구,1.0,0.0,1.0,12.0,,,,,,,
2018/03/23,Friday,,,송파구,1.0,0.0,2.0,13.0,,,,,,,
2018/03/24,Saturday,,1.0,송파구,1.0,0.0,4.0,13.0,,,,,,,
2018/03/25,Sunday,,1.0,송파구,1.0,0.0,5.0,17.0,,,,,,,
2018/03/26,Monday,,,송파구,1.0,0.0,5.0,18.0,,,,,,,
2018/03/27,Tuesday,,,송파구,1.0,0.0,8.0,20.0,,,,,,,
2018/03/28,Wednesday,,,송파구,1.0,0.0,9.0,19.0,,,,,,,
2018/03/29,Thursday,,,송파구,1.0,0.0,12.0,21.0,,,,,,,
2018/03/30,Friday,,,송파구,1.0,0.0,10.0,22.0,,,,,,,
2018/03/31,Saturday,,1.0,송파구,1.0,0.0,9.0,20.0,,,,,,,
2018/04/01,Sunday,,1.0,송파구,1.0,0.0,12.0,19.0,,,,,,,
2018/04/02,Monday,,,송파구,1.0,0.0,15.0,24.0,,,,,,,
2018/04/03,Tuesday,,,송파구,0.0,1.0,15.0,21.0,,,,,,,
2018/04/04,Wednesday,,,송파구,0.0,1.0,10.0,18.0,,,,,,,
2018/04/05,Thursday,,,송파구,0.0,1.0,7.0,10.0,,,,,,,
2018/04/06,Friday,,,송파구,0.0,1.0,3.0,9.0,,,,,,,
2018/04/07,Saturday,,1.0,송파구,0.0,1.0,1.0,9.0,,,,,,,
2018/04/08,Sunday,,1.0,송파구,0.0,1.0,1.0,8.0,,,,,,,
2018/04/09,Monday,,,송파구,1.0,0.0,0.0,15.0,송파구,0.031,0.02,0.5,0.004,31.0,18.0
2018/04/10,Tuesday,,,송파구,0.0,1.0,7.0,22.0,송파구,0.024,0.03,0.6,0.005,58.0,20.0
2018/04/11,Wednesday,,,송파구,1.0,0.0,9.0,17.0,송파구,0.02,0.037000000000000005,0.4,0.005,77.0,27.0
2018/04/12,Thursday,,,송파구,1.0,0.0,7.0,20.0,송파구,0.026,0.028,0.5,0.005,52.0,15.0
2018/04/13,Friday,,,송파구,1.0,0.0,8.0,19.0,송파구,0.027000000000000003,0.028,0.5,0.003,42.0,16.0
2018/04/14,Saturday,,1.0,송파구,0.0,1.0,8.0,15.0,송파구,0.015,0.035,0.5,0.004,22.0,10.0
2018/04/15,Sunday,,1.0,송파구,1.0,0.0,6.0,14.0,송파구,0.015,0.034,0.4,0.005,96.0,22.0
2018/04/16,Monday,,,송파구,1.0,0.0,5.0,19.0,송파구,0.026,0.025,0.5,0.005,43.0,23.0
2018/04/17,Tuesday,,,송파구,1.0,0.0,7.0,20.0,송파구,0.036000000000000004,0.027000000000000003,0.6,0.005,74.0,31.0
2018/04/18,Wednesday,,,송파구,1.0,0.0,6.0,19.0,송파구,0.048,0.014,0.7,0.005,72.0,36.0
2018/04/19,Thursday,,,송파구,1.0,0.0,7.0,21.0,송파구,0.04,0.04,0.5,0.008,57.0,25.0
2018/04/20,Friday,,,송파구,1.0,0.0,11.0,26.0,,,,,,,
2018/04/21,Saturday,,1.0,송파구,1.0,0.0,12.0,26.0,송파구,0.049,0.028,0.7,0.006,85.0,45.0
2018/04/22,Sunday,,1.0,송파구,0.0,1.0,11.0,21.0,송파구,0.025,0.026,0.5,0.005,44.0,23.0
2018/04/23,Monday,,,송파구,0.0,1.0,8.0,11.0,송파구,0.016,0.04,0.4,0.003,10.0,7.0
2018/04/24,Tuesday,,,송파구,0.0,1.0,9.0,16.0,송파구,0.011,0.043,0.3,0.003,10.0,4.0
2018/04/25,Wednesday,,,송파구,1.0,0.0,6.0,23.0,송파구,0.03,0.026,0.5,0.004,41.0,28.0
2018/04/26,Thursday,,,송파구,1.0,0.0,10.0,22.0,송파구,0.045,0.005,0.8,0.005,55.0,36.0
2018/04/27,Friday,,,송파구,1.0,0.0,10.0,23.0,송파구,0.039,0.058,0.6,0.006999999999999999,63.0,44.0
2018/04/28,Saturday,,1.0,송파구,1.0,0.0,11.0,22.0,송파구,0.038,0.031,0.6,0.005,43.0,24.0
2018/04/29,Sunday,,1.0,송파구,1.0,0.0,9.0,23.0,,,,,,,
2018/04/30,Monday,,,송파구,1.0,0.0,14.0,25.0,송파구,0.041,0.04,0.7,0.005,69.0,48.0
2018/05/01,Tuesday,,,송파구,0.0,1.0,18.0,23.0,송파구,0.024,0.038,0.5,0.004,57.0,44.0
2018/05/02,Wednesday,,,송파구,0.0,1.0,9.0,20.0,송파구,0.028,0.017,0.6,0.003,45.0,34.0
2018/05/03,Thursday,,,송파구,0.0,1.0,7.0,15.0,송파구,0.016,0.034,0.4,0.003,31.0,14.0
2018/05/04,Friday,,,송파구,1.0,0.0,9.0,20.0,송파구,0.019,0.046,0.4,0.004,50.0,20.0
2018/05/05,Saturday,어린이날,1.0,송파구,1.0,0.0,12.0,25.0,송파구,0.022,0.052000000000000005,0.5,0.005,46.0,23.0
2018/05/06,Sunday,,1.0,송파구,0.0,1.0,15.0,21.0,송파구,0.01,0.044,0.4,0.004,15.0,10.0
2018/05/07,Monday,대체휴무일,1.0,송파구,1.0,0.0,14.0,26.0,송파구,0.021,0.03,0.4,0.004,33.0,17.0
2018/05/08,Tuesday,,,송파구,1.0,0.0,12.0,23.0,송파구,0.011,0.047,0.3,0.004,21.0,9.0
2018/05/09,Wednesday,,,송파구,1.0,0.0,9.0,22.0,송파구,0.013,0.045,0.3,0.003,24.0,11.0
2018/05/10,Thursday,,,송파구,1.0,0.0,11.0,21.0,송파구,0.032,0.032,0.5,0.005,44.0,22.0
2018/05/11,Friday,,,송파구,1.0,0.0,12.0,21.0,송파구,0.03,0.043,0.5,0.004,57.0,32.0
2018/05/12,Saturday,,1.0,송파구,0.0,1.0,12.0,16.0,송파구,0.037000000000000005,0.019,0.6,0.004,29.0,18.0
2018/05/13,Sunday,,1.0,송파구,0.0,1.0,13.0,20.0,송파구,0.017,0.031,0.5,0.004,23.0,15.0
2018/05/14,Monday,,,송파구,1.0,0.0,12.0,25.0,송파구,0.03,0.031,0.7,0.004,61.0,40.0
2018/05/15,Tuesday,,,송파구,0.0,1.0,15.0,29.0,송파구,0.034,0.037000000000000005,0.8,0.004,74.0,43.0
2018/05/16,Wednesday,,,송파구,0.0,1.0,22.0,24.0,송파구,0.027000000000000003,0.006999999999999999,0.6,0.004,38.0,25.0
2018/05/17,Thursday,,,송파구,0.0,1.0,19.0,24.0,송파구,0.021,0.014,0.6,0.004,17.0,11.0
2018/05/18,Friday,,,송파구,0.0,1.0,12.0,19.0,,,,,,,
2018/05/19,Saturday,,1.0,송파구,1.0,0.0,10.0,25.0,,,,,,,
2018/05/20,Sunday,,1.0,송파구,1.0,0.0,12.0,23.0,송파구,0.012,0.038,0.4,0.002,14.0,7.0
2018/05/21,Monday,,,송파구,1.0,0.0,11.0,24.0,송파구,0.018000000000000002,0.034,0.4,0.003,15.0,7.0
2018/05/22,Tuesday,부처님오신날,1.0,송파구,0.0,1.0,15.0,23.0,,,,,,,
2018/05/23,Wednesday,,,송파구,0.0,1.0,14.0,23.0,,,,,,,
2018/05/24,Thursday,,,송파구,1.0,0.0,11.0,24.0,,,,,,,
2018/05/25,Friday,,,송파구,1.0,0.0,14.0,26.0,,,,,,,
2018/05/26,Saturday,,1.0,송파구,1.0,0.0,14.0,30.0,,,,,,,
2018/05/27,Sunday,,1.0,송파구,1.0,0.0,17.0,25.0,송파구,0.029,0.045,0.7,0.003,77.0,34.0
2018/05/28,Monday,,,송파구,1.0,0.0,16.0,29.0,송파구,0.035,0.022,0.7,0.003,56.0,29.0
2018/05/29,Tuesday,,,송파구,0.0,1.0,19.0,26.0,,,,,,,
2018/05/30,Wednesday,,,송파구,0.0,1.0,16.0,25.0,,,,,,,
2018/05/31,Thursday,,,송파구,1.0,0.0,14.0,28.0,,,,,,,
2018/06/01,Friday,,,송파구,1.0,0.0,18.0,30.0,송파구,0.035,0.038,0.7,0.003,45.0,27.0
2018/06/02,Saturday,,1.0,송파구,1.0,0.0,18.0,30.0,송파구,0.041,0.025,0.7,0.004,44.0,29.0
2018/06/03,Sunday,,1.0,송파구,1.0,0.0,17.0,31.0,,,,,,,
2018/06/04,Monday,,,송파구,1.0,0.0,19.0,28.0,송파구,0.034,0.033,0.6,0.004,48.0,31.0
2018/06/05,Tuesday,,,송파구,1.0,0.0,18.0,29.0,송파구,0.021,0.034,0.5,0.003,44.0,33.0
2018/06/06,Wednesday,현충일,1.0,송파구,1.0,0.0,18.0,28.0,,,,,,,
2018/06/07,Thursday,,,송파구,1.0,0.0,18.0,29.0,,,,,,,
2018/06/08,Friday,,,송파구,1.0,0.0,19.0,27.0,,,,,,,
2018/06/09,Saturday,,1.0,송파구,0.0,1.0,19.0,30.0,,,,,,,
2018/06/10,Sunday,,1.0,송파구,0.0,1.0,18.0,25.0,,,,,,,
2018/06/11,Monday,,,송파구,0.0,1.0,18.0,24.0,,,,,,,
2018/06/12,Tuesday,,,송파구,0.0,1.0,17.0,27.0,,,,,,,
2018/06/13,Wednesday,전국동시지방선거,1.0,송파구,0.0,1.0,18.0,27.0,,,,,,,
2018/06/14,Thursday,,,송파구,0.0,1.0,19.0,25.0,,,,,,,
2018/06/15,Friday,,,송파구,0.0,1.0,17.0,27.0,,,,,,,
2018/06/16,Saturday,,1.0,송파구,1.0,0.0,16.0,29.0,,,,,,,
2018/06/17,Sunday,,1.0,송파구,1.0,0.0,19.0,28.0,,,,,,,
2018/06/18,Monday,,,송파구,1.0,0.0,20.0,31.0,,,,,,,
2018/06/19,Tuesday,,,송파구,1.0,0.0,19.0,27.0,,,,,,,
2018/06/20,Wednesday,,,송파구,1.0,0.0,19.0,28.0,,,,,,,
2018/06/21,Thursday,,,송파구,1.0,0.0,19.0,29.0,,,,,,,
2018/06/22,Friday,,,송파구,1.0,0.0,18.0,32.0,송파구,0.031,0.036000000000000004,0.7,0.003,44.0,27.0
2018/06/23,Saturday,,1.0,송파구,1.0,0.0,21.0,29.0,,,,,,,
2018/06/24,Sunday,,1.0,송파구,1.0,0.0,20.0,32.0,,,,,,,
2018/06/25,Monday,,,송파구,1.0,0.0,21.0,33.0,,,,,,,
2018/06/26,Tuesday,,,송파구,0.0,1.0,20.0,27.0,송파구,0.03,0.032,0.7,0.005,60.0,43.0
2018/06/27,Wednesday,,,송파구,0.0,1.0,19.0,26.0,,,,,,,
2018/06/28,Thursday,,,송파구,0.0,1.0,21.0,27.0,,,,,,,
2018/06/29,Friday,,,송파구,0.0,1.0,22.0,29.0,,,,,,,
2018/06/30,Saturday,,1.0,송파구,0.0,1.0,22.0,28.0,송파구,0.026,0.024,0.8,0.003,45.0,27.0
2018/07/01,Sunday,,1.0,송파구,0.0,1.0,21.0,23.0,송파구,0.015,0.015,0.5,0.002,14.0,5.0
2018/07/02,Monday,,,송파구,0.0,1.0,21.0,25.0,송파구,0.022,0.025,0.6,0.002,10.0,4.0
2018/07/03,Tuesday,,,송파구,0.0,1.0,23.0,33.0,송파구,0.019,0.003,0.6,0.002,15.0,5.0
2018/07/04,Wednesday,,,송파구,1.0,0.0,24.0,32.0,,,,,,,
2018/07/05,Thursday,,,송파구,0.0,1.0,23.0,29.0,,,,,,,
2018/07/06,Friday,,,송파구,1.0,0.0,22.0,27.0,송파구,0.01,0.02,0.4,0.003,7.0,2.0
2018/07/07,Saturday,,1.0,송파구,1.0,0.0,20.0,29.0,송파구,0.01,0.03,0.4,0.003,7.0,3.0
2018/07/08,Sunday,,1.0,송파구,1.0,0.0,18.0,28.0,송파구,0.009000000000000001,0.035,0.4,0.003,11.0,5.0
2018/07/09,Monday,,,송파구,0.0,1.0,20.0,24.0,송파구,0.015,0.012,0.4,0.003,9.0,4.0
2018/07/10,Tuesday,,,송파구,0.0,1.0,20.0,27.0,송파구,0.018000000000000002,0.006,0.5,0.003,19.0,9.0
2018/07/11,Wednesday,,,송파구,0.0,1.0,24.0,30.0,송파구,0.017,0.008,0.6,0.003,26.0,14.0
2018/07/12,Thursday,,,송파구,0.0,1.0,25.0,28.0,송파구,0.017,0.009000000000000001,0.6,0.004,25.0,14.0
2018/07/13,Friday,,,송파구,1.0,0.0,25.0,31.0,송파구,0.015,0.005,0.5,0.004,19.0,11.0
2018/07/14,Saturday,,1.0,송파구,0.0,1.0,25.0,32.0,,,,,,,
2018/07/15,Sunday,,1.0,송파구,1.0,0.0,25.0,33.0,,,,,,,
2018/07/16,Monday,,,송파구,1.0,0.0,24.0,34.0,송파구,0.022,0.022,0.5,0.004,28.0,20.0
2018/07/17,Tuesday,제헌절,1.0,송파구,1.0,0.0,24.0,32.0,송파구,0.022,0.015,0.5,0.004,29.0,21.0
2018/07/18,Wednesday,,,송파구,1.0,0.0,24.0,33.0,송파구,0.023,0.024,0.6,0.004,34.0,25.0
2018/07/19,Thursday,,,송파구,1.0,0.0,23.0,34.0,송파구,0.024,0.028,0.6,0.004,33.0,24.0
2018/07/20,Friday,,,송파구,1.0,0.0,25.0,35.0,송파구,0.029,0.038,0.6,0.004,38.0,27.0
2018/07/21,Saturday,,1.0,송파구,1.0,0.0,25.0,37.0,송파구,0.03,0.054000000000000006,0.7,0.005,48.0,33.0
2018/07/22,Sunday,,1.0,송파구,1.0,0.0,25.0,38.0,송파구,0.02,0.051,0.6,0.003,32.0,22.0
2018/07/23,Monday,,,송파구,1.0,0.0,29.0,36.0,송파구,0.02,0.036000000000000004,0.6,0.005,29.0,20.0
2018/07/24,Tuesday,,,송파구,1.0,0.0,27.0,37.0,송파구,0.024,0.05,0.6,0.004,40.0,27.0
2018/07/25,Wednesday,,,송파구,1.0,0.0,28.0,34.0,송파구,0.015,0.034,0.6,0.005,29.0,20.0
2018/07/26,Thursday,,,송파구,1.0,0.0,27.0,34.0,송파구,0.022,0.026,0.7,0.004,35.0,24.0
2018/07/27,Friday,,,송파구,1.0,0.0,27.0,35.0,송파구,0.025,0.036000000000000004,0.7,0.003,47.0,33.0
2018/07/28,Saturday,,1.0,송파구,0.0,1.0,28.0,35.0,송파구,0.028,0.019,0.7,0.003,34.0,23.0
2018/07/29,Sunday,,1.0,송파구,1.0,0.0,26.0,37.0,송파구,0.01,0.026,0.5,0.002,19.0,13.0
2018/07/30,Monday,,,송파구,1.0,0.0,26.0,37.0,송파구,0.01,0.027000000000000003,0.5,0.002,11.0,5.0
2018/07/31,Tuesday,,,송파구,1.0,0.0,28.0,38.0,송파구,0.012,0.041,0.5,0.002,16.0,8.0
2018/08/01,Wednesday,,,송파구,1.0,0.0,28.0,40.0,송파구,0.021,0.044,0.6,0.003,26.0,15.0
2018/08/02,Thursday,,,송파구,1.0,0.0,30.0,38.0,송파구,0.018000000000000002,0.047,0.6,0.004,33.0,20.0
2018/08/03,Friday,,,송파구,1.0,0.0,30.0,38.0,송파구,0.022,0.06,0.7,0.004,42.0,31.0
2018/08/04,Saturday,,1.0,송파구,1.0,0.0,28.0,35.0,송파구,0.015,0.036000000000000004,0.6,0.003,28.0,19.0
2018/08/05,Sunday,,1.0,송파구,0.0,1.0,27.0,34.0,송파구,0.01,0.027000000000000003,0.5,0.003,23.0,15.0
2018/08/06,Monday,,,송파구,0.0,1.0,28.0,35.0,송파구,0.018000000000000002,0.023,0.6,0.002,27.0,18.0
2018/08/07,Tuesday,,,송파구,0.0,1.0,27.0,36.0,송파구,0.015,0.034,0.6,0.003,19.0,11.0
2018/08/08,Wednesday,,,송파구,1.0,0.0,28.0,35.0,송파구,0.018000000000000002,0.023,0.6,0.003,26.0,17.0
2018/08/09,Thursday,,,송파구,0.0,1.0,27.0,33.0,송파구,0.022,0.015,0.6,0.003,25.0,17.0
2018/08/10,Friday,,,송파구,1.0,0.0,26.0,37.0,송파구,0.015,0.029,0.6,0.002,18.0,9.0
2018/08/11,Saturday,,1.0,송파구,1.0,0.0,26.0,36.0,송파구,0.011,0.034,0.5,0.003,9.0,4.0
2018/08/12,Sunday,,1.0,송파구,1.0,0.0,27.0,35.0,송파구,0.01,0.034,0.5,0.003,14.0,10.0
2018/08/13,Monday,,,송파구,1.0,0.0,27.0,34.0,송파구,0.016,0.03,0.6,0.003,33.0,22.0
2018/08/14,Tuesday,,,송파구,1.0,0.0,28.0,37.0,송파구,0.018000000000000002,0.032,0.6,0.003,29.0,20.0
2018/08/15,Wednesday,광복절,1.0,송파구,0.0,1.0,28.0,38.0,송파구,0.015,0.036000000000000004,0.5,0.003,29.0,19.0
2018/08/16,Thursday,,,송파구,1.0,0.0,24.0,36.0,송파구,0.01,0.026,0.4,0.002,16.0,8.0
2018/08/17,Friday,,,송파구,1.0,0.0,22.0,34.0,송파구,0.009000000000000001,0.034,0.4,0.002,12.0,4.0
2018/08/18,Saturday,,1.0,송파구,1.0,0.0,22.0,32.0,송파구,0.01,0.041,0.4,0.003,14.0,5.0
2018/08/19,Sunday,,1.0,송파구,1.0,0.0,23.0,34.0,송파구,0.016,0.047,0.5,0.003,22.0,12.0
2018/08/20,Monday,,,송파구,0.0,1.0,25.0,33.0,송파구,0.019,0.048,0.6,0.003,33.0,20.0
2018/08/21,Tuesday,,,송파구,0.0,1.0,23.0,31.0,송파구,0.014,0.036000000000000004,0.6,0.003,24.0,14.0
2018/08/22,Wednesday,,,송파구,1.0,0.0,23.0,38.0,송파구,0.015,0.033,0.5,0.002,24.0,14.0
2018/08/23,Thursday,,,송파구,0.0,1.0,26.0,32.0,송파구,0.012,0.016,0.5,0.002,15.0,7.0
2018/08/24,Friday,,,송파구,0.0,1.0,23.0,26.0,송파구,0.013,0.016,0.5,0.003,8.0,3.0
2018/08/25,Saturday,,1.0,송파구,1.0,0.0,23.0,29.0,송파구,0.012,0.041,0.6,0.003,24.0,13.0
2018/08/26,Sunday,,1.0,송파구,0.0,1.0,20.0,29.0,송파구,0.012,0.032,0.5,0.003,16.0,10.0
2018/08/27,Monday,,,송파구,0.0,1.0,20.0,25.0,송파구,0.016,0.021,0.5,0.002,9.0,4.0
2018/08/28,Tuesday,,,송파구,0.0,1.0,23.0,26.0,송파구,0.016,0.006999999999999999,0.5,0.003,10.0,4.0
2018/08/29,Wednesday,,,송파구,0.0,1.0,23.0,27.0,송파구,0.017,0.006999999999999999,0.5,0.003,14.0,6.0
2018/08/30,Thursday,,,송파구,0.0,1.0,24.0,28.0,송파구,0.016,0.024,0.7,0.003,26.0,17.0
2018/08/31,Friday,,,송파구,0.0,1.0,23.0,30.0,송파구,0.02,0.03,0.6,0.003,24.0,14.0
2018/09/01,Saturday,,1.0,송파구,1.0,0.0,21.0,31.0,송파구,0.014,0.026,0.5,0.003,17.0,9.0
2018/09/02,Sunday,,1.0,송파구,1.0,0.0,20.0,30.0,송파구,0.01,0.037000000000000005,0.5,0.002,12.0,5.0
2018/09/03,Monday,,,송파구,0.0,1.0,21.0,26.0,송파구,0.016,0.021,0.5,0.003,14.0,7.0
2018/09/04,Tuesday,,,송파구,1.0,0.0,20.0,28.0,송파구,0.015,0.028,0.6,0.003,15.0,6.0
2018/09/05,Wednesday,,,송파구,1.0,0.0,20.0,29.0,송파구,0.018000000000000002,0.036000000000000004,0.5,0.003,25.0,10.0
2018/09/06,Thursday,,,송파구,0.0,1.0,21.0,28.0,송파구,0.022,0.037000000000000005,0.7,0.003,29.0,17.0
2018/09/07,Friday,,,송파구,0.0,1.0,19.0,26.0,송파구,0.016,0.042,0.5,0.003,24.0,12.0
2018/09/08,Saturday,,1.0,송파구,1.0,0.0,16.0,28.0,송파구,0.018000000000000002,0.025,0.6,0.003,22.0,9.0
2018/09/09,Sunday,,1.0,송파구,1.0,0.0,16.0,29.0,송파구,0.017,0.026,0.6,0.003,20.0,10.0
2018/09/10,Monday,,,송파구,1.0,0.0,19.0,28.0,송파구,0.011,0.033,0.4,0.003,12.0,4.0
2018/09/11,Tuesday,,,송파구,1.0,0.0,17.0,26.0,송파구,0.012,0.031,0.4,0.002,12.0,5.0
2018/09/12,Wednesday,,,송파구,1.0,0.0,17.0,28.0,송파구,0.015,0.036000000000000004,0.5,0.002,15.0,6.0
2018/09/13,Thursday,,,송파구,1.0,0.0,20.0,28.0,송파구,0.018000000000000002,0.021,0.5,0.003,17.0,7.0
2018/09/14,Friday,,,송파구,0.0,1.0,20.0,27.0,송파구,0.021,0.013,0.5,0.003,19.0,9.0
2018/09/15,Saturday,,1.0,송파구,0.0,1.0,21.0,26.0,송파구,0.016,0.018000000000000002,0.5,0.003,10.0,5.0
2018/09/16,Sunday,,1.0,송파구,0.0,1.0,21.0,24.0,송파구,0.019,0.019,0.7,0.003,31.0,21.0
2018/09/17,Monday,,,송파구,0.0,1.0,19.0,28.0,송파구,0.018000000000000002,0.033,0.6,0.003,26.0,15.0
2018/09/18,Tuesday,,,송파구,1.0,0.0,18.0,27.0,송파구,0.03,0.021,0.7,0.003,35.0,17.0
2018/09/19,Wednesday,,,송파구,0.0,1.0,19.0,27.0,송파구,0.032,0.016,0.7,0.004,43.0,20.0
2018/09/20,Thursday,,,송파구,0.0,1.0,18.0,20.0,송파구,0.017,0.028,0.5,0.003,14.0,8.0
2018/09/21,Friday,,,송파구,0.0,1.0,18.0,22.0,송파구,0.016,0.024,0.5,0.002,8.0,3.0
2018/09/22,Saturday,,1.0,송파구,0.0,1.0,17.0,26.0,송파구,0.022,0.027000000000000003,0.6,0.003,28.0,10.0
2018/09/23,Sunday,추석,1.0,송파구,0.0,1.0,16.0,25.0,송파구,0.019,0.029,0.5,0.004,29.0,10.0
2018/09/24,Monday,추석,1.0,송파구,1.0,0.0,14.0,22.0,송파구,0.012,0.029,0.5,0.002,14.0,6.0
2018/09/25,Tuesday,추석,1.0,송파구,1.0,0.0,11.0,24.0,송파구,0.015,0.021,0.5,0.003,15.0,7.0
2018/09/26,Wednesday,대체휴무일,1.0,송파구,1.0,0.0,16.0,25.0,송파구,0.01,0.031,0.4,0.002,10.0,5.0
2018/09/27,Thursday,,,송파구,1.0,0.0,13.0,25.0,송파구,0.012,0.032,0.5,0.003,9.0,4.0
2018/09/28,Friday,,,송파구,1.0,0.0,14.0,22.0,송파구,0.019,0.021,0.4,0.003,14.0,6.0
2018/09/29,Saturday,,1.0,송파구,1.0,0.0,15.0,27.0,송파구,0.019,0.02,0.5,0.003,15.0,7.0
2018/09/30,Sunday,,1.0,송파구,1.0,0.0,14.0,22.0,송파구,0.019,0.023,0.5,0.003,24.0,10.0
2018/10/01,Monday,,,송파구,0.0,1.0,13.0,20.0,송파구,0.012,0.031,0.4,0.003,20.0,8.0
2018/10/02,Tuesday,,,송파구,1.0,0.0,10.0,22.0,송파구,0.022,0.024,0.6,0.003,26.0,13.0
2018/10/03,Wednesday,개천절,1.0,송파구,1.0,0.0,11.0,24.0,송파구,0.027000000000000003,0.021,0.6,0.003,27.0,14.0
2018/10/04,Thursday,,,송파구,1.0,0.0,13.0,26.0,송파구,0.022,0.022,0.6,0.003,21.0,11.0
2018/10/05,Friday,,,송파구,0.0,1.0,16.0,19.0,송파구,0.016,0.031,0.5,0.003,10.0,5.0
2018/10/06,Saturday,,1.0,송파구,0.0,1.0,16.0,22.0,송파구,0.01,0.038,0.4,0.003,5.0,3.0
2018/10/07,Sunday,,1.0,송파구,1.0,0.0,12.0,21.0,송파구,0.016,0.023,0.5,0.003,27.0,11.0
2018/10/08,Monday,,,송파구,1.0,0.0,9.0,21.0,송파구,0.024,0.017,0.5,0.003,23.0,7.0
2018/10/09,Tuesday,한글날,1.0,송파구,0.0,1.0,11.0,20.0,송파구,0.026,0.01,0.6,0.003,27.0,11.0
2018/10/10,Wednesday,,,송파구,0.0,1.0,8.0,17.0,송파구,0.014,0.025,0.5,0.003,19.0,10.0
2018/10/11,Thursday,,,송파구,1.0,0.0,6.0,14.0,송파구,0.016,0.018000000000000002,0.5,0.002,18.0,8.0
2018/10/12,Friday,,,송파구,1.0,0.0,5.0,17.0,송파구,0.028,0.01,0.6,0.003,24.0,11.0
2018/10/13,Saturday,,1.0,송파구,1.0,0.0,6.0,20.0,송파구,0.03,0.012,0.6,0.003,27.0,14.0
2018/10/14,Sunday,,1.0,송파구,1.0,0.0,7.0,20.0,송파구,0.024,0.025,0.6,0.004,26.0,15.0
2018/10/15,Monday,,,송파구,1.0,0.0,11.0,21.0,송파구,0.031,0.022,0.8,0.004,50.0,27.0
2018/10/16,Tuesday,,,송파구,1.0,0.0,10.0,20.0,송파구,0.032,0.015,0.8,0.003,49.0,23.0
2018/10/17,Wednesday,,,송파구,1.0,0.0,8.0,19.0,송파구,0.03,0.015,0.7,0.003,36.0,17.0
2018/10/18,Thursday,,,송파구,0.0,1.0,8.0,19.0,송파구,0.022,0.015,0.5,0.004,18.0,8.0
2018/10/19,Friday,,,송파구,1.0,0.0,7.0,20.0,송파구,0.022,0.018000000000000002,0.5,0.003,18.0,8.0
2018/10/20,Saturday,,1.0,송파구,1.0,0.0,7.0,21.0,송파구,0.034,0.012,0.8,0.004,38.0,17.0
2018/10/21,Sunday,,1.0,송파구,1.0,0.0,7.0,21.0,송파구,0.03,0.019,0.7,0.003,38.0,19.0
2018/10/22,Monday,,,송파구,1.0,0.0,9.0,21.0,송파구,0.04,0.013,0.8,0.004,47.0,23.0
2018/10/23,Tuesday,,,송파구,0.0,1.0,10.0,17.0,송파구,0.039,0.011,0.8,0.003,41.0,21.0
2018/10/24,Wednesday,,,송파구,1.0,0.0,8.0,19.0,송파구,0.028,0.014,0.7,0.003,40.0,15.0
2018/10/25,Thursday,,,송파구,1.0,0.0,7.0,21.0,송파구,0.033,0.015,0.9,0.004,45.0,17.0
2018/10/26,Friday,,,송파구,0.0,1.0,10.0,15.0,송파구,0.033,0.011,0.7,0.003,34.0,17.0
2018/10/27,Saturday,,1.0,송파구,1.0,0.0,6.0,12.0,송파구,0.012,0.025,0.5,0.003,27.0,6.0
2018/10/28,Sunday,,1.0,송파구,0.0,1.0,5.0,14.0,송파구,0.025,0.014,0.6,0.002,15.0,8.0
2018/10/29,Monday,,,송파구,0.0,1.0,3.0,12.0,송파구,0.024,0.003,0.6,0.003,15.0,7.0
2018/10/30,Tuesday,,,송파구,0.0,1.0,1.0,12.0,송파구,0.0,0.0,0.0,0.0,0.0,0.0
2018/10/31,Wednesday,,,송파구,0.0,1.0,3.0,13.0,송파구,0.0,0.0,0.0,0.0,0.0,0.0
2018/11/01,Thursday,,,송파구,1.0,0.0,3.0,15.0,송파구,0.0,0.0,0.0,0.0,0.0,0.0
2018/11/02,Friday,,,송파구,1.0,0.0,4.0,19.0,송파구,0.0,0.0,0.0,0.0,0.0,0.0
2018/11/03,Saturday,,1.0,송파구,1.0,0.0,5.0,19.0,송파구,0.0,0.0,0.0,0.0,0.0,0.0
2018/11/04,Sunday,,1.0,송파구,1.0,0.0,5.0,19.0,송파구,0.0,0.0,0.0,0.0,0.0,0.0
2018/11/05,Monday,,,송파구,1.0,0.0,7.0,18.0,송파구,0.0,0.0,0.0,0.0,0.0,0.0
2018/11/06,Tuesday,,,송파구,1.0,0.0,8.0,18.0,송파구,0.0,0.0,0.0,0.0,0.0,0.0
2018/11/07,Wednesday,,,송파구,0.0,1.0,10.0,16.0,송파구,0.0,0.0,0.0,0.0,0.0,0.0
2018/11/08,Thursday,,,송파구,0.0,1.0,11.0,15.0,송파구,0.0,0.0,0.0,0.0,0.0,0.0
2018/11/09,Friday,,,송파구,0.0,1.0,10.0,15.0,송파구,0.0,0.0,0.0,0.0,0.0,0.0
2018/11/10,Saturday,,1.0,송파구,0.0,1.0,9.0,17.0,송파구,0.0,0.0,0.0,0.0,0.0,0.0
2018/11/11,Sunday,,1.0,송파구,0.0,1.0,5.0,11.0,송파구,0.0,0.0,0.0,0.0,0.0,0.0
2018/11/12,Monday,,,송파구,1.0,0.0,3.0,15.0,송파구,0.034,0.021,0.4,0.003,0.0,0.0
2018/11/13,Tuesday,,,송파구,1.0,0.0,4.0,15.0,송파구,0.048,0.008,0.7,0.004,50.0,25.0
2018/11/14,Wednesday,,,송파구,1.0,0.0,5.0,17.0,송파구,0.049,0.009000000000000001,0.7,0.004,51.0,24.0
2018/11/15,Thursday,,,송파구,1.0,0.0,5.0,16.0,송파구,0.055,0.006,0.7,0.004,71.0,37.0
2018/11/16,Friday,,,송파구,1.0,0.0,4.0,15.0,송파구,0.057,0.004,0.9,0.005,91.0,51.0
2018/11/17,Saturday,,1.0,송파구,1.0,0.0,1.0,11.0,,,,,,,
2018/11/18,Sunday,,1.0,송파구,1.0,0.0,2.0,11.0,,,,,,,
2018/11/19,Monday,,,송파구,1.0,0.0,3.0,11.0,송파구,0.047,0.005,0.9,0.005,68.0,38.0
2018/11/20,Tuesday,,,송파구,0.0,1.0,0.0,13.0,송파구,0.046,0.01,0.6,0.005,58.0,22.0
2018/11/21,Wednesday,,,송파구,0.0,1.0,3.0,8.0,송파구,0.044,0.009000000000000001,0.5,0.004,40.0,19.0
2018/11/22,Thursday,,,송파구,1.0,0.0,-1.0,7.0,송파구,0.029,0.018000000000000002,0.4,0.003,28.0,9.0
2018/11/23,Friday,,,송파구,1.0,0.0,-3.0,8.0,송파구,0.038,0.012,0.5,0.003,30.0,13.0
2018/11/24,Saturday,,1.0,송파구,0.0,1.0,0.0,4.0,송파구,0.038,0.009000000000000001,0.4,0.003,25.0,16.0
2018/11/25,Sunday,,1.0,송파구,1.0,0.0,1.0,10.0,송파구,0.042,0.005,0.7,0.003,54.0,40.0
2018/11/26,Monday,,,송파구,1.0,0.0,2.0,14.0,송파구,0.043,0.005,0.8,0.005,61.0,45.0
2018/11/27,Tuesday,,,송파구,1.0,0.0,3.0,13.0,송파구,0.048,0.003,1.0,0.005,185.0,59.0
2018/11/28,Wednesday,,,송파구,1.0,0.0,2.0,11.0,송파구,0.036000000000000004,0.012,0.5,0.004,151.0,33.0
2018/11/29,Thursday,,,송파구,0.0,1.0,1.0,7.0,송파구,0.047,0.002,0.7,0.004,100.0,31.0
2018/11/30,Friday,,,송파구,1.0,0.0,-2.0,8.0,송파구,0.05,0.005,0.7,0.004,89.0,35.0
2018/12/01,Saturday,,1.0,송파구,1.0,0.0,1.0,12.0,송파구,0.052000000000000005,0.006,0.7,0.004,61.0,28.0
2018/12/02,Sunday,,1.0,송파구,1.0,0.0,3.0,12.0,송파구,0.046,0.004,0.8,0.003,66.0,36.0
2018/12/03,Monday,,,송파구,0.0,1.0,9.0,14.0,송파구,0.051,0.003,0.8,0.003,49.0,32.0
2018/12/04,Tuesday,,,송파구,0.0,1.0,0.0,12.0,송파구,0.034,0.005,0.7,0.002,36.0,25.0
2018/12/05,Wednesday,,,송파구,1.0,0.0,-4.0,3.0,송파구,0.029,0.011,0.4,0.003,33.0,14.0
2018/12/06,Thursday,,,송파구,0.0,1.0,-1.0,7.0,송파구,0.037000000000000005,0.006999999999999999,0.5,0.003,43.0,19.0
2018/12/07,Friday,,,송파구,1.0,0.0,-10.0,-1.0,송파구,0.019,0.02,0.3,0.003,27.0,10.0
2018/12/08,Saturday,,1.0,송파구,1.0,0.0,-11.0,-4.0,송파구,0.021,0.018000000000000002,0.4,0.003,27.0,8.0
2018/12/09,Sunday,,1.0,송파구,1.0,0.0,-12.0,-2.0,송파구,0.024,0.017,0.5,0.003,27.0,11.0
2018/12/10,Monday,,,송파구,1.0,0.0,-8.0,5.0,송파구,0.048,0.006,0.7,0.003,42.0,21.0
2018/12/11,Tuesday,,,송파구,1.0,0.0,-2.0,3.0,송파구,0.046,0.004,0.6,0.003,42.0,22.0
2018/12/12,Wednesday,,,송파구,1.0,0.0,-5.0,2.0,송파구,0.037000000000000005,0.012,0.6,0.004,52.0,27.0
2018/12/13,Thursday,,,송파구,0.0,1.0,-6.0,2.0,송파구,0.041,0.009000000000000001,0.6,0.004,43.0,28.0
2018/12/14,Friday,,,송파구,1.0,0.0,-8.0,1.0,송파구,0.04,0.008,0.6,0.004,36.0,18.0
2018/12/15,Saturday,,1.0,송파구,1.0,0.0,-8.0,3.0,송파구,0.051,0.004,0.8,0.004,54.0,35.0
2018/12/16,Sunday,,1.0,송파구,0.0,1.0,-3.0,2.0,송파구,0.051,0.003,0.8,0.004,54.0,41.0
2018/12/17,Monday,,,송파구,0.0,1.0,-2.0,6.0,송파구,0.045,0.008,0.8,0.005,75.0,53.0
2018/12/18,Tuesday,,,송파구,1.0,0.0,-3.0,7.0,송파구,0.051,0.006,0.8,0.004,48.0,29.0
2018/12/19,Wednesday,,,송파구,1.0,0.0,1.0,10.0,송파구,0.053,0.006,0.8,0.005,59.0,34.0
2018/12/20,Thursday,,,송파구,1.0,0.0,-1.0,10.0,송파구,0.061,0.005,1.0,0.005,64.0,37.0
2018/12/21,Friday,,,송파구,1.0,0.0,0.0,10.0,송파구,0.062,0.003,1.0,0.005,79.0,47.0
2018/12/22,Saturday,,1.0,송파구,1.0,0.0,3.0,12.0,송파구,0.071,0.006,1.2,0.006,98.0,68.0
2018/12/23,Sunday,,1.0,송파구,1.0,0.0,-3.0,8.0,송파구,0.031,0.017,0.6,0.004,59.0,32.0
2018/12/24,Monday,,,송파구,1.0,0.0,-6.0,3.0,송파구,0.035,0.012,0.5,0.004,28.0,12.0
2018/12/25,Tuesday,기독탄신일,1.0,송파구,1.0,0.0,-4.0,5.0,송파구,0.049,0.004,0.6,0.004,38.0,23.0
2018/12/26,Wednesday,,,송파구,1.0,0.0,-7.0,3.0,송파구,0.036000000000000004,0.01,0.6,0.004,56.0,29.0
2018/12/27,Thursday,,,송파구,1.0,0.0,-13.0,-7.0,송파구,0.022,0.017,0.4,0.003,31.0,8.0
2018/12/28,Friday,,,송파구,1.0,0.0,-14.0,-7.0,송파구,0.027000000000000003,0.012,0.5,0.004,39.0,12.0
2018/12/29,Saturday,,1.0,송파구,1.0,0.0,-11.0,-3.0,송파구,0.024,0.017,0.4,0.003,44.0,8.0
2018/12/30,Sunday,,1.0,송파구,1.0,0.0,-11.0,-1.0,송파구,0.031,0.012,0.6,0.004,34.0,16.0
2018/12/31,Monday,,,송파구,1.0,0.0,-11.0,-1.0,송파구,0.047,0.005,0.8,0.004,47.0,28.0
2019/01/01,Tuesday,1월1일,1.0,송파구,1.0,0.0,-8.0,-1.0,송파구,0.042,0.011,0.8,0.004,44.0,28.0
2019/01/02,Wednesday,,,송파구,1.0,0.0,-9.0,0.0,송파구,0.042,0.009000000000000001,0.7,0.004,37.0,21.0
2019/01/03,Thursday,,,송파구,1.0,0.0,-8.0,3.0,송파구,0.055,0.004,0.9,0.005,51.0,29.0
2019/01/04,Friday,,,송파구,1.0,0.0,-6.0,4.0,송파구,0.063,0.004,1.1,0.006,63.0,40.0
2019/01/05,Saturday,,1.0,송파구,1.0,0.0,-6.0,1.0,송파구,0.038,0.013,0.7,0.005,69.0,41.0
2019/01/06,Sunday,,1.0,송파구,1.0,0.0,-6.0,3.0,송파구,0.043,0.006999999999999999,0.7,0.005,58.0,25.0
2019/01/07,Monday,,,송파구,1.0,0.0,-6.0,3.0,송파구,0.055,0.006,0.9,0.005,57.0,35.0
2019/01/08,Tuesday,,,송파구,1.0,0.0,-7.0,1.0,송파구,0.031,0.016,0.5,0.005,47.0,19.0
2019/01/09,Wednesday,,,송파구,1.0,0.0,-9.0,1.0,송파구,0.036000000000000004,0.01,0.6,0.004,59.0,21.0
2019/01/10,Thursday,,,송파구,1.0,0.0,-5.0,3.0,송파구,0.056,0.003,0.8,0.005,68.0,35.0
2019/01/11,Friday,,,송파구,1.0,0.0,0.0,7.0,송파구,0.056,0.004,0.9,0.005,80.0,56.0
2019/01/12,Saturday,,1.0,송파구,1.0,0.0,-1.0,8.0,송파구,0.064,0.006,1.0,0.006999999999999999,90.0,62.0
2019/01/13,Sunday,,1.0,송파구,1.0,0.0,-3.0,8.0,송파구,0.062,0.009000000000000001,1.2,0.006999999999999999,105.0,72.0
2019/01/14,Monday,,,송파구,1.0,0.0,-2.0,5.0,송파구,0.076,0.004,1.5,0.006999999999999999,157.0,124.0
2019/01/15,Tuesday,,,송파구,0.0,1.0,-7.0,3.0,송파구,0.042,0.015,1.0,0.006,133.0,88.0
2019/01/16,Wednesday,,,송파구,0.0,1.0,-10.0,-1.0,송파구,0.032,0.011,0.5,0.004,55.0,18.0
2019/01/17,Thursday,,,송파구,0.0,1.0,-3.0,4.0,송파구,0.042,0.009000000000000001,0.6,0.005,48.0,23.0
2019/01/18,Friday,,,송파구,1.0,0.0,-5.0,7.0,송파구,0.059,0.005,0.8,0.006,60.0,36.0
2019/01/19,Saturday,,1.0,송파구,1.0,0.0,0.0,9.0,송파구,0.064,0.008,1.0,0.008,98.0,69.0
2019/01/20,Sunday,,1.0,송파구,1.0,0.0,-6.0,4.0,송파구,0.027000000000000003,0.02,0.5,0.005,72.0,36.0
2019/01/21,Monday,,,송파구,0.0,1.0,-7.0,4.0,송파구,0.039,0.009000000000000001,0.5,0.004,43.0,20.0
2019/01/22,Tuesday,,,송파구,1.0,0.0,-3.0,7.0,송파구,0.049,0.009000000000000001,0.9,0.006,66.0,32.0
2019/01/23,Wednesday,,,송파구,1.0,0.0,-1.0,7.0,송파구,0.047,0.01,0.9,0.005,77.0,45.0
2019/01/24,Thursday,,,송파구,1.0,0.0,-5.0,7.0,송파구,0.051,0.006,0.7,0.004,44.0,20.0
2019/01/25,Friday,,,송파구,1.0,0.0,-4.0,3.0,송파구,0.04,0.012,0.6,0.004,51.0,19.0
2019/01/26,Saturday,,1.0,송파구,1.0,0.0,-7.0,2.0,송파구,0.025,0.018000000000000002,0.5,0.003,43.0,16.0
2019/01/27,Sunday,,1.0,송파구,1.0,0.0,-7.0,5.0,송파구,0.035,0.012,0.5,0.004,36.0,17.0
2019/01/28,Monday,,,송파구,0.0,1.0,-2.0,5.0,송파구,0.028,0.017,0.5,0.004,86.0,22.0
2019/01/29,Tuesday,,,송파구,1.0,0.0,-6.0,7.0,송파구,0.044,0.008,0.6,0.004,74.0,19.0
2019/01/30,Wednesday,,,송파구,1.0,0.0,-3.0,7.0,송파구,0.061,0.005,0.8,0.005,67.0,32.0
2019/01/31,Thursday,,,송파구,1.0,0.0,-6.0,2.0,송파구,0.034,0.01,0.5,0.004,80.0,19.0
2019/02/01,Friday,,,송파구,0.0,1.0,-7.0,3.0,송파구,0.035,0.011,0.5,0.004,37.0,14.0
2019/02/02,Saturday,,1.0,송파구,0.0,1.0,-3.0,6.0,송파구,0.042,0.006999999999999999,0.6,0.003,57.0,32.0
2019/02/03,Sunday,,1.0,송파구,0.0,1.0,2.0,5.0,송파구,0.035,0.012,0.7,0.003,37.0,30.0
2019/02/04,Monday,설날,1.0,송파구,1.0,0.0,-3.0,3.0,송파구,0.023,0.021,0.5,0.003,71.0,32.0
2019/02/05,Tuesday,설날,1.0,송파구,1.0,0.0,-4.0,10.0,송파구,0.039,0.012,0.6,0.004,85.0,22.0
2019/02/06,Wednesday,설날,1.0,송파구,1.0,0.0,0.0,9.0,송파구,0.044,0.012,0.7,0.005,91.0,31.0
2019/02/07,Thursday,,,송파구,0.0,1.0,-8.0,6.0,송파구,0.024,0.021,0.5,0.003,59.0,28.0
2019/02/08,Friday,,,송파구,1.0,0.0,-10.0,-1.0,송파구,0.032,0.013,0.5,0.003,32.0,13.0
2019/02/09,Saturday,,1.0,송파구,1.0,0.0,-9.0,-2.0,송파구,0.025,0.018000000000000002,0.5,0.003,34.0,13.0
2019/02/10,Sunday,,1.0,송파구,1.0,0.0,-9.0,-2.0,송파구,0.031,0.014,0.6,0.004,43.0,19.0
2019/02/11,Monday,,,송파구,1.0,0.0,-8.0,2.0,송파구,0.03,0.018000000000000002,0.5,0.004,37.0,18.0
2019/02/12,Tuesday,,,송파구,0.0,1.0,-4.0,4.0,송파구,0.043,0.013,0.8,0.005,57.0,32.0
2019/02/13,Wednesday,,,송파구,1.0,0.0,-6.0,3.0,송파구,0.033,0.019,0.5,0.004,40.0,17.0
2019/02/14,Thursday,,,송파구,1.0,0.0,-6.0,6.0,송파구,0.04,0.014,0.6,0.004,55.0,23.0
2019/02/15,Friday,,,송파구,0.0,1.0,-3.0,1.0,송파구,0.044,0.01,0.6,0.004,38.0,25.0
2019/02/16,Saturday,,1.0,송파구,0.0,1.0,-5.0,2.0,송파구,0.026,0.025,0.8,0.004,58.0,43.0
2019/02/17,Sunday,,1.0,송파구,1.0,0.0,-7.0,5.0,송파구,0.029,0.022,0.6,0.004,36.0,21.0
2019/02/18,Monday,,,송파구,1.0,0.0,-5.0,6.0,송파구,0.053,0.006,0.8,0.004,46.0,25.0
2019/02/19,Tuesday,,,송파구,0.0,1.0,0.0,3.0,송파구,0.05,0.004,0.7,0.003,43.0,31.0
2019/02/20,Wednesday,,,송파구,0.0,1.0,0.0,5.0,송파구,0.036000000000000004,0.02,0.7,0.003,56.0,44.0
2019/02/21,Thursday,,,송파구,1.0,0.0,-3.0,9.0,송파구,0.056,0.009000000000000001,1.1,0.004,83.0,63.0
2019/02/22,Friday,,,송파구,1.0,0.0,-2.0,11.0,송파구,0.057,0.009000000000000001,1.0,0.004,75.0,52.0
2019/02/23,Saturday,,1.0,송파구,1.0,0.0,1.0,15.0,송파구,0.048,0.015,0.8,0.004,54.0,33.0
2019/02/24,Sunday,,1.0,송파구,1.0,0.0,1.0,14.0,송파구,0.048,0.018000000000000002,0.8,0.005,60.0,40.0
2019/02/25,Monday,,,송파구,1.0,0.0,1.0,10.0,송파구,0.044,0.019,0.8,0.005,86.0,61.0
2019/02/26,Tuesday,,,송파구,1.0,0.0,-2.0,12.0,송파구,0.049,0.011,0.7,0.004,52.0,24.0
2019/02/27,Wednesday,,,송파구,1.0,0.0,5.0,14.0,송파구,0.052000000000000005,0.016,0.7,0.006,65.0,37.0
2019/02/28,Thursday,,,송파구,1.0,0.0,2.0,13.0,송파구,0.064,0.013,0.9,0.006999999999999999,89.0,55.0
2019/03/01,Friday,삼일절,1.0,송파구,1.0,0.0,1.0,13.0,송파구,0.057,0.023,1.0,0.006,117.0,78.0
2019/03/02,Saturday,,1.0,송파구,1.0,0.0,1.0,15.0,송파구,0.061,0.019,1.1,0.005,117.0,76.0
2019/03/03,Sunday,,1.0,송파구,1.0,0.0,3.0,16.0,송파구,0.052000000000000005,0.024,0.9,0.004,94.0,62.0
2019/03/04,Monday,,,송파구,1.0,0.0,5.0,16.0,송파구,0.06,0.022,1.0,0.005,151.0,101.0
2019/03/05,Tuesday,,,송파구,1.0,0.0,6.0,13.0,송파구,0.035,0.037000000000000005,0.9,0.005,176.0,127.0
2019/03/06,Wednesday,,,송파구,1.0,0.0,6.0,12.0,송파구,0.054000000000000006,0.023,0.8,0.005,134.0,95.0
2019/03/07,Thursday,,,송파구,1.0,0.0,3.0,13.0,송파구,0.033,0.03,0.6,0.003,52.0,33.0
2019/03/08,Friday,,,송파구,1.0,0.0,1.0,13.0,송파구,0.05,0.004,0.6,0.004,55.0,29.0
2019/03/09,Saturday,,1.0,송파구,1.0,0.0,0.0,15.0,,,,,,,
2019/03/10,Sunday,,1.0,송파구,1.0,0.0,7.0,15.0,,,,,,,
2019/03/11,Monday,,,송파구,0.0,1.0,4.0,10.0,,,,,,,
2019/03/12,Tuesday,,,송파구,0.0,1.0,0.0,8.0,,,,,,,
2019/03/13,Wednesday,,,송파구,0.0,1.0,0.0,9.0,,,,,,,
2019/03/14,Thursday,,,송파구,0.0,1.0,-2.0,10.0,송파구,0.034,0.025,0.5,0.004,41.0,15.0
2019/03/15,Friday,,,송파구,0.0,1.0,2.0,11.0,송파구,0.035,0.029,0.5,0.003,70.0,39.0
2019/03/16,Saturday,,1.0,송파구,1.0,0.0,0.0,9.0,,,,,,,
2019/03/17,Sunday,,1.0,송파구,1.0,0.0,3.0,12.0,,,,,,,
2019/03/18,Monday,,,송파구,1.0,0.0,1.0,14.0,송파구,0.05,0.014,0.6,0.005,39.0,21.0
2019/03/19,Tuesday,,,송파구,1.0,0.0,3.0,17.0,송파구,0.061,0.022,0.8,0.006999999999999999,68.0,40.0
2019/03/20,Wednesday,,,송파구,0.0,1.0,7.0,15.0,송파구,0.057,0.022,0.8,0.004,100.0,71.0
2019/03/21,Thursday,,,송파구,0.0,1.0,2.0,11.0,송파구,0.028,0.033,0.4,0.003,34.0,25.0
2019/03/22,Friday,,,송파구,1.0,0.0,-1.0,8.0,송파구,0.023,0.032,0.4,0.003,40.0,18.0
2019/03/23,Saturday,,1.0,송파구,0.0,1.0,0.0,8.0,송파구,0.03,0.027000000000000003,0.4,0.003,26.0,12.0
2019/03/24,Sunday,,1.0,송파구,1.0,0.0,-1.0,10.0,송파구,0.024,0.032,0.4,0.003,28.0,11.0
2019/03/25,Monday,,,송파구,1.0,0.0,3.0,12.0,송파구,0.031,0.037000000000000005,0.4,0.004,51.0,28.0
2019/03/26,Tuesday,,,송파구,1.0,0.0,7.0,18.0,송파구,0.039,0.028,0.5,0.004,56.0,33.0
2019/03/27,Wednesday,,,송파구,1.0,0.0,9.0,16.0,송파구,0.032,0.045,0.6,0.004,87.0,58.0
2019/03/28,Thursday,,,송파구,1.0,0.0,6.0,15.0,송파구,0.034,0.03,0.6,0.003,88.0,58.0
2019/03/29,Friday,,,송파구,0.0,1.0,6.0,15.0,송파구,0.029,0.033,0.4,0.003,41.0,21.0
2019/03/30,Saturday,,1.0,송파구,0.0,1.0,4.0,8.0,송파구,0.022,0.034,0.4,0.002,35.0,27.0
2019/03/31,Sunday,,1.0,송파구,0.0,1.0,3.0,8.0,송파구,0.02,0.031,0.4,0.002,44.0,27.0
2019/04/01,Monday,,,송파구,1.0,0.0,0.0,11.0,송파구,0.023,0.031,0.3,0.003,24.0,14.0
2019/04/02,Tuesday,,,송파구,1.0,0.0,1.0,13.0,송파구,0.035,0.024,0.5,0.003,32.0,18.0
2019/04/03,Wednesday,,,송파구,1.0,0.0,2.0,14.0,송파구,0.037000000000000005,0.027000000000000003,0.4,0.004,38.0,24.0
2019/04/04,Thursday,,,송파구,1.0,0.0,3.0,16.0,송파구,0.031,0.032,0.4,0.004,36.0,21.0
2019/04/05,Friday,,,송파구,0.0,1.0,7.0,17.0,송파구,0.027000000000000003,0.036000000000000004,0.4,0.003,82.0,27.0
2019/04/06,Saturday,,1.0,송파구,0.0,1.0,6.0,12.0,송파구,0.05,0.008,0.6,0.003,67.0,22.0
2019/04/07,Sunday,,1.0,송파구,1.0,0.0,6.0,20.0,송파구,0.024,0.03,0.4,0.003,35.0,18.0
2019/04/08,Monday,,,송파구,1.0,0.0,8.0,17.0,송파구,0.028,0.029,0.4,0.003,38.0,14.0
2019/04/09,Tuesday,,,송파구,0.0,1.0,5.0,14.0,송파구,0.031,0.022,0.4,0.003,30.0,12.0
2019/04/10,Wednesday,,,송파구,0.0,1.0,5.0,10.0,송파구,0.025,0.026,0.4,0.002,9.0,8.0
2019/04/11,Thursday,,,송파구,1.0,0.0,4.0,16.0,송파구,0.036000000000000004,0.018000000000000002,0.6,0.003,31.0,21.0
2019/04/12,Friday,,,송파구,1.0,0.0,6.0,18.0,송파구,0.039,0.026,0.5,0.004,47.0,31.0
2019/04/13,Saturday,,1.0,송파구,1.0,0.0,6.0,18.0,송파구,0.042,0.032,0.5,0.004,48.0,33.0
2019/04/14,Sunday,,1.0,송파구,0.0,1.0,7.0,14.0,송파구,0.029,0.036000000000000004,0.4,0.003,39.0,23.0
2019/04/15,Monday,,,송파구,1.0,0.0,4.0,18.0,송파구,0.039,0.024,0.5,0.003,49.0,17.0
2019/04/16,Tuesday,,,송파구,1.0,0.0,7.0,23.0,송파구,0.05,0.022,0.5,0.004,48.0,23.0
2019/04/17,Wednesday,,,송파구,1.0,0.0,9.0,22.0,송파구,0.046,0.025,0.6,0.005,42.0,21.0
2019/04/18,Thursday,,,송파구,0.0,1.0,10.0,16.0,송파구,0.036000000000000004,0.021,0.4,0.004,37.0,27.0
2019/04/19,Friday,,,송파구,1.0,0.0,10.0,20.0,송파구,0.025,0.024,0.4,0.002,47.0,28.0
2019/04/20,Saturday,,1.0,송파구,0.0,1.0,10.0,19.0,송파구,0.03,0.027000000000000003,0.4,0.003,47.0,27.0
2019/04/21,Sunday,,1.0,송파구,0.0,1.0,12.0,20.0,송파구,0.02,0.035,0.4,0.002,37.0,32.0
2019/04/22,Monday,,,송파구,1.0,0.0,11.0,28.0,송파구,0.043,0.026,0.6,0.003,94.0,46.0
2019/04/23,Tuesday,,,송파구,0.0,1.0,15.0,26.0,송파구,0.051,0.031,0.7,0.005,99.0,50.0
2019/04/24,Wednesday,,,송파구,0.0,1.0,16.0,26.0,송파구,0.035,0.025,0.5,0.003,58.0,48.0
2019/04/25,Thursday,,,송파구,0.0,1.0,9.0,17.0,송파구,0.027000000000000003,0.018000000000000002,0.4,0.003,37.0,24.0
2019/04/26,Friday,,,송파구,0.0,1.0,6.0,10.0,송파구,0.021,0.026,0.3,0.002,7.0,10.0
2019/04/27,Saturday,,1.0,송파구,1.0,0.0,4.0,18.0,송파구,0.028,0.024,0.4,0.002,20.0,14.0
2019/04/28,Sunday,,1.0,송파구,0.0,1.0,10.0,17.0,송파구,0.02,0.036000000000000004,0.4,0.003,17.0,15.0
2019/04/29,Monday,,,송파구,1.0,0.0,8.0,17.0,송파구,0.041,0.013,0.5,0.002,28.0,20.0
2019/04/30,Tuesday,,,송파구,1.0,0.0,9.0,23.0,송파구,0.039,0.024,0.5,0.003,35.0,26.0
2019/05/01,Wednesday,,,송파구,1.0,0.0,11.0,22.0,송파구,0.03,0.032,0.5,0.003,64.0,31.0
2019/05/02,Thursday,,,송파구,1.0,0.0,11.0,25.0,송파구,0.033,0.026,0.4,0.003,60.0,21.0
2019/05/03,Friday,,,송파구,1.0,0.0,10.0,26.0,송파구,0.044,0.034,0.6,0.005,54.0,28.0
2019/05/04,Saturday,,1.0,송파구,1.0,0.0,12.0,27.0,송파구,0.049,0.045,0.7,0.006,93.0,64.0
2019/05/05,Sunday,어린이날,1.0,송파구,1.0,0.0,14.0,27.0,송파구,0.037000000000000005,0.046,0.6,0.005,57.0,41.0
2019/05/06,Monday,대체공휴일,1.0,송파구,0.0,1.0,10.0,20.0,송파구,0.014,0.038,0.3,0.002,32.0,14.0
2019/05/07,Tuesday,,,송파구,1.0,0.0,8.0,22.0,송파구,0.033,0.031,0.4,0.003,50.0,21.0
2019/05/08,Wednesday,,,송파구,1.0,0.0,10.0,21.0,송파구,0.029,0.048,0.4,0.005,49.0,25.0
2019/05/09,Thursday,,,송파구,1.0,0.0,12.0,23.0,송파구,0.028,0.041,0.4,0.004,49.0,31.0
2019/05/10,Friday,,,송파구,1.0,0.0,10.0,27.0,송파구,0.049,0.036000000000000004,0.5,0.004,62.0,39.0
2019/05/11,Saturday,,1.0,송파구,1.0,0.0,13.0,28.0,송파구,0.06,0.029,0.6,0.005,68.0,41.0
2019/05/12,Sunday,부처님오신날,1.0,송파구,1.0,0.0,15.0,29.0,송파구,0.039,0.051,0.5,0.005,53.0,38.0
2019/05/13,Monday,,,송파구,0.0,1.0,16.0,23.0,송파구,0.045,0.036000000000000004,0.5,0.005,54.0,39.0
2019/05/14,Tuesday,,,송파구,1.0,0.0,13.0,27.0,송파구,0.037000000000000005,0.038,0.4,0.005,47.0,39.0
2019/05/15,Wednesday,,,송파구,1.0,0.0,15.0,28.0,송파구,0.045,0.036000000000000004,0.6,0.005,66.0,50.0
2019/05/16,Thursday,,,송파구,1.0,0.0,17.0,30.0,송파구,0.047,0.037000000000000005,0.6,0.004,67.0,48.0
2019/05/17,Friday,,,송파구,1.0,0.0,18.0,28.0,송파구,0.056,0.028,0.6,0.005,57.0,43.0
2019/05/18,Saturday,,1.0,송파구,0.0,1.0,19.0,26.0,송파구,0.017,0.041,0.3,0.003,30.0,17.0
2019/05/19,Sunday,,1.0,송파구,0.0,1.0,18.0,22.0,송파구,0.014,0.026,0.3,0.002,7.0,13.0
2019/05/20,Monday,,,송파구,0.0,1.0,13.0,20.0,송파구,0.017,0.031,0.3,0.003,39.0,17.0
2019/05/21,Tuesday,,,송파구,1.0,0.0,12.0,24.0,송파구,0.022,0.042,0.4,0.004,49.0,23.0
2019/05/22,Wednesday,,,송파구,1.0,0.0,12.0,27.0,송파구,0.026,0.057,0.4,0.004,57.0,28.0
2019/05/23,Thursday,,,송파구,1.0,0.0,15.0,29.0,송파구,0.037000000000000005,0.063,0.6,0.005,72.0,40.0
2019/05/24,Friday,,,송파구,1.0,0.0,16.0,33.0,송파구,0.05,0.069,0.6,0.005,79.0,48.0
2019/05/25,Saturday,,1.0,송파구,1.0,0.0,18.0,29.0,송파구,0.031,0.064,0.6,0.005,96.0,63.0
2019/05/26,Sunday,,1.0,송파구,1.0,0.0,19.0,31.0,송파구,0.03,0.047,0.4,0.004,38.0,21.0
2019/05/27,Monday,,,송파구,0.0,1.0,14.0,22.0,송파구,0.019,0.033,0.3,0.003,21.0,15.0
2019/05/28,Tuesday,,,송파구,1.0,0.0,12.0,25.0,송파구,0.021,0.037000000000000005,0.3,0.003,22.0,9.0
2019/05/29,Wednesday,,,송파구,1.0,0.0,13.0,27.0,송파구,0.033,0.044,0.5,0.004,50.0,25.0
2019/05/30,Thursday,,,송파구,0.0,1.0,15.0,25.0,송파구,0.033,0.049,0.5,0.004,48.0,25.0
2019/05/31,Friday,,,송파구,1.0,0.0,16.0,23.0,송파구,0.019,0.053,0.3,0.003,21.0,11.0
2019/06/01,Saturday,,1.0,송파구,1.0,0.0,15.0,24.0,송파구,0.02,0.052000000000000005,0.3,0.003,36.0,26.0
2019/06/02,Sunday,,1.0,송파구,1.0,0.0,14.0,28.0,송파구,0.031,0.047,0.5,0.004,41.0,24.0
2019/06/03,Monday,,,송파구,1.0,0.0,16.0,30.0,송파구,0.039,0.047,0.5,0.003,43.0,22.0
2019/06/04,Tuesday,,,송파구,1.0,0.0,18.0,29.0,송파구,0.029,0.033,0.4,0.004,27.0,17.0
2019/06/05,Wednesday,,,송파구,1.0,0.0,18.0,30.0,송파구,0.032,0.041,0.5,0.003,64.0,47.0
2019/06/06,Thursday,현충일,1.0,송파구,0.0,1.0,19.0,25.0,송파구,0.04,0.027000000000000003,0.6,0.004,67.0,50.0
2019/06/07,Friday,,,송파구,0.0,1.0,17.0,25.0,송파구,0.016,0.056,0.3,0.002,11.0,9.0
2019/06/08,Saturday,,1.0,송파구,1.0,0.0,16.0,28.0,송파구,0.026,0.045,0.4,0.003,26.0,17.0
2019/06/09,Sunday,,1.0,송파구,0.0,1.0,17.0,27.0,송파구,0.024,0.05,0.5,0.005,50.0,40.0
2019/06/10,Monday,,,송파구,0.0,1.0,16.0,22.0,송파구,0.015,0.029,0.3,0.002,12.0,8.0
2019/06/11,Tuesday,,,송파구,1.0,0.0,16.0,26.0,송파구,0.018000000000000002,0.039,0.2,0.002,13.0,7.0
2019/06/12,Wednesday,,,송파구,1.0,0.0,16.0,26.0,송파구,0.038,0.026,0.4,0.003,37.0,22.0
2019/06/13,Thursday,,,송파구,1.0,0.0,17.0,29.0,송파구,0.038,0.033,0.4,0.003,32.0,20.0
2019/06/14,Friday,,,송파구,1.0,0.0,19.0,28.0,송파구,0.037000000000000005,0.033,0.4,0.003,40.0,26.0
2019/06/15,Saturday,,1.0,송파구,0.0,1.0,18.0,27.0,송파구,0.018000000000000002,0.046,0.4,0.002,41.0,21.0
2019/06/16,Sunday,,1.0,송파구,1.0,0.0,16.0,27.0,송파구,0.014,0.048,0.3,0.002,18.0,11.0
2019/06/17,Monday,,,송파구,0.0,1.0,18.0,26.0,송파구,0.018000000000000002,0.04,0.3,0.003,26.0,17.0
2019/06/18,Tuesday,,,송파구,0.0,1.0,17.0,25.0,송파구,0.027000000000000003,0.028,0.4,0.003,32.0,22.0
2019/06/19,Wednesday,,,송파구,0.0,1.0,19.0,25.0,송파구,0.025,0.044,0.4,0.002,37.0,27.0
2019/06/20,Thursday,,,송파구,1.0,0.0,20.0,28.0,송파구,0.025,0.046,0.4,0.002,35.0,24.0
2019/06/21,Friday,,,송파구,0.0,1.0,19.0,26.0,송파구,0.024,0.036000000000000004,0.4,0.002,33.0,22.0
2019/06/22,Saturday,,1.0,송파구,1.0,0.0,18.0,31.0,송파구,0.014,0.04,0.3,0.002,14.0,6.0
2019/06/23,Sunday,,1.0,송파구,1.0,0.0,19.0,31.0,송파구,0.013,0.043,0.3,0.002,16.0,9.0
2019/06/24,Monday,,,송파구,1.0,0.0,21.0,31.0,송파구,0.028,0.038,0.3,0.003,23.0,10.0
2019/06/25,Tuesday,,,송파구,1.0,0.0,20.0,33.0,송파구,0.034,0.048,0.4,0.003,32.0,18.0
2019/06/26,Wednesday,,,송파구,0.0,1.0,21.0,30.0,송파구,0.039,0.037000000000000005,0.4,0.003,34.0,19.0
2019/06/27,Thursday,,,송파구,0.0,1.0,22.0,31.0,송파구,0.019,0.042,0.3,0.002,16.0,8.0
2019/06/28,Friday,,,송파구,0.0,1.0,22.0,29.0,송파구,0.03,0.034,0.5,0.004,35.0,26.0
2019/06/29,Saturday,,1.0,송파구,0.0,1.0,20.0,28.0,송파구,0.021,0.03,0.4,0.003,22.0,15.0
2019/06/30,Sunday,,1.0,송파구,0.0,1.0,21.0,29.0,송파구,0.015,0.038,0.4,0.003,32.0,21.0
2019/07/01,Monday,,,송파구,1.0,0.0,21.0,29.0,송파구,0.019,0.053,0.5,0.003,33.0,23.0
2019/07/02,Tuesday,,,송파구,1.0,0.0,21.0,30.0,송파구,0.02,0.052000000000000005,0.4,0.003,28.0,20.0
2019/07/03,Wednesday,,,송파구,1.0,0.0,21.0,27.0,송파구,0.025,0.026,0.4,0.003,34.0,26.0
2019/07/04,Thursday,,,송파구,1.0,0.0,20.0,33.0,송파구,0.036000000000000004,0.031,0.4,0.003,33.0,21.0
2019/07/05,Friday,,,송파구,1.0,0.0,20.0,35.0,송파구,0.041,0.042,0.5,0.003,32.0,19.0
2019/07/06,Saturday,,1.0,송파구,1.0,0.0,25.0,36.0,송파구,0.023,0.048,0.4,0.003,25.0,16.0
2019/07/07,Sunday,,1.0,송파구,1.0,0.0,23.0,33.0,송파구,0.009000000000000001,0.046,0.3,0.002,17.0,9.0
2019/07/08,Monday,,,송파구,1.0,0.0,21.0,31.0,송파구,0.012,0.037000000000000005,0.2,0.002,10.0,4.0
2019/07/09,Tuesday,,,송파구,1.0,0.0,20.0,30.0,송파구,0.013,0.034,0.2,0.002,11.0,5.0
2019/07/10,Wednesday,,,송파구,0.0,1.0,19.0,27.0,송파구,0.014,0.028,0.2,0.002,10.0,5.0
2019/07/11,Thursday,,,송파구,0.0,1.0,20.0,26.0,송파구,0.015,0.02,0.3,0.002,9.0,2.0
2019/07/12,Friday,,,송파구,1.0,0.0,20.0,29.0,송파구,0.02,0.026,0.3,0.003,14.0,6.0
2019/07/13,Saturday,,1.0,송파구,0.0,1.0,22.0,30.0,송파구,0.019,0.04,0.4,0.003,27.0,20.0
2019/07/14,Sunday,,1.0,송파구,1.0,0.0,21.0,32.0,송파구,0.019,0.053,0.5,0.003,39.0,33.0
2019/07/15,Monday,,,송파구,0.0,1.0,22.0,27.0,송파구,0.027000000000000003,0.032,0.5,0.002,37.0,30.0
2019/07/16,Tuesday,,,송파구,0.0,1.0,21.0,29.0,송파구,0.026,0.033,0.5,0.002,31.0,22.0
2019/07/17,Wednesday,제헌절,1.0,송파구,1.0,0.0,22.0,29.0,송파구,0.034,0.039,0.6,0.003,55.0,47.0
2019/07/18,Thursday,,,송파구,1.0,0.0,23.0,32.0,송파구,0.031,0.058,0.6,0.003,54.0,47.0
2019/07/19,Friday,,,송파구,0.0,1.0,23.0,35.0,송파구,0.023,0.034,0.4,0.003,24.0,21.0
2019/07/20,Saturday,,1.0,송파구,0.0,1.0,25.0,32.0,송파구,0.01,0.014,0.2,0.002,7.0,4.0
2019/07/21,Sunday,,1.0,송파구,0.0,1.0,24.0,27.0,송파구,0.009000000000000001,0.02,0.3,0.002,12.0,8.0
2019/07/22,Monday,,,송파구,0.0,1.0,24.0,31.0,송파구,0.018000000000000002,0.047,0.4,0.003,38.0,30.0
2019/07/23,Tuesday,,,송파구,0.0,1.0,24.0,33.0,송파구,0.02,0.022,0.3,0.003,23.0,16.0
2019/07/24,Wednesday,,,송파구,0.0,1.0,25.0,27.0,송파구,0.019,0.013,0.2,0.002,17.0,10.0
2019/07/25,Thursday,,,송파구,0.0,1.0,26.0,27.0,송파구,0.024,0.018000000000000002,0.2,0.002,18.0,12.0
2019/07/26,Friday,,,송파구,0.0,1.0,24.0,26.0,송파구,0.026,0.023,0.3,0.002,14.0,12.0
2019/07/27,Saturday,,1.0,송파구,0.0,1.0,25.0,33.0,송파구,0.017,0.035,0.2,0.002,13.0,10.0
2019/07/28,Sunday,,1.0,송파구,0.0,1.0,25.0,28.0,송파구,0.012,0.025,0.2,0.002,10.0,7.0
2019/07/29,Monday,,,송파구,0.0,1.0,26.0,30.0,송파구,0.012,0.011,0.1,0.002,12.0,7.0
2019/07/30,Tuesday,,,송파구,0.0,1.0,26.0,31.0,송파구,0.009000000000000001,0.018000000000000002,0.1,0.002,13.0,8.0
2019/07/31,Wednesday,,,송파구,0.0,1.0,24.0,28.0,송파구,0.019,0.017,0.2,0.002,11.0,7.0
2019/08/01,Thursday,,,송파구,0.0,1.0,24.0,30.0,송파구,0.019,0.015,0.2,0.002,11.0,6.0
2019/08/02,Friday,,,송파구,1.0,0.0,25.0,33.0,송파구,0.024,0.021,0.2,0.002,16.0,10.0
2019/08/03,Saturday,,1.0,송파구,0.0,1.0,26.0,36.0,송파구,0.022,0.034,0.2,0.002,16.0,10.0
2019/08/04,Sunday,,1.0,송파구,0.0,1.0,25.0,34.0,송파구,0.021,0.051,0.2,0.002,23.0,15.0
2019/08/05,Monday,,,송파구,1.0,0.0,26.0,36.0,송파구,0.033,0.035,0.1,0.002,30.0,22.0
2019/08/06,Tuesday,,,송파구,1.0,0.0,28.0,37.0,송파구,0.026,0.025,0.1,0.002,23.0,15.0
2019/08/07,Wednesday,,,송파구,0.0,1.0,24.0,30.0,송파구,0.026,0.011,0.1,0.002,15.0,10.0
2019/08/08,Thursday,,,송파구,1.0,0.0,26.0,33.0,송파구,0.024,0.027000000000000003,0.1,0.003,33.0,26.0
2019/08/09,Friday,,,송파구,1.0,0.0,26.0,35.0,송파구,0.031,0.02,0.1,0.003,22.0,12.0
2019/08/10,Saturday,,1.0,송파구,1.0,0.0,27.0,37.0,송파구,0.019,0.027000000000000003,0.1,0.002,18.0,11.0
2019/08/11,Sunday,,1.0,송파구,0.0,1.0,26.0,36.0,송파구,0.008,0.026,0.1,0.002,13.0,7.0
2019/08/12,Monday,,,송파구,0.0,1.0,25.0,29.0,송파구,0.019,0.013,0.1,0.002,12.0,9.0
2019/08/13,Tuesday,,,송파구,0.0,1.0,25.0,35.0,송파구,0.021,0.024,0.2,0.003,18.0,10.0
2019/08/14,Wednesday,,,송파구,1.0,0.0,26.0,36.0,송파구,0.02,0.019,0.3,0.003,16.0,9.0
2019/08/15,Thursday,광복절,1.0,송파구,0.0,1.0,24.0,29.0,송파구,0.012,0.013,0.3,0.002,7.0,3.0
2019/08/16,Friday,,,송파구,0.0,1.0,23.0,30.0,송파구,0.016,0.026,0.4,0.003,14.0,7.0
2019/08/17,Saturday,,1.0,송파구,0.0,1.0,23.0,29.0,송파구,0.013,0.058,0.5,0.003,27.0,16.0
2019/08/18,Sunday,,1.0,송파구,1.0,0.0,23.0,31.0,송파구,0.015,0.05,0.5,0.003,23.0,14.0
2019/08/19,Monday,,,송파구,1.0,0.0,21.0,31.0,송파구,0.033,0.035,0.5,0.003,23.0,14.0
2019/08/20,Tuesday,,,송파구,1.0,0.0,23.0,33.0,송파구,0.025,0.041,0.5,0.003,25.0,16.0
2019/08/21,Wednesday,,,송파구,0.0,1.0,24.0,30.0,송파구,0.032,0.032,0.5,0.004,27.0,18.0
2019/08/22,Thursday,,,송파구,1.0,0.0,23.0,31.0,송파구,0.028,0.035,0.5,0.003,32.0,22.0
2019/08/23,Friday,,,송파구,1.0,0.0,23.0,31.0,송파구,0.024,0.04,0.6,0.003,30.0,17.0
2019/08/24,Saturday,,1.0,송파구,1.0,0.0,22.0,27.0,송파구,0.025,0.024,0.5,0.004,22.0,11.0
2019/08/25,Sunday,,1.0,송파구,1.0,0.0,20.0,30.0,송파구,0.019,0.036000000000000004,0.5,0.003,19.0,11.0
2019/08/26,Monday,,,송파구,1.0,0.0,22.0,32.0,송파구,0.027000000000000003,0.04,0.5,0.003,24.0,14.0
2019/08/27,Tuesday,,,송파구,0.0,1.0,22.0,29.0,송파구,0.03,0.037000000000000005,0.5,0.002,22.0,17.0
2019/08/28,Wednesday,,,송파구,0.0,1.0,24.0,30.0,송파구,0.026,0.038,0.5,0.003,28.0,18.0
2019/08/29,Thursday,,,송파구,0.0,1.0,20.0,26.0,송파구,0.024,0.031,0.5,0.003,24.0,15.0
2019/08/30,Friday,,,송파구,0.0,1.0,20.0,27.0,송파구,0.024,0.025,0.4,0.003,17.0,9.0
2019/08/31,Saturday,,1.0,송파구,1.0,0.0,19.0,29.0,송파구,0.024,0.032,0.4,0.003,17.0,10.0
2019/09/01,Sunday,,1.0,송파구,1.0,0.0,19.0,28.0,송파구,0.021,0.032,0.5,0.003,17.0,11.0
2019/09/02,Monday,,,송파구,1.0,0.0,19.0,30.0,송파구,0.034,0.026,0.5,0.003,24.0,13.0
2019/09/03,Tuesday,,,송파구,0.0,1.0,22.0,28.0,송파구,0.027000000000000003,0.017,0.5,0.002,19.0,10.0
2019/09/04,Wednesday,,,송파구,0.0,1.0,21.0,26.0,송파구,0.023,0.016,0.4,0.002,7.0,3.0
2019/09/05,Thursday,,,송파구,0.0,1.0,22.0,28.0,송파구,0.024,0.006999999999999999,0.4,0.002,7.0,4.0
2019/09/06,Friday,,,송파구,0.0,1.0,22.0,29.0,송파구,0.024,0.009000000000000001,0.4,0.003,13.0,5.0
2019/09/07,Saturday,,1.0,송파구,0.0,1.0,23.0,30.0,,,,,,,
2019/09/08,Sunday,,1.0,송파구,0.0,1.0,23.0,27.0,,,,,,,
2019/09/09,Monday,,,송파구,0.0,1.0,22.0,28.0,송파구,0.031,0.014,0.6,0.003,33.0,22.0
2019/09/10,Tuesday,,,송파구,0.0,1.0,22.0,27.0,송파구,0.027000000000000003,0.013,0.4,0.002,10.0,6.0
2019/09/11,Wednesday,,,송파구,0.0,1.0,20.0,29.0,송파구,0.016,0.036000000000000004,0.4,0.002,8.0,3.0
2019/09/12,Thursday,추석,1.0,송파구,0.0,1.0,19.0,23.0,송파구,0.011,0.023,0.3,0.002,11.0,6.0
2019/09/13,Friday,추석,1.0,송파구,0.0,1.0,18.0,29.0,송파구,0.013,0.028,0.3,0.002,11.0,5.0
2019/09/14,Saturday,추석,1.0,송파구,0.0,1.0,21.0,24.0,송파구,0.02,0.018000000000000002,0.4,0.002,16.0,8.0
2019/09/15,Sunday,,1.0,송파구,1.0,0.0,20.0,30.0,송파구,0.012,0.029,0.5,0.002,13.0,8.0
2019/09/16,Monday,,,송파구,1.0,0.0,21.0,31.0,송파구,0.018000000000000002,0.022,0.4,0.002,10.0,5.0
2019/09/17,Tuesday,,,송파구,1.0,0.0,18.0,29.0,송파구,0.03,0.024,0.4,0.002,23.0,8.0
2019/09/18,Wednesday,,,송파구,1.0,0.0,16.0,25.0,송파구,0.031,0.022,0.5,0.003,31.0,12.0
2019/09/19,Thursday,,,송파구,1.0,0.0,14.0,26.0,송파구,0.023,0.026,0.4,0.003,29.0,10.0
2019/09/20,Friday,,,송파구,1.0,0.0,16.0,24.0,송파구,0.024,0.014,0.4,0.002,22.0,8.0
2019/09/21,Saturday,,1.0,송파구,1.0,0.0,18.0,22.0,송파구,0.022,0.017,0.4,0.002,15.0,5.0
2019/09/22,Sunday,,1.0,송파구,0.0,1.0,17.0,20.0,송파구,0.011,0.036000000000000004,0.3,0.002,5.0,2.0
2019/09/23,Monday,,,송파구,1.0,0.0,17.0,25.0,송파구,0.015,0.032,0.3,0.002,11.0,5.0
2019/09/24,Tuesday,,,송파구,1.0,0.0,14.0,27.0,송파구,0.034,0.016,0.5,0.003,24.0,12.0
2019/09/25,Wednesday,,,송파구,1.0,0.0,15.0,27.0,송파구,0.038,0.019,0.5,0.003,28.0,15.0
2019/09/26,Thursday,,,송파구,1.0,0.0,18.0,29.0,송파구,0.036000000000000004,0.016,0.5,0.003,25.0,15.0
2019/09/27,Friday,,,송파구,1.0,0.0,20.0,27.0,송파구,0.034,0.011,0.5,0.003,23.0,11.0
2019/09/28,Saturday,,1.0,송파구,1.0,0.0,19.0,29.0,송파구,0.032,0.018000000000000002,0.5,0.003,26.0,16.0
2019/09/29,Sunday,,1.0,송파구,1.0,0.0,18.0,29.0,송파구,0.031,0.031,0.5,0.003,34.0,23.0
2019/09/30,Monday,,,송파구,1.0,0.0,16.0,30.0,송파구,0.041,0.032,0.6,0.003,46.0,33.0
2019/10/01,Tuesday,,,,,,,,송파구,0.037000000000000005,0.024,0.6,0.003,40.0,28.0
2019/10/02,Wednesday,,,,,,,,송파구,0.024,0.006,0.4,0.003,19.0,14.0
2019/10/03,Thursday,개천절,1.0,,,,,,송파구,0.015,0.018000000000000002,0.3,0.002,7.0,5.0
2019/10/04,Friday,,,,,,,,송파구,0.026,0.018000000000000002,0.4,0.003,21.0,15.0
2019/10/05,Saturday,,1.0,,,,,,송파구,0.018000000000000002,0.023,0.5,0.003,40.0,25.0
2019/10/06,Sunday,,1.0,,,,,,송파구,0.011,0.031,0.3,0.002,12.0,5.0
2019/10/07,Monday,,,,,,,,송파구,0.025,0.01,0.4,0.002,11.0,8.0
2019/10/08,Tuesday,,,,,,,,송파구,0.02,0.025,0.4,0.002,24.0,10.0
2019/10/09,Wednesday,한글날,1.0,,,,,,송파구,0.031,0.013,0.5,0.003,25.0,11.0
2019/10/10,Thursday,,,,,,,,송파구,0.039,0.006999999999999999,0.6,0.003,29.0,15.0
2019/10/11,Friday,,,,,,,,송파구,0.028,0.02,0.6,0.003,31.0,18.0
2019/10/12,Saturday,,1.0,,,,,,송파구,0.013,0.036000000000000004,0.4,0.002,25.0,11.0
2019/10/13,Sunday,,1.0,,,,,,송파구,0.015,0.029,0.3,0.002,17.0,8.0
2019/10/14,Monday,,,,,,,,송파구,0.028,0.017,0.5,0.003,30.0,15.0
2019/10/15,Tuesday,,,,,,,,송파구,0.028,0.015,0.4,0.002,21.0,8.0
2019/10/16,Wednesday,,,,,,,,송파구,0.033,0.018000000000000002,0.5,0.003,28.0,15.0
2019/10/17,Thursday,,,,,,,,송파구,0.034,0.019,0.5,0.002,31.0,17.0
2019/10/18,Friday,,,,,,,,송파구,0.028,0.017,0.4,0.002,18.0,9.0
2019/10/19,Saturday,,1.0,,,,,,송파구,0.03,0.022,0.5,0.002,22.0,11.0
2019/10/20,Sunday,,1.0,,,,,,송파구,0.031,0.022,0.5,0.003,35.0,25.0
2019/10/21,Monday,,,,,,,,송파구,0.04,0.021,0.7,0.003,36.0,22.0
2019/10/22,Tuesday,,,,,,,,송파구,0.044,0.017,0.7,0.003,35.0,21.0
2019/10/23,Wednesday,,,,,,,,송파구,0.035,0.016,0.5,0.003,25.0,14.0
2019/10/24,Thursday,,,,,,,,송파구,0.023,0.036000000000000004,0.4,0.002,27.0,17.0
2019/10/25,Friday,,,,,,,,송파구,0.029,0.025,0.4,0.002,23.0,11.0
2019/10/26,Saturday,,1.0,,,,,,송파구,0.019,0.023,0.4,0.002,24.0,13.0
2019/10/27,Sunday,,1.0,,,,,,송파구,0.026,0.022,0.5,0.003,25.0,14.0
2019/10/28,Monday,,,,,,,,송파구,0.029,0.026,0.5,0.003,29.0,18.0
2019/10/29,Tuesday,,,,,,,,송파구,0.027000000000000003,0.02,0.5,0.003,84.0,24.0
2019/10/30,Wednesday,,,,,,,,송파구,0.033,0.015,0.5,0.003,26.0,11.0
2019/10/31,Thursday,,,,,,,,송파구,0.034,0.024,0.5,0.003,64.0,23.0
